-- EXECUTE SQL: DROP DATABASE IF EXISTS ci_table_db; --
200 OK


-- EXECUTE SQL: CREATE DATABASE ci_table_db with TTL '3650d'; --
200 OK


-- EXECUTE SQL: DROP TABLE IF EXISTS inner_csv; --
200 OK


-- EXECUTE SQL: CREATE TABLE inner_csv( bigint_c BIGINT, string_c STRING, ubigint_c BIGINT UNSIGNED, boolean_c BOOLEAN, double_c DOUBLE, TAGS(tag1, tag2) ); --
200 OK


-- EXECUTE SQL: COPY INTO inner_csv FROM 'query_server/test/resource/data_type/csv/full_data_type.csv' file_format = (type = 'csv'); --
200 OK
rows
1

-- EXECUTE SQL: select * from inner_csv order by time; --
200 OK
time,tag1,tag2,bigint_c,string_c,ubigint_c,boolean_c,double_c
2022-12-22T09:26:56.000000000,tt1,tt2,-512512,hello word,512,true,1.11

-- EXECUTE SQL: CREATE TABLE inner_csv_v2( string_c STRING, bigint_c BIGINT, boolean_c BOOLEAN, ubigint_c BIGINT UNSIGNED, double_c DOUBLE, TAGS(tag1, tag2) ); --
200 OK


-- EXECUTE SQL: select * from inner_csv_v2 limit 1; --
200 OK
time,tag1,tag2,string_c,bigint_c,boolean_c,ubigint_c,double_c

-- EXECUTE SQL: COPY INTO inner_csv_v2(time, tag1, tag2, bigint_c, string_c, ubigint_c, boolean_c, double_c) FROM 'query_server/test/resource/data_type/csv/full_data_type.csv' file_format = (type = 'csv'); --
200 OK
rows
1

-- EXECUTE SQL: COPY INTO inner_csv_v2 FROM 'query_server/test/resource/data_type/csv/full_data_type.csv' file_format = (type = 'csv'); --
422 Unprocessable Entity
{"error_code":"010001","error_message":"Datafusion: External error: Arrow error: Parser error: Error while parsing value hello word for column 4 at line 1"}
-- ERROR:  --

-- EXECUTE SQL: drop table if EXISTS inner_parquet; --
200 OK


-- EXECUTE SQL: create table inner_parquet( latitude double, longitude double, elevation double, velocity double, heading double, grade double, fuel_consumption double, load_capacity double, fuel_capacity double, nominal_fuel_consumption double, tags(name, fleet, driver, model, device_version) ); --
200 OK


-- EXECUTE SQL: COPY INTO inner_parquet FROM 'query_server/test/resource/parquet/part-0.parquet' file_format = (type = 'parquet'); --
200 OK
rows
8192

-- EXECUTE SQL: select count(time) from inner_parquet; --
200 OK
COUNT(inner_parquet.time)
8192

-- EXECUTE SQL: copy into inner_parquet from 'query_server/test/resource/csv/part-0.csv' file_format = (type = 'csv'); --
200 OK
rows
10

-- EXECUTE SQL: copy into inner_parquet from 'query_server/test/resource/json/part-0.json' file_format = (type = 'json'); --
200 OK
rows
10

-- EXECUTE SQL: copy into inner_parquet from 'query_server/test/resource/parquet/part-0.parquet' file_format = (type = 'parquet'); --
200 OK
rows
8192

-- EXECUTE SQL: copy into inner_parquet from 'query_server/test/resource/json/part-0.json' file_format = (type = 'json') copy_options = (auto_infer_schema = true); --
422 Unprocessable Entity
{"error_code":"010045","error_message":"Semantic error: Insert columns and Source columns not match"}
-- ERROR:  --

-- EXECUTE SQL: copy into inner_parquet from 'query_server/test/resource/json/part-0.json' file_format = (type = 'json') copy_options = (auto_infer_schema = true); --
422 Unprocessable Entity
{"error_code":"010045","error_message":"Semantic error: Insert columns and Source columns not match"}
-- ERROR:  --

-- EXECUTE SQL: copy into inner_parquet from 'query_server/test/resource/parquet/part-0.parquet' file_format = (type = 'parquet') copy_options = (auto_infer_schema = true); --
200 OK
rows
8192
