-- EXECUTE SQL: DROP DATABASE IF EXISTS sqlancer2; --
200 OK


-- EXECUTE SQL: CREATE DATABASE sqlancer2 WITH TTL '100000d'; --
200 OK


-- WRITE LINE PROTOCOL --
m0,t0=t0 f0=false,f1=0.0 0
m1,t0=t0 f0="f0",f1=false 0
m2,t0=t0 f0=false,f1="f1" 0
m3,t0=t0,t1=t1 f0=0I,f1=false 0
m4,t0=t0,t1=t1,t2=t2 f0=0I 0
-- LINE PROTOCOL END --
200 OK


-- EXECUTE SQL: INSERT m0(TIME, f0, f1) VALUES(366012624080382889, FALSE, 0.6326195071473769), (5635692422062413216, (((CAST(0.7382978061623816 AS STRING))||(CAST(FALSE AS STRING)))) NOT IN ('9sP䋛zqeoM', 'k*G'), 0.5469987105166848), (7533102572643168002, TRUE, 0.9622249970170084); --
-- AFTER_SORT --
200 OK
rows
3

-- EXECUTE SQL: INSERT m0(TIME, f0, f1) VALUES(4283635885038645395, TRUE, 0.4131558313302025), (6292339431914973050, TRUE, 0.5540439337463335); --
-- AFTER_SORT --
200 OK
rows
2

-- EXECUTE SQL: INSERT m0(TIME, f1, t0) VALUES(1041670293467254361, 0.507623643211476, '916053861'), (3174128646074400477, 0.47166914414715877, NULL); --
-- AFTER_SORT --
200 OK
rows
2

-- EXECUTE SQL: INSERT m0(TIME, f0) VALUES(2079939785551584142, NULL), (1243152233754651379, FALSE); --
-- AFTER_SORT --
422 Unprocessable Entity
{"error_code":"020002","error_message":"Fields can't be empty"}
-- ERROR:  --

-- EXECUTE SQL: INSERT m0(TIME, f0) VALUES(631407052613557553, TRUE), (7486831592909450783, TRUE); --
-- AFTER_SORT --
200 OK
rows
2

-- EXECUTE SQL: INSERT m0(TIME, f0) VALUES(5867172425191822176, TRUE), (3986678807649375642, TRUE); --
-- AFTER_SORT --
200 OK
rows
2

-- EXECUTE SQL: INSERT m1(TIME, f1) VALUES(7488251815539246350, FALSE); --
-- AFTER_SORT --
200 OK
rows
1

-- EXECUTE SQL: INSERT m3(TIME, t0) VALUES(5414775681413349294, ''); --
-- AFTER_SORT --
422 Unprocessable Entity
{"error_code":"020002","error_message":"Fields can't be empty"}
-- ERROR:  --

-- EXECUTE SQL: SELECT * FROM m1 ORDER BY m1.t0 ASC; --
-- AFTER_SORT --
200 OK
time,t0,f0,f1
1970-01-01T00:00:00.000000000,t0,f0,false
2207-04-18T13:56:55.539246350,,,false

-- EXECUTE SQL: SELECT * FROM m1 WHERE ((NOT (((m1.f1)>=(m1.f1)))) BETWEEN SYMMETRIC (((m1.f1) BETWEEN SYMMETRIC (m1.f1) AND (m1.f1)) IS UNKNOWN) AND ((CAST(-1148203774 AS BOOLEAN)) IS TRUE)) IS TRUE UNION ALL SELECT ALL * FROM m1 WHERE NOT (((NOT (((m1.f1)>=(m1.f1)))) BETWEEN SYMMETRIC (((m1.f1) BETWEEN SYMMETRIC (m1.f1) AND (m1.f1)) IS UNKNOWN) AND ((CAST(-1148203774 AS BOOLEAN)) IS TRUE)) IS TRUE) UNION ALL SELECT * FROM m1 WHERE (((NOT (((m1.f1)>=(m1.f1)))) BETWEEN SYMMETRIC (((m1.f1) BETWEEN SYMMETRIC (m1.f1) AND (m1.f1)) IS UNKNOWN) AND ((CAST(-1148203774 AS BOOLEAN)) IS TRUE)) IS TRUE) IS NULL; --
-- AFTER_SORT --
422 Unprocessable Entity
{"error_code":"010001","error_message":"Datafusion: Error during planning: Invalid function 'symmetric'"}
-- ERROR:  --

-- EXECUTE SQL: SELECT ALL m1.f1, m1.f0, m1.t0 FROM m1; --
-- AFTER_SORT --
200 OK
f1,f0,t0
false,,
false,f0,t0

-- EXECUTE SQL: SELECT m1.f1, m1.f0, m1.t0 FROM m1 WHERE ((CAST(CAST(CAST(m1.f1 AS STRING) AS BIGINT) AS STRING))LIKE(((CAST(CAST(m1.f1 AS BOOLEAN) AS STRING))||(m1.t0)))) UNION ALL SELECT m1.f1, m1.f0, m1.t0 FROM m1 WHERE NOT (((CAST(CAST(CAST(m1.f1 AS STRING) AS BIGINT) AS STRING))LIKE(((CAST(CAST(m1.f1 AS BOOLEAN) AS STRING))||(m1.t0))))) UNION ALL SELECT m1.f1, m1.f0, m1.t0 FROM m1 WHERE (((CAST(CAST(CAST(m1.f1 AS STRING) AS BIGINT) AS STRING))LIKE(((CAST(CAST(m1.f1 AS BOOLEAN) AS STRING))||(m1.t0))))) IS NULL; --
-- AFTER_SORT --
200 OK
f1,f0,t0
false,,
false,f0,t0

-- EXECUTE SQL: SELECT ALL m3.f0, m3.t0, m3.t1 FROM m3; --
-- AFTER_SORT --
200 OK
f0,t0,t1
0,t0,t1

-- EXECUTE SQL: SELECT SUM(- (CAST(((((m1.t0)||(1765622571)))>=(((m1.f0)||(-1441159514)))) AS BIGINT))) FROM m1; --
-- AFTER_SORT --
200 OK
SUM((- m1.t0 || Int64(1765622571) >= m1.f0 || Int64(-1441159514)))
-1

-- EXECUTE SQL: SELECT MAX(m4.f0) FROM m4; --
-- AFTER_SORT --
200 OK
MAX(m4.f0)
0

-- EXECUTE SQL: SELECT m4.t2, m4.t0 FROM m4 WHERE FALSE; --
-- AFTER_SORT --
200 OK


-- EXECUTE SQL: SELECT ALL m4.t2, m4.t0 FROM m4 WHERE (FALSE) IS NULL; --
-- AFTER_SORT --
200 OK


-- EXECUTE SQL: SELECT m0.t0 FROM m0 WHERE NOT (((NOT (m0.f0)) IS UNKNOWN) BETWEEN SYMMETRIC (CAST((m0.f0) IS UNKNOWN AS BOOLEAN)) AND (CAST(CAST(415483039 AS BIGINT) AS BOOLEAN))) UNION ALL SELECT m0.t0 FROM m0 WHERE NOT (NOT (((NOT (m0.f0)) IS UNKNOWN) BETWEEN SYMMETRIC (CAST((m0.f0) IS UNKNOWN AS BOOLEAN)) AND (CAST(CAST(415483039 AS BIGINT) AS BOOLEAN)))) UNION ALL SELECT m0.t0 FROM m0 WHERE (NOT (((NOT (m0.f0)) IS UNKNOWN) BETWEEN SYMMETRIC (CAST((m0.f0) IS UNKNOWN AS BOOLEAN)) AND (CAST(CAST(415483039 AS BIGINT) AS BOOLEAN)))) IS NULL; --
-- AFTER_SORT --
422 Unprocessable Entity
{"error_code":"010001","error_message":"Datafusion: Error during planning: Invalid function 'symmetric'"}
-- ERROR:  --

-- EXECUTE SQL: SELECT BIT_AND(- (+ (CAST(m3.t0 AS BIGINT)))) FROM m3 ORDER BY m3.f0 DESC, m3.t0 ASC; --
-- AFTER_SORT --
422 Unprocessable Entity
{"error_code":"010001","error_message":"Datafusion: Error during planning: Invalid function 'bit_and'"}
-- ERROR:  --

-- EXECUTE SQL: SELECT ALL m4.f0, m4.t1, m4.t2 FROM m4; --
-- AFTER_SORT --
200 OK
f0,t1,t2
0,t1,t2

-- EXECUTE SQL: SELECT m4.f0, m4.t1, m4.t2 FROM m4 WHERE NOT (NOT (NOT (((FALSE)AND(FALSE))))); --
-- AFTER_SORT --
200 OK
f0,t1,t2
0,t1,t2

-- EXECUTE SQL: SELECT m4.f0, m4.t1, m4.t2 FROM m4 WHERE NOT (NOT (NOT (NOT (((FALSE)AND(FALSE)))))); --
-- AFTER_SORT --
200 OK


-- EXECUTE SQL: SELECT m4.f0, m4.t1, m4.t2 FROM m4 WHERE (NOT (NOT (NOT (((FALSE)AND(FALSE)))))) IS NULL; --
-- AFTER_SORT --
200 OK


-- EXECUTE SQL: SELECT m0.f0, m0.t0, m0.f1 FROM m0; --
-- AFTER_SORT --
200 OK
f0,t0,f1
,,0.47166914414715877
,916053861,0.507623643211476
false,,
false,,0.6326195071473769
false,t0,0.0
true,,
true,,
true,,
true,,
true,,0.4131558313302025
true,,0.5469987105166848
true,,0.5540439337463335
true,,0.9622249970170084

-- EXECUTE SQL: SELECT BOOL_OR((((((((m3.t1)||(m3.f0)))||(CAST(0.033755319906666026 AS BOOLEAN))))LIKE(CAST(CAST(m3.f1 AS BIGINT) AS STRING)))) IS FALSE) FROM m3; --
-- AFTER_SORT --
422 Unprocessable Entity
{"error_code":"010001","error_message":"Datafusion: Error during planning: Invalid function 'bool_or'"}
-- ERROR:  --

-- EXECUTE SQL: SELECT ALL m3.f1 FROM m3; --
-- AFTER_SORT --
200 OK
f1
false

-- EXECUTE SQL: SELECT m3.f1 FROM m3 WHERE (-2.83773192E8) NOT IN (0.020683454803656076, 0.11688246493551957) UNION ALL SELECT m3.f1 FROM m3 WHERE NOT ((-2.83773192E8) NOT IN (0.020683454803656076, 0.11688246493551957)) UNION ALL SELECT ALL m3.f1 FROM m3 WHERE ((-2.83773192E8) NOT IN (0.020683454803656076, 0.11688246493551957)) IS NULL; --
-- AFTER_SORT --
200 OK
f1
false

-- EXECUTE SQL: SELECT BIT_AND(-1155506580) FROM m2; --
-- AFTER_SORT --
422 Unprocessable Entity
{"error_code":"010001","error_message":"Datafusion: Error during planning: Invalid function 'bit_and'"}
-- ERROR:  --

-- EXECUTE SQL: SELECT BIT_AND(agg0) FROM (SELECT BIT_AND(-1155506580)  as agg0 FROM m2 WHERE ((((CAST(((m2.f1)LIKE(m2.f1)) AS STRING))LIKE(m2.t0)))<(CAST(CAST(((1367699265)+(-217143237)) AS BIGINT) AS BOOLEAN))) UNION ALL SELECT ALL BIT_AND(-1155506580)  as agg0 FROM m2 WHERE NOT (((((CAST(((m2.f1)LIKE(m2.f1)) AS STRING))LIKE(m2.t0)))<(CAST(CAST(((1367699265)+(-217143237)) AS BIGINT) AS BOOLEAN)))) UNION ALL SELECT BIT_AND(-1155506580)  as agg0 FROM m2 WHERE (((((CAST(((m2.f1)LIKE(m2.f1)) AS STRING))LIKE(m2.t0)))<(CAST(CAST(((1367699265)+(-217143237)) AS BIGINT) AS BOOLEAN)))) IS NULL) as asdf; --
-- AFTER_SORT --
422 Unprocessable Entity
{"error_code":"010001","error_message":"Datafusion: Error during planning: Invalid function 'bit_and'"}
-- ERROR:  --

-- EXECUTE SQL: SELECT * FROM m4 ORDER BY m4.t0 DESC; --
-- AFTER_SORT --
200 OK
time,t0,t1,t2,f0
1970-01-01T00:00:00.000000000,t0,t1,t2,0

-- EXECUTE SQL: SELECT * FROM m4 WHERE (CAST(CAST(CAST(m4.f0 AS BOOLEAN) AS BOOLEAN) AS STRING)) NOTNULL; --
-- AFTER_SORT --
422 Unprocessable Entity
{"error_code":"010009","error_message":"sql parser error: Expected end of statement, found: NOTNULL"}
-- ERROR:  --

-- EXECUTE SQL: SELECT m0.f1, m0.f0, m0.t0 FROM m0; --
-- AFTER_SORT --
200 OK
f1,f0,t0
,false,
,true,
,true,
,true,
,true,
0.0,false,t0
0.4131558313302025,true,
0.47166914414715877,,
0.507623643211476,,916053861
0.5469987105166848,true,
0.5540439337463335,true,
0.6326195071473769,false,
0.9622249970170084,true,

-- EXECUTE SQL: SELECT ALL m0.f1, m0.f0, m0.t0 FROM m0 WHERE NOT ((((m0.t0)||(543481048))) NOT IN ('%', '-1e500')) UNION ALL SELECT ALL m0.f1, m0.f0, m0.t0 FROM m0 WHERE NOT (NOT ((((m0.t0)||(543481048))) NOT IN ('%', '-1e500'))) UNION ALL SELECT m0.f1, m0.f0, m0.t0 FROM m0 WHERE (NOT ((((m0.t0)||(543481048))) NOT IN ('%', '-1e500'))) IS NULL; --
-- AFTER_SORT --
200 OK
f1,f0,t0
,false,
,true,
,true,
,true,
,true,
0.0,false,t0
0.4131558313302025,true,
0.47166914414715877,,
0.507623643211476,,916053861
0.5469987105166848,true,
0.5540439337463335,true,
0.6326195071473769,false,
0.9622249970170084,true,

-- EXECUTE SQL: SELECT ALL m4.t2, m4.f0, m4.t1 FROM m4; --
-- AFTER_SORT --
200 OK
t2,f0,t1
t2,0,t1

-- EXECUTE SQL: SELECT ALL m4.t2, m4.f0, m4.t1 FROM m4 WHERE CAST(((m4.t1)||(+ (((m4.f0)/(m4.f0))))) AS BOOLEAN) UNION ALL SELECT ALL m4.t2, m4.f0, m4.t1 FROM m4 WHERE NOT (CAST(((m4.t1)||(+ (((m4.f0)/(m4.f0))))) AS BOOLEAN)) UNION ALL SELECT m4.t2, m4.f0, m4.t1 FROM m4 WHERE (CAST(((m4.t1)||(+ (((m4.f0)/(m4.f0))))) AS BOOLEAN)) IS NULL; --
-- AFTER_SORT --
200 OK
t2,f0,t1
t2,0,t1

-- EXECUTE SQL: SELECT ALL BIT_AND(CAST(NOT (CAST(CAST(-436419271 AS BIGINT) AS BOOLEAN)) AS BIGINT)) FROM m1; --
-- AFTER_SORT --
422 Unprocessable Entity
{"error_code":"010001","error_message":"Datafusion: Error during planning: Invalid function 'bit_and'"}
-- ERROR:  --

-- EXECUTE SQL: SELECT ALL * FROM m0; --
-- AFTER_SORT --
200 OK
time,t0,f0,f1
1970-01-01T00:00:00.000000000,t0,false,0.0
1981-08-07T06:10:24.080382889,,false,0.6326195071473769
1990-01-03T22:50:52.613557553,,true,
2003-01-04T08:51:33.467254361,916053861,,0.507623643211476
2009-05-24T08:03:53.754651379,,false,
2070-08-01T14:24:06.074400477,,,0.47166914414715877
2096-05-01T02:46:47.649375642,,true,
2105-09-29T02:51:25.038645395,,true,0.4131558313302025
2148-08-02T22:07:02.062413216,,true,0.5469987105166848
2155-12-04T02:07:05.191822176,,true,
2169-05-25T00:03:51.914973050,,true,0.5540439337463335
2207-04-02T03:26:32.909450783,,true,
2208-09-18T16:29:32.643168002,,true,0.9622249970170084

-- EXECUTE SQL: SELECT ALL * FROM m0 WHERE ((0.2700918132109975) IN (0.9097818468489035, 0.3427383563915254, 0.6717903709667695)) IS NOT UNKNOWN UNION ALL SELECT * FROM m0 WHERE NOT (((0.2700918132109975) IN (0.9097818468489035, 0.3427383563915254, 0.6717903709667695)) IS NOT UNKNOWN) UNION ALL SELECT * FROM m0 WHERE (((0.2700918132109975) IN (0.9097818468489035, 0.3427383563915254, 0.6717903709667695)) IS NOT UNKNOWN) IS NULL; --
-- AFTER_SORT --
200 OK
time,t0,f0,f1
1970-01-01T00:00:00.000000000,t0,false,0.0
1981-08-07T06:10:24.080382889,,false,0.6326195071473769
1990-01-03T22:50:52.613557553,,true,
2003-01-04T08:51:33.467254361,916053861,,0.507623643211476
2009-05-24T08:03:53.754651379,,false,
2070-08-01T14:24:06.074400477,,,0.47166914414715877
2096-05-01T02:46:47.649375642,,true,
2105-09-29T02:51:25.038645395,,true,0.4131558313302025
2148-08-02T22:07:02.062413216,,true,0.5469987105166848
2155-12-04T02:07:05.191822176,,true,
2169-05-25T00:03:51.914973050,,true,0.5540439337463335
2207-04-02T03:26:32.909450783,,true,
2208-09-18T16:29:32.643168002,,true,0.9622249970170084

-- EXECUTE SQL: SELECT ALL m3.f0, m3.t0 FROM m3; --
-- AFTER_SORT --
200 OK
f0,t0
0,t0

-- EXECUTE SQL: SELECT m3.f0, m3.t0 FROM m3 WHERE (0.8277935065853288) IN (0.949312477650495, 0.9229007609120338); --
-- AFTER_SORT --
200 OK


-- EXECUTE SQL: SELECT ALL m3.f0, m3.t0 FROM m3 WHERE NOT ((0.8277935065853288) IN (0.949312477650495, 0.9229007609120338)); --
-- AFTER_SORT --
200 OK
f0,t0
0,t0

-- EXECUTE SQL: SELECT ALL m3.f0, m3.t0 FROM m3 WHERE ((0.8277935065853288) IN (0.949312477650495, 0.9229007609120338)) IS NULL; --
-- AFTER_SORT --
200 OK


-- EXECUTE SQL: SELECT m3.t1 FROM m3 WHERE (((((m3.t1)||(m3.f0)))||(((m3.t0)||(m3.f1))))) NOT IN ('t6i4<y}et') UNION ALL SELECT m3.t1 FROM m3 WHERE NOT ((((((m3.t1)||(m3.f0)))||(((m3.t0)||(m3.f1))))) NOT IN ('t6i4<y}et')) UNION ALL SELECT ALL m3.t1 FROM m3 WHERE ((((((m3.t1)||(m3.f0)))||(((m3.t0)||(m3.f1))))) NOT IN ('t6i4<y}et')) IS NULL; --
-- AFTER_SORT --
200 OK
t1
t1

-- EXECUTE SQL: SELECT ALL m0.f1, m0.f0, m0.t0 FROM m0; --
-- AFTER_SORT --
200 OK
f1,f0,t0
,false,
,true,
,true,
,true,
,true,
0.0,false,t0
0.4131558313302025,true,
0.47166914414715877,,
0.507623643211476,,916053861
0.5469987105166848,true,
0.5540439337463335,true,
0.6326195071473769,false,
0.9622249970170084,true,

-- EXECUTE SQL: SELECT m0.f1, m0.f0, m0.t0 FROM m0 WHERE m0.f0; --
-- AFTER_SORT --
200 OK
f1,f0,t0
,true,
,true,
,true,
,true,
0.4131558313302025,true,
0.5469987105166848,true,
0.5540439337463335,true,
0.9622249970170084,true,

-- EXECUTE SQL: SELECT ALL m0.f1, m0.f0, m0.t0 FROM m0 WHERE NOT (m0.f0); --
-- AFTER_SORT --
200 OK
f1,f0,t0
,false,
0.0,false,t0
0.6326195071473769,false,

-- EXECUTE SQL: SELECT m0.f1, m0.f0, m0.t0 FROM m0 WHERE (m0.f0) IS NULL; --
-- AFTER_SORT --
200 OK
f1,f0,t0
0.47166914414715877,,
0.507623643211476,,916053861

-- EXECUTE SQL: SELECT ALL m1.t0, m1.f0 FROM m1; --
-- AFTER_SORT --
200 OK
t0,f0
t0,f0

-- EXECUTE SQL: SELECT m1.t0, m1.f0 FROM m1 WHERE ((((m1.f1)OR((NOT (CAST('-1326988525' AS BOOLEAN))) IS NOT UNKNOWN)))OR(NOT (((CAST(-1893650081 AS STRING))LIKE(((m1.f0)||(-397861691))))))) UNION ALL SELECT m1.t0, m1.f0 FROM m1 WHERE NOT (((((m1.f1)OR((NOT (CAST('-1326988525' AS BOOLEAN))) IS NOT UNKNOWN)))OR(NOT (((CAST(-1893650081 AS STRING))LIKE(((m1.f0)||(-397861691)))))))) UNION ALL SELECT m1.t0, m1.f0 FROM m1 WHERE (((((m1.f1)OR((NOT (CAST('-1326988525' AS BOOLEAN))) IS NOT UNKNOWN)))OR(NOT (((CAST(-1893650081 AS STRING))LIKE(((m1.f0)||(-397861691)))))))) IS NULL; --
-- AFTER_SORT --
422 Unprocessable Entity
{"error_code":"010001","error_message":"Datafusion: simplify_expressions\ncaused by\nInternal error: Optimizer rule 'simplify_expressions' failed due to unexpected error: Arrow error: Cast error: Cannot cast value '-1326988525' to value of Boolean type. This was likely caused by a bug in DataFusion's code and we would welcome that you file an bug report in our issue tracker"}
-- ERROR:  --

-- EXECUTE SQL: SELECT ALL m0.f1 FROM m0; --
-- AFTER_SORT --
200 OK
f1
0.0
0.4131558313302025
0.47166914414715877
0.507623643211476
0.5469987105166848
0.5540439337463335
0.6326195071473769
0.9622249970170084

-- EXECUTE SQL: SELECT m0.f1 FROM m0 WHERE CAST(CAST(0.8194569637054474 AS STRING) AS BOOLEAN); --
-- AFTER_SORT --
422 Unprocessable Entity
{"error_code":"010001","error_message":"Datafusion: simplify_expressions\ncaused by\nInternal error: Optimizer rule 'simplify_expressions' failed due to unexpected error: Arrow error: Cast error: Cannot cast value '0.8194569637054474' to value of Boolean type. This was likely caused by a bug in DataFusion's code and we would welcome that you file an bug report in our issue tracker"}
-- ERROR:  --

-- EXECUTE SQL: SELECT BIT_OR(- (-1205285987)) FROM m2; --
-- AFTER_SORT --
422 Unprocessable Entity
{"error_code":"010001","error_message":"Datafusion: Error during planning: Invalid function 'bit_or'"}
-- ERROR:  --

-- EXECUTE SQL: SELECT m4.f0 FROM m4; --
-- AFTER_SORT --
200 OK
f0
0

-- EXECUTE SQL: SELECT m4.f0 FROM m4 WHERE (TRUE) IN (FALSE, FALSE) UNION ALL SELECT m4.f0 FROM m4 WHERE NOT ((TRUE) IN (FALSE, FALSE)) UNION ALL SELECT m4.f0 FROM m4 WHERE ((TRUE) IN (FALSE, FALSE)) IS NULL; --
-- AFTER_SORT --
200 OK
f0
0

-- EXECUTE SQL: SELECT m1.f0, m1.f1, m1.t0 FROM m1; --
-- AFTER_SORT --
200 OK
f0,f1,t0
,false,
f0,false,t0

-- EXECUTE SQL: SELECT ALL m1.f0, m1.f1, m1.t0 FROM m1 WHERE (0.041028616885448455) NOT IN (0.9515623909882639, 0.7342415563698188); --
-- AFTER_SORT --
200 OK
f0,f1,t0
,false,
f0,false,t0

-- EXECUTE SQL: SELECT ALL m1.f0, m1.f1, m1.t0 FROM m1 WHERE NOT ((0.041028616885448455) NOT IN (0.9515623909882639, 0.7342415563698188)); --
-- AFTER_SORT --
200 OK


-- EXECUTE SQL: SELECT m1.f0, m1.f1, m1.t0 FROM m1 WHERE ((0.041028616885448455) NOT IN (0.9515623909882639, 0.7342415563698188)) IS NULL; --
-- AFTER_SORT --
200 OK


-- EXECUTE SQL: SELECT m2.f1 FROM m2; --
-- AFTER_SORT --
200 OK
f1
f1

-- EXECUTE SQL: SELECT m2.f1 FROM m2 WHERE NOT (m2.f0) UNION ALL SELECT m2.f1 FROM m2 WHERE NOT (NOT (m2.f0)) UNION ALL SELECT ALL m2.f1 FROM m2 WHERE (NOT (m2.f0)) IS NULL; --
-- AFTER_SORT --
200 OK
f1
f1

-- EXECUTE SQL: SELECT ALL m4.t2, m4.t0 FROM m4 WHERE (((((m4.t1)||(FALSE)))||(CAST(m4.f0 AS BIGINT)))) IN ('5-5ylbN2f', '*''{lcA', ''); --
-- AFTER_SORT --
200 OK


-- EXECUTE SQL: SELECT ALL m4.t2, m4.t0 FROM m4 WHERE NOT ((((((m4.t1)||(FALSE)))||(CAST(m4.f0 AS BIGINT)))) IN ('5-5ylbN2f', '*''{lcA', '')); --
-- AFTER_SORT --
200 OK
t2,t0
t2,t0

-- EXECUTE SQL: SELECT ALL m4.t2, m4.t0 FROM m4 WHERE ((((((m4.t1)||(FALSE)))||(CAST(m4.f0 AS BIGINT)))) IN ('5-5ylbN2f', '*''{lcA', '')) IS NULL; --
-- AFTER_SORT --
200 OK


-- EXECUTE SQL: SELECT m0.f0, m0.f1 FROM m0; --
-- AFTER_SORT --
200 OK
f0,f1
,0.47166914414715877
,0.507623643211476
false,
false,0.0
false,0.6326195071473769
true,
true,
true,
true,
true,0.4131558313302025
true,0.5469987105166848
true,0.5540439337463335
true,0.9622249970170084

-- EXECUTE SQL: SELECT ALL m0.f0, m0.f1 FROM m0 WHERE ((- (1228373802)) BETWEEN (((-305731479)+(710642532))) AND (0.8311794469353642)) IN (FALSE) UNION ALL SELECT ALL m0.f0, m0.f1 FROM m0 WHERE NOT (((- (1228373802)) BETWEEN (((-305731479)+(710642532))) AND (0.8311794469353642)) IN (FALSE)) UNION ALL SELECT m0.f0, m0.f1 FROM m0 WHERE (((- (1228373802)) BETWEEN (((-305731479)+(710642532))) AND (0.8311794469353642)) IN (FALSE)) IS NULL; --
-- AFTER_SORT --
200 OK
f0,f1
,0.47166914414715877
,0.507623643211476
false,
false,0.0
false,0.6326195071473769
true,
true,
true,
true,
true,0.4131558313302025
true,0.5469987105166848
true,0.5540439337463335
true,0.9622249970170084

-- EXECUTE SQL: SELECT ALL m2.f0 FROM m2; --
-- AFTER_SORT --
200 OK
f0
false

-- EXECUTE SQL: SELECT ALL m2.f0 FROM m2 WHERE NOT (CAST(CAST(CAST(-488758559 AS STRING) AS BIGINT) AS BOOLEAN)) UNION ALL SELECT ALL m2.f0 FROM m2 WHERE NOT (NOT (CAST(CAST(CAST(-488758559 AS STRING) AS BIGINT) AS BOOLEAN))) UNION ALL SELECT ALL m2.f0 FROM m2 WHERE (NOT (CAST(CAST(CAST(-488758559 AS STRING) AS BIGINT) AS BOOLEAN))) IS NULL; --
-- AFTER_SORT --
200 OK
f0
false

-- EXECUTE SQL: SELECT * FROM m4; --
-- AFTER_SORT --
200 OK
time,t0,t1,t2,f0
1970-01-01T00:00:00.000000000,t0,t1,t2,0

-- EXECUTE SQL: SELECT * FROM m4 WHERE (0.5753811395614317) NOT IN (0.8417561043814955) UNION ALL SELECT * FROM m4 WHERE NOT ((0.5753811395614317) NOT IN (0.8417561043814955)) UNION ALL SELECT ALL * FROM m4 WHERE ((0.5753811395614317) NOT IN (0.8417561043814955)) IS NULL; --
-- AFTER_SORT --
200 OK
time,t0,t1,t2,f0
1970-01-01T00:00:00.000000000,t0,t1,t2,0

-- EXECUTE SQL: SELECT ALL m4.t0, m4.t1 FROM m4 WHERE NOT ((((TRUE) IN (FALSE, TRUE, FALSE)) IS FALSE) IS FALSE); --
-- AFTER_SORT --
200 OK


-- EXECUTE SQL: SELECT m4.t0, m4.t1 FROM m4 WHERE ((((TRUE) IN (FALSE, TRUE, FALSE)) IS FALSE) IS FALSE) IS NULL; --
-- AFTER_SORT --
200 OK


-- EXECUTE SQL: SELECT m4.f0 FROM m4; --
-- AFTER_SORT --
200 OK
f0
0

-- EXECUTE SQL: SELECT ALL m4.f0 FROM m4 WHERE (- (CAST(m4.t1 AS BIGINT))) NOT IN (779308539, -1573694652) UNION ALL SELECT m4.f0 FROM m4 WHERE NOT ((- (CAST(m4.t1 AS BIGINT))) NOT IN (779308539, -1573694652)) UNION ALL SELECT ALL m4.f0 FROM m4 WHERE ((- (CAST(m4.t1 AS BIGINT))) NOT IN (779308539, -1573694652)) IS NULL; --
-- AFTER_SORT --
422 Unprocessable Entity
{"error_code":"010002","error_message":"Arrow: Cast error: Cannot cast string 't1' to value of Int64 type"}
-- ERROR:  --

-- EXECUTE SQL: SELECT ALL m0.f0 FROM m0; --
-- AFTER_SORT --
200 OK
f0
false
false
false
true
true
true
true
true
true
true
true

-- EXECUTE SQL: SELECT ALL m0.f0 FROM m0 WHERE (- (+ (1193539338))) IN (1001857658); --
-- AFTER_SORT --
200 OK


-- EXECUTE SQL: SELECT ALL m0.f0 FROM m0 WHERE NOT ((- (+ (1193539338))) IN (1001857658)); --
-- AFTER_SORT --
200 OK
f0
false
false
false
true
true
true
true
true
true
true
true

-- EXECUTE SQL: SELECT m0.f0 FROM m0 WHERE ((- (+ (1193539338))) IN (1001857658)) IS NULL; --
-- AFTER_SORT --
200 OK


-- EXECUTE SQL: SELECT m4.f0, m4.t1 FROM m4; --
-- AFTER_SORT --
200 OK
f0,t1
0,t1

-- EXECUTE SQL: SELECT m4.f0, m4.t1 FROM m4 WHERE CAST(CAST(CAST(CAST(m4.f0 AS STRING) AS BOOLEAN) AS BOOLEAN) AS BOOLEAN) UNION ALL SELECT m4.f0, m4.t1 FROM m4 WHERE NOT (CAST(CAST(CAST(CAST(m4.f0 AS STRING) AS BOOLEAN) AS BOOLEAN) AS BOOLEAN)) UNION ALL SELECT m4.f0, m4.t1 FROM m4 WHERE (CAST(CAST(CAST(CAST(m4.f0 AS STRING) AS BOOLEAN) AS BOOLEAN) AS BOOLEAN)) IS NULL; --
-- AFTER_SORT --
200 OK
f0,t1
0,t1

-- EXECUTE SQL: SELECT m2.t0, m2.f1, m2.f0 FROM m2; --
-- AFTER_SORT --
200 OK
t0,f1,f0
t0,f1,false

-- EXECUTE SQL: SELECT m2.t0, m2.f1, m2.f0 FROM m2 WHERE (((CAST(1734693100 AS STRING))||(CAST(808995049 AS BIGINT)))) NOT IN ('L*Fe+)', 'D]Tm'); --
-- AFTER_SORT --
200 OK
t0,f1,f0
t0,f1,false

-- EXECUTE SQL: SELECT m0.t0, m0.f1, m0.f0 FROM m0; --
-- AFTER_SORT --
200 OK
t0,f1,f0
,,false
,,true
,,true
,,true
,,true
,0.4131558313302025,true
,0.47166914414715877,
,0.5469987105166848,true
,0.5540439337463335,true
,0.6326195071473769,false
,0.9622249970170084,true
916053861,0.507623643211476,
t0,0.0,false

-- EXECUTE SQL: SELECT ALL m0.t0, m0.f1, m0.f0 FROM m0 WHERE (((((CAST(m0.f0 AS STRING))LIKE(CAST(m0.f0 AS STRING)))) NOTNULL)AND(m0.f0)) UNION ALL SELECT m0.t0, m0.f1, m0.f0 FROM m0 WHERE NOT ((((((CAST(m0.f0 AS STRING))LIKE(CAST(m0.f0 AS STRING)))) NOTNULL)AND(m0.f0))) UNION ALL SELECT ALL m0.t0, m0.f1, m0.f0 FROM m0 WHERE ((((((CAST(m0.f0 AS STRING))LIKE(CAST(m0.f0 AS STRING)))) NOTNULL)AND(m0.f0))) IS NULL; --
-- AFTER_SORT --
422 Unprocessable Entity
{"error_code":"010009","error_message":"sql parser error: Expected ), found: NOTNULL"}
-- ERROR:  --

-- EXECUTE SQL: SELECT m3.f1, m3.t0 FROM m3; --
-- AFTER_SORT --
200 OK
f1,t0
false,t0

-- EXECUTE SQL: SELECT ALL m3.f1, m3.t0 FROM m3 WHERE (m3.t0) BETWEEN SYMMETRIC (((((CAST(m3.t0 AS STRING))||(CAST(m3.f0 AS STRING))))||(((m3.f0)^(((-1761997143)^(m3.f0))))))) AND (m3.t1); --
-- AFTER_SORT --
422 Unprocessable Entity
{"error_code":"010001","error_message":"Datafusion: Error during planning: Invalid function 'symmetric'"}
-- ERROR:  --

-- EXECUTE SQL: SELECT ALL MAX(0.6592404280882139) FROM m3; --
-- AFTER_SORT --
200 OK
MAX(Float64(0.6592404280882139))
0.6592404280882139

-- EXECUTE SQL: SELECT ALL m2.t0, m2.f0 FROM m2; --
-- AFTER_SORT --
200 OK
t0,f0
t0,false

-- EXECUTE SQL: SELECT ALL m2.t0, m2.f0 FROM m2 WHERE CAST(CAST((m2.f0) IN (FALSE, TRUE) AS BIGINT) AS BOOLEAN); --
-- AFTER_SORT --
200 OK
t0,f0
t0,false

-- EXECUTE SQL: SELECT ALL m0.t0, m0.f0, m0.f1 FROM m0; --
-- AFTER_SORT --
200 OK
t0,f0,f1
,,0.47166914414715877
,false,
,false,0.6326195071473769
,true,
,true,
,true,
,true,
,true,0.4131558313302025
,true,0.5469987105166848
,true,0.5540439337463335
,true,0.9622249970170084
916053861,,0.507623643211476
t0,false,0.0

-- EXECUTE SQL: SELECT ALL m0.t0, m0.f0, m0.f1 FROM m0 WHERE (0.4038471619671604) NOT IN (0.3054174880737277, 0.3892425631248022); --
-- AFTER_SORT --
200 OK
t0,f0,f1
,,0.47166914414715877
,false,
,false,0.6326195071473769
,true,
,true,
,true,
,true,
,true,0.4131558313302025
,true,0.5469987105166848
,true,0.5540439337463335
,true,0.9622249970170084
916053861,,0.507623643211476
t0,false,0.0

-- EXECUTE SQL: SELECT ALL m0.t0, m0.f0, m0.f1 FROM m0 WHERE NOT ((0.4038471619671604) NOT IN (0.3054174880737277, 0.3892425631248022)); --
-- AFTER_SORT --
200 OK


-- EXECUTE SQL: SELECT ALL m0.t0, m0.f0, m0.f1 FROM m0 WHERE ((0.4038471619671604) NOT IN (0.3054174880737277, 0.3892425631248022)) IS NULL; --
-- AFTER_SORT --
200 OK


-- EXECUTE SQL: SELECT m3.t0, m3.t1, m3.f1, m3.f0 FROM m3; --
-- AFTER_SORT --
200 OK
t0,t1,f1,f0
t0,t1,false,0

-- EXECUTE SQL: (SELECT m3.t0, m3.t1, m3.f1, m3.f0 FROM m3 WHERE ((((((((m3.t0)||(m3.f1)))||(NOT (FALSE))))||(NOT (CAST(m3.t0 AS BOOLEAN)))))>(CAST(CAST(- (m3.f0) AS BOOLEAN) AS STRING))) ORDER BY m3.time) UNION ALL (SELECT m3.t0, m3.t1, m3.f1, m3.f0 FROM m3 WHERE NOT (((((((((m3.t0)||(m3.f1)))||(NOT (FALSE))))||(NOT (CAST(m3.t0 AS BOOLEAN)))))>(CAST(CAST(- (m3.f0) AS BOOLEAN) AS STRING)))) ORDER BY m3.time) UNION ALL (SELECT m3.t0, m3.t1, m3.f1, m3.f0 FROM m3 WHERE (((((((((m3.t0)||(m3.f1)))||(NOT (FALSE))))||(NOT (CAST(m3.t0 AS BOOLEAN)))))>(CAST(CAST(- (m3.f0) AS BOOLEAN) AS STRING)))) IS NULL ORDER BY m3.time); --
422 Unprocessable Entity
{"error_code":"010002","error_message":"Arrow: Cast error: Cannot cast value 't0' to value of Boolean type"}
-- ERROR:  --

-- EXECUTE SQL: SELECT ALL m4.t0, m4.f0, m4.t1 FROM m4; --
-- AFTER_SORT --
200 OK
t0,f0,t1
t0,0,t1

-- EXECUTE SQL: SELECT m4.t0, m4.f0, m4.t1 FROM m4 WHERE CAST((((((((((0.9584559080711685) NOT IN (0.733569031597476, 0.7960654456099594))AND((m4.t0) BETWEEN SYMMETRIC (m4.t1) AND (m4.t1))))AND(CAST(962753936 AS BOOLEAN))))AND(NOT ((m4.t2) BETWEEN (m4.t2) AND (m4.t0)))))AND((CAST(FALSE AS BOOLEAN)) IS NOT UNKNOWN)) AS BOOLEAN); --
-- AFTER_SORT --
422 Unprocessable Entity
{"error_code":"010001","error_message":"Datafusion: Error during planning: Invalid function 'symmetric'"}
-- ERROR:  --

-- EXECUTE SQL: SELECT ALL m4.t0, m4.f0, m4.t1 FROM m4 WHERE NOT (CAST((((((((((0.9584559080711685) NOT IN (0.733569031597476, 0.7960654456099594))AND((m4.t0) BETWEEN SYMMETRIC (m4.t1) AND (m4.t1))))AND(CAST(962753936 AS BOOLEAN))))AND(NOT ((m4.t2) BETWEEN (m4.t2) AND (m4.t0)))))AND((CAST(FALSE AS BOOLEAN)) IS NOT UNKNOWN)) AS BOOLEAN)); --
-- AFTER_SORT --
422 Unprocessable Entity
{"error_code":"010001","error_message":"Datafusion: Error during planning: Invalid function 'symmetric'"}
-- ERROR:  --

-- EXECUTE SQL: SELECT m4.t0, m4.f0, m4.t1 FROM m4 WHERE (CAST((((((((((0.9584559080711685) NOT IN (0.733569031597476, 0.7960654456099594))AND((m4.t0) BETWEEN SYMMETRIC (m4.t1) AND (m4.t1))))AND(CAST(962753936 AS BOOLEAN))))AND(NOT ((m4.t2) BETWEEN (m4.t2) AND (m4.t0)))))AND((CAST(FALSE AS BOOLEAN)) IS NOT UNKNOWN)) AS BOOLEAN)) IS NULL; --
-- AFTER_SORT --
422 Unprocessable Entity
{"error_code":"010001","error_message":"Datafusion: Error during planning: Invalid function 'symmetric'"}
-- ERROR:  --

-- EXECUTE SQL: SELECT ALL m4.t0, m4.f0, m4.t1, m4.t2 FROM m4; --
-- AFTER_SORT --
200 OK
t0,f0,t1,t2
t0,0,t1,t2

-- EXECUTE SQL: SELECT m4.t0, m4.f0, m4.t1, m4.t2 FROM m4 WHERE (CAST(CAST(m4.f0 AS STRING) AS BIGINT)) NOT IN (0.22734557919724097); --
-- AFTER_SORT --
200 OK
t0,f0,t1,t2
t0,0,t1,t2

-- EXECUTE SQL: SELECT SUM(- (((+ (CAST(m1.f0 AS BIGINT)))/(CAST(((m1.t0)>(m1.f0)) AS BIGINT))))) FROM m1; --
-- AFTER_SORT --
422 Unprocessable Entity
{"error_code":"010002","error_message":"Arrow: Cast error: Cannot cast string 'f0' to value of Int64 type"}
-- ERROR:  --

-- EXECUTE SQL: SELECT m2.t0, m2.f1 FROM m2; --
-- AFTER_SORT --
200 OK
t0,f1
t0,f1

-- EXECUTE SQL: SELECT ALL m2.t0, m2.f1 FROM m2 WHERE m2.f0; --
-- AFTER_SORT --
200 OK


-- EXECUTE SQL: SELECT ALL m2.t0, m2.f1 FROM m2 WHERE NOT (m2.f0); --
-- AFTER_SORT --
200 OK
t0,f1
t0,f1

-- EXECUTE SQL: SELECT ALL m2.t0, m2.f1 FROM m2 WHERE (m2.f0) IS NULL; --
-- AFTER_SORT --
200 OK


-- EXECUTE SQL: SELECT ALL m2.f1 FROM m2; --
-- AFTER_SORT --
200 OK
f1
f1

-- EXECUTE SQL: SELECT ALL m2.f1 FROM m2 WHERE (NOT (CAST((m2.f1) NOT IN ('', '', 'C') AS BOOLEAN))) IS FALSE UNION ALL SELECT ALL m2.f1 FROM m2 WHERE NOT ((NOT (CAST((m2.f1) NOT IN ('', '', 'C') AS BOOLEAN))) IS FALSE) UNION ALL SELECT m2.f1 FROM m2 WHERE ((NOT (CAST((m2.f1) NOT IN ('', '', 'C') AS BOOLEAN))) IS FALSE) IS NULL; --
-- AFTER_SORT --
200 OK
f1
f1

-- EXECUTE SQL: SELECT ALL m1.f0, m1.f1 FROM m1; --
-- AFTER_SORT --
200 OK
f0,f1
,false
f0,false

-- EXECUTE SQL: SELECT ALL m1.f0, m1.f1 FROM m1 WHERE CAST(0.4460179475294419 AS BOOLEAN); --
-- AFTER_SORT --
200 OK
f0,f1
,false
f0,false

-- EXECUTE SQL: SELECT COUNT(((m3.f0)*(- (CAST(CAST(m3.t1 AS STRING) AS BIGINT))))) FROM m3; --
-- AFTER_SORT --
422 Unprocessable Entity
{"error_code":"010002","error_message":"Arrow: Cast error: Cannot cast string 't1' to value of Int64 type"}
-- ERROR:  --

-- EXECUTE SQL: SELECT * FROM m3; --
-- AFTER_SORT --
200 OK
time,t0,t1,f0,f1
1970-01-01T00:00:00.000000000,t0,t1,0,false

-- EXECUTE SQL: SELECT ALL * FROM m3 WHERE CAST(((- (((m3.f0)-(m3.f0))))/(- (+ (m3.f0)))) AS BOOLEAN) UNION ALL SELECT * FROM m3 WHERE NOT (CAST(((- (((m3.f0)-(m3.f0))))/(- (+ (m3.f0)))) AS BOOLEAN)) UNION ALL SELECT ALL * FROM m3 WHERE (CAST(((- (((m3.f0)-(m3.f0))))/(- (+ (m3.f0)))) AS BOOLEAN)) IS NULL; --
-- AFTER_SORT --
200 OK
time,t0,t1,f0,f1
1970-01-01T00:00:00.000000000,t0,t1,0,false

-- EXECUTE SQL: SELECT ALL m2.f0, m2.t0, m2.f1 FROM m2; --
-- AFTER_SORT --
200 OK
f0,t0,f1
false,t0,f1

-- EXECUTE SQL: SELECT m2.f0, m2.t0, m2.f1 FROM m2 WHERE NOT ((((9223372036854775807)-(-1826088151))) IN (-1643062000, 195520944, 1695257694)) UNION ALL SELECT ALL m2.f0, m2.t0, m2.f1 FROM m2 WHERE NOT (NOT ((((9223372036854775807)-(-1826088151))) IN (-1643062000, 195520944, 1695257694))) UNION ALL SELECT m2.f0, m2.t0, m2.f1 FROM m2 WHERE (NOT ((((9223372036854775807)-(-1826088151))) IN (-1643062000, 195520944, 1695257694))) IS NULL; --
-- AFTER_SORT --
200 OK
f0,t0,f1
false,t0,f1

-- EXECUTE SQL: SELECT m4.t0, m4.f0, m4.t1 FROM m4; --
-- AFTER_SORT --
200 OK
t0,f0,t1
t0,0,t1

-- EXECUTE SQL: SELECT ALL m4.t0, m4.f0, m4.t1 FROM m4 WHERE ((CAST(((CAST(m4.t1 AS BIGINT))IS NOT DISTINCT FROM(((m4.f0)-(m4.f0)))) AS STRING))LIKE(CAST(+ (- (m4.f0)) AS STRING))); --
-- AFTER_SORT --
422 Unprocessable Entity
{"error_code":"010002","error_message":"Arrow: Cast error: Cannot cast string 't1' to value of Int64 type"}
-- ERROR:  --

-- EXECUTE SQL: SELECT ALL BIT_OR(m3.f0) FROM m3; --
-- AFTER_SORT --
422 Unprocessable Entity
{"error_code":"010001","error_message":"Datafusion: Error during planning: Invalid function 'bit_or'"}
-- ERROR:  --

-- EXECUTE SQL: SELECT m3.t0, m3.f1, m3.t1 FROM m3; --
-- AFTER_SORT --
200 OK
t0,f1,t1
t0,false,t1

-- EXECUTE SQL: SELECT m3.t0, m3.f1, m3.t1 FROM m3 WHERE NOT (NOT (CAST(0.5775200651584798 AS BOOLEAN))); --
-- AFTER_SORT --
200 OK
t0,f1,t1
t0,false,t1

-- EXECUTE SQL: SELECT ALL m4.t0, m4.t1, m4.f0, m4.t2 FROM m4; --
-- AFTER_SORT --
200 OK
t0,t1,f0,t2
t0,t1,0,t2

-- EXECUTE SQL: SELECT ALL m4.t0, m4.t1, m4.f0, m4.t2 FROM m4 WHERE NOT ((CAST(CAST(FALSE AS STRING) AS BOOLEAN)) IS NOT UNKNOWN) UNION ALL SELECT ALL m4.t0, m4.t1, m4.f0, m4.t2 FROM m4 WHERE NOT (NOT ((CAST(CAST(FALSE AS STRING) AS BOOLEAN)) IS NOT UNKNOWN)) UNION ALL SELECT m4.t0, m4.t1, m4.f0, m4.t2 FROM m4 WHERE (NOT ((CAST(CAST(FALSE AS STRING) AS BOOLEAN)) IS NOT UNKNOWN)) IS NULL; --
-- AFTER_SORT --
200 OK
t0,t1,f0,t2
t0,t1,0,t2

-- EXECUTE SQL: SELECT m3.f1, m3.f0, m3.t0, m3.t1 FROM m3; --
-- AFTER_SORT --
200 OK
f1,f0,t0,t1
false,0,t0,t1

-- EXECUTE SQL: SELECT ALL m3.f1, m3.f0, m3.t0, m3.t1 FROM m3 WHERE NOT (NOT (NOT (((((((m3.f1)AND(TRUE)))OR(m3.f1)))OR(m3.f1))))); --
-- AFTER_SORT --
200 OK
f1,f0,t0,t1
false,0,t0,t1

-- EXECUTE SQL: SELECT m3.f1, m3.f0, m3.t0, m3.t1 FROM m3 WHERE NOT (NOT (NOT (NOT (((((((m3.f1)AND(TRUE)))OR(m3.f1)))OR(m3.f1)))))); --
-- AFTER_SORT --
200 OK


-- EXECUTE SQL: SELECT m3.f1, m3.f0, m3.t0, m3.t1 FROM m3 WHERE (NOT (NOT (NOT (((((((m3.f1)AND(TRUE)))OR(m3.f1)))OR(m3.f1)))))) IS NULL; --
-- AFTER_SORT --
200 OK


-- EXECUTE SQL: SELECT SUM(- (CAST(CAST(((m0.t0)||(m0.f1)) AS BIGINT) AS BIGINT))) FROM m0 ORDER BY m0.time; --
-- AFTER_SORT --
422 Unprocessable Entity
{"error_code":"010001","error_message":"Datafusion: Schema error: No field named m0.time. Valid fields are \"SUM((- m0.t0 || m0.f1))\"."}
-- ERROR:  --

-- EXECUTE SQL: SELECT SUM(agg0) FROM ((SELECT ALL SUM(- (CAST(CAST(((m0.t0)||(m0.f1)) AS BIGINT) AS BIGINT)))  as agg0 FROM m0 WHERE FALSE ORDER BY m0.time) UNION ALL (SELECT SUM(- (CAST(CAST(((m0.t0)||(m0.f1)) AS BIGINT) AS BIGINT)))  as agg0 FROM m0 WHERE NOT (FALSE) ORDER BY m0.time) UNION ALL (SELECT ALL SUM(- (CAST(CAST(((m0.t0)||(m0.f1)) AS BIGINT) AS BIGINT)))  as agg0 FROM m0 WHERE (FALSE) IS NULL ORDER BY time)) as asdf; --
-- AFTER_SORT --
422 Unprocessable Entity
{"error_code":"010001","error_message":"Datafusion: Schema error: No field named time. Valid fields are agg0, \"SUM((- m0.t0 || m0.f1))\"."}
-- ERROR:  --

-- EXECUTE SQL: SELECT ALL * FROM m4; --
-- AFTER_SORT --
200 OK
time,t0,t1,t2,f0
1970-01-01T00:00:00.000000000,t0,t1,t2,0

-- EXECUTE SQL: SELECT * FROM m4 WHERE ((+ (m4.f0)) IN (0.1404597703313497)) IS TRUE; --
-- AFTER_SORT --
200 OK


-- EXECUTE SQL: SELECT ALL * FROM m4 WHERE NOT (((+ (m4.f0)) IN (0.1404597703313497)) IS TRUE); --
-- AFTER_SORT --
200 OK
time,t0,t1,t2,f0
1970-01-01T00:00:00.000000000,t0,t1,t2,0

-- EXECUTE SQL: SELECT ALL * FROM m4 WHERE (((+ (m4.f0)) IN (0.1404597703313497)) IS TRUE) IS NULL; --
-- AFTER_SORT --
200 OK


-- EXECUTE SQL: SELECT ALL m1.f0, m1.f1 FROM m1; --
-- AFTER_SORT --
200 OK
f0,f1
,false
f0,false

-- EXECUTE SQL: SELECT ALL m1.f0, m1.f1 FROM m1 WHERE (m1.f0) NOT IN ('o⥖!Z'); --
-- AFTER_SORT --
200 OK
f0,f1
f0,false

-- EXECUTE SQL: SELECT ALL m1.f0, m1.f1 FROM m1 WHERE NOT ((m1.f0) NOT IN ('o⥖!Z')); --
-- AFTER_SORT --
200 OK


-- EXECUTE SQL: SELECT ALL m1.f0, m1.f1 FROM m1 WHERE ((m1.f0) NOT IN ('o⥖!Z')) IS NULL; --
-- AFTER_SORT --
200 OK
f0,f1
,false

-- EXECUTE SQL: SELECT m1.t0, m1.f0, m1.f1 FROM m1; --
-- AFTER_SORT --
200 OK
t0,f0,f1
,,false
t0,f0,false

-- EXECUTE SQL: SELECT m1.t0, m1.f0, m1.f1 FROM m1 WHERE NOT ((((m1.t0) NOT IN ('Z6e'))IS DISTINCT FROM(((((m1.f0)||(328069355)))LIKE(CAST(-996794753 AS STRING)))))) UNION ALL SELECT ALL m1.t0, m1.f0, m1.f1 FROM m1 WHERE NOT (NOT ((((m1.t0) NOT IN ('Z6e'))IS DISTINCT FROM(((((m1.f0)||(328069355)))LIKE(CAST(-996794753 AS STRING))))))) UNION ALL SELECT m1.t0, m1.f0, m1.f1 FROM m1 WHERE (NOT ((((m1.t0) NOT IN ('Z6e'))IS DISTINCT FROM(((((m1.f0)||(328069355)))LIKE(CAST(-996794753 AS STRING))))))) IS NULL; --
-- AFTER_SORT --
200 OK
t0,f0,f1
,,false
t0,f0,false

-- EXECUTE SQL: SELECT m0.f0, m0.f1, m0.t0 FROM m0; --
-- AFTER_SORT --
200 OK
f0,f1,t0
,0.47166914414715877,
,0.507623643211476,916053861
false,,
false,0.0,t0
false,0.6326195071473769,
true,,
true,,
true,,
true,,
true,0.4131558313302025,
true,0.5469987105166848,
true,0.5540439337463335,
true,0.9622249970170084,

-- EXECUTE SQL: SELECT m0.f0, m0.f1, m0.t0 FROM m0 WHERE (((((m0.f0)OR((NOT (m0.f0)) IS NULL)))OR((((m0.f0) IS UNKNOWN)OR((1344908686) NOT IN (1088197086)))))) IS NOT UNKNOWN; --
-- AFTER_SORT --
200 OK
f0,f1,t0
,0.47166914414715877,
,0.507623643211476,916053861
false,,
false,0.0,t0
false,0.6326195071473769,
true,,
true,,
true,,
true,,
true,0.4131558313302025,
true,0.5469987105166848,
true,0.5540439337463335,
true,0.9622249970170084,

-- EXECUTE SQL: SELECT ALL m0.f0, m0.f1, m0.t0 FROM m0 WHERE NOT ((((((m0.f0)OR((NOT (m0.f0)) IS NULL)))OR((((m0.f0) IS UNKNOWN)OR((1344908686) NOT IN (1088197086)))))) IS NOT UNKNOWN); --
-- AFTER_SORT --
200 OK


-- EXECUTE SQL: SELECT ALL m0.f0, m0.f1, m0.t0 FROM m0 WHERE ((((((m0.f0)OR((NOT (m0.f0)) IS NULL)))OR((((m0.f0) IS UNKNOWN)OR((1344908686) NOT IN (1088197086)))))) IS NOT UNKNOWN) IS NULL; --
-- AFTER_SORT --
200 OK


-- EXECUTE SQL: SELECT COUNT(CAST(- (CAST(CAST(TRUE AS BIGINT) AS BIGINT)) AS BIGINT)) FROM m0; --
-- AFTER_SORT --
200 OK
COUNT((- Boolean(true)))
13

-- EXECUTE SQL: SELECT ALL m0.t0, m0.f1, m0.f0 FROM m0; --
-- AFTER_SORT --
200 OK
t0,f1,f0
,,false
,,true
,,true
,,true
,,true
,0.4131558313302025,true
,0.47166914414715877,
,0.5469987105166848,true
,0.5540439337463335,true
,0.6326195071473769,false
,0.9622249970170084,true
916053861,0.507623643211476,
t0,0.0,false

-- EXECUTE SQL: SELECT m0.t0, m0.f1, m0.f0 FROM m0 WHERE CAST(CAST(0.6794906407129125 AS BOOLEAN) AS BOOLEAN); --
-- AFTER_SORT --
200 OK
t0,f1,f0
,,false
,,true
,,true
,,true
,,true
,0.4131558313302025,true
,0.47166914414715877,
,0.5469987105166848,true
,0.5540439337463335,true
,0.6326195071473769,false
,0.9622249970170084,true
916053861,0.507623643211476,
t0,0.0,false

-- EXECUTE SQL: SELECT m1.f0, m1.t0, m1.f1 FROM m1; --
-- AFTER_SORT --
200 OK
f0,t0,f1
,,false
f0,t0,false

-- EXECUTE SQL: SELECT ALL m1.f0, m1.t0, m1.f1 FROM m1 WHERE (CAST(CAST((m1.t0) BETWEEN (m1.t0) AND (m1.f0) AS STRING) AS BIGINT)) IS NULL; --
-- AFTER_SORT --
200 OK
f0,t0,f1
,,false

-- EXECUTE SQL: SELECT ALL m0.f0 FROM m0 ORDER BY m0.f0 DESC; --
-- AFTER_SORT --
200 OK
f0
false
false
false
true
true
true
true
true
true
true
true

-- EXECUTE SQL: SELECT m0.f0 FROM m0 WHERE ((m0.f0) NOT IN (FALSE, TRUE)) NOT IN (FALSE); --
-- AFTER_SORT --
200 OK


-- EXECUTE SQL: SELECT m0.f0 FROM m0 WHERE NOT (((m0.f0) NOT IN (FALSE, TRUE)) NOT IN (FALSE)); --
-- AFTER_SORT --
200 OK
f0
false
false
false
true
true
true
true
true
true
true
true

-- EXECUTE SQL: SELECT ALL m0.f0 FROM m0 WHERE (((m0.f0) NOT IN (FALSE, TRUE)) NOT IN (FALSE)) IS NULL; --
-- AFTER_SORT --
200 OK


-- EXECUTE SQL: SELECT ALL BOOL_AND((0.7125738444099359) NOT IN (0.17193890888962704, 0.5773990828254518)) FROM m1 GROUP BY ((- (CAST(((m1.t0)LIKE(m1.f0)) AS BIGINT)))*(CAST(-33990896 AS BIGINT))); --
-- AFTER_SORT --
422 Unprocessable Entity
{"error_code":"010001","error_message":"Datafusion: Error during planning: Invalid function 'bool_and'"}
-- ERROR:  --

-- EXECUTE SQL: SELECT m3.f0, m3.t0 FROM m3; --
-- AFTER_SORT --
200 OK
f0,t0
0,t0

-- EXECUTE SQL: SELECT ALL m3.f0, m3.t0 FROM m3 WHERE NOT (CAST(((m3.f0) BETWEEN SYMMETRIC (m3.f0) AND (m3.f0)) IS FALSE AS BOOLEAN)) UNION ALL SELECT ALL m3.f0, m3.t0 FROM m3 WHERE NOT (NOT (CAST(((m3.f0) BETWEEN SYMMETRIC (m3.f0) AND (m3.f0)) IS FALSE AS BOOLEAN))) UNION ALL SELECT m3.f0, m3.t0 FROM m3 WHERE (NOT (CAST(((m3.f0) BETWEEN SYMMETRIC (m3.f0) AND (m3.f0)) IS FALSE AS BOOLEAN))) IS NULL; --
-- AFTER_SORT --
422 Unprocessable Entity
{"error_code":"010001","error_message":"Datafusion: Error during planning: Invalid function 'symmetric'"}
-- ERROR:  --

-- EXECUTE SQL: SELECT ALL * FROM m2; --
-- AFTER_SORT --
200 OK
time,t0,f0,f1
1970-01-01T00:00:00.000000000,t0,false,f1

-- EXECUTE SQL: SELECT ALL * FROM m2 WHERE m2.f0; --
-- AFTER_SORT --
200 OK


-- EXECUTE SQL: SELECT * FROM m2 WHERE NOT (m2.f0); --
-- AFTER_SORT --
200 OK
time,t0,f0,f1
1970-01-01T00:00:00.000000000,t0,false,f1

-- EXECUTE SQL: SELECT * FROM m2 WHERE (m2.f0) IS NULL; --
-- AFTER_SORT --
200 OK


-- EXECUTE SQL: SELECT ALL COUNT(+ (CAST(((m1.f0)||(((m1.f0)LIKE(m1.t0)))) AS BIGINT))) FROM m1; --
-- AFTER_SORT --
422 Unprocessable Entity
{"error_code":"010002","error_message":"Arrow: Cast error: Cannot cast string 'f00' to value of Int64 type"}
-- ERROR:  --

-- EXECUTE SQL: SELECT m3.f0 FROM m3; --
-- AFTER_SORT --
200 OK
f0
0

-- EXECUTE SQL: SELECT ALL m3.f0 FROM m3 WHERE m3.f1 UNION ALL SELECT ALL m3.f0 FROM m3 WHERE NOT (m3.f1) UNION ALL SELECT ALL m3.f0 FROM m3 WHERE (m3.f1) IS NULL; --
-- AFTER_SORT --
200 OK
f0
0

-- EXECUTE SQL: SELECT m2.f1, m2.f0 FROM m2 ORDER BY m2.f0 DESC, m2.f1 DESC; --
-- AFTER_SORT --
200 OK
f1,f0
f1,false

-- EXECUTE SQL: SELECT ALL m2.f1, m2.f0 FROM m2 WHERE CAST(419225566 AS BOOLEAN); --
-- AFTER_SORT --
200 OK
f1,f0
f1,false

-- EXECUTE SQL: SELECT ALL m2.f1, m2.f0 FROM m2 WHERE NOT (CAST(419225566 AS BOOLEAN)); --
-- AFTER_SORT --
200 OK


-- EXECUTE SQL: SELECT m2.f1, m2.f0 FROM m2 WHERE (CAST(419225566 AS BOOLEAN)) IS NULL; --
-- AFTER_SORT --
200 OK


-- EXECUTE SQL: SELECT m3.f0 FROM m3; --
-- AFTER_SORT --
200 OK
f0
0

-- EXECUTE SQL: SELECT ALL m3.f0 FROM m3 WHERE ((((((CAST(CAST(((m3.t0)||('-436419271')) AS BIGINT) AS BOOLEAN))OR(CAST(CAST(((m3.t0)||(m3.f0)) AS BIGINT) AS BOOLEAN))))OR((CAST(m3.f0 AS BIGINT)) NOT IN (-1775866416, -458215714, -1147259432))))AND(((((((((((m3.f1)OR(m3.f1)))OR(m3.f1)))AND(m3.f1)))OR(m3.f1))) IS NULL) IS FALSE)) UNION ALL SELECT m3.f0 FROM m3 WHERE NOT (((((((CAST(CAST(((m3.t0)||('-436419271')) AS BIGINT) AS BOOLEAN))OR(CAST(CAST(((m3.t0)||(m3.f0)) AS BIGINT) AS BOOLEAN))))OR((CAST(m3.f0 AS BIGINT)) NOT IN (-1775866416, -458215714, -1147259432))))AND(((((((((((m3.f1)OR(m3.f1)))OR(m3.f1)))AND(m3.f1)))OR(m3.f1))) IS NULL) IS FALSE))) UNION ALL SELECT ALL m3.f0 FROM m3 WHERE (((((((CAST(CAST(((m3.t0)||('-436419271')) AS BIGINT) AS BOOLEAN))OR(CAST(CAST(((m3.t0)||(m3.f0)) AS BIGINT) AS BOOLEAN))))OR((CAST(m3.f0 AS BIGINT)) NOT IN (-1775866416, -458215714, -1147259432))))AND(((((((((((m3.f1)OR(m3.f1)))OR(m3.f1)))AND(m3.f1)))OR(m3.f1))) IS NULL) IS FALSE))) IS NULL; --
-- AFTER_SORT --
422 Unprocessable Entity
{"error_code":"010002","error_message":"Arrow: Cast error: Cannot cast string 't0-436419271' to value of Int64 type"}
-- ERROR:  --

-- EXECUTE SQL: SELECT ALL SUM(0.7069601217262456) FROM m0; --
-- AFTER_SORT --
200 OK
SUM(Float64(0.7069601217262456))
9.190481582441192

-- EXECUTE SQL: SELECT SUM(+ ('-991419863')) FROM m0; --
-- AFTER_SORT --
422 Unprocessable Entity
{"error_code":"010001","error_message":"Datafusion: Error during planning: The function Sum does not support inputs of type Utf8."}
-- ERROR:  --

-- EXECUTE SQL: SELECT ALL m1.t0 FROM m1 WHERE NOT ((+ (1827659846)) NOT IN (-1398969998)); --
-- AFTER_SORT --
200 OK


-- EXECUTE SQL: SELECT ALL m1.t0 FROM m1 WHERE (NOT ((+ (1827659846)) NOT IN (-1398969998))) IS NULL; --
-- AFTER_SORT --
200 OK


-- EXECUTE SQL: SELECT m0.f0, m0.t0 FROM m0; --
-- AFTER_SORT --
200 OK
f0,t0
false,
false,
false,t0
true,
true,
true,
true,
true,
true,
true,
true,

-- EXECUTE SQL: SELECT m0.f0, m0.t0 FROM m0 WHERE NOT ((((m0.t0)LIKE(m0.t0))) NOT IN (FALSE, FALSE, TRUE)) UNION ALL SELECT m0.f0, m0.t0 FROM m0 WHERE NOT (NOT ((((m0.t0)LIKE(m0.t0))) NOT IN (FALSE, FALSE, TRUE))) UNION ALL SELECT m0.f0, m0.t0 FROM m0 WHERE (NOT ((((m0.t0)LIKE(m0.t0))) NOT IN (FALSE, FALSE, TRUE))) IS NULL; --
-- AFTER_SORT --
200 OK
f0,t0
false,
false,
false,t0
true,
true,
true,
true,
true,
true,
true,
true,

-- EXECUTE SQL: SELECT m3.f1 FROM m3; --
-- AFTER_SORT --
200 OK
f1
false

-- EXECUTE SQL: SELECT ALL m3.f1 FROM m3 WHERE (CAST((('%		ad')||(FALSE)) AS STRING)) IN ('40SM9L'); --
-- AFTER_SORT --
200 OK


-- EXECUTE SQL: SELECT ALL m2.f0, m2.f1, m2.t0 FROM m2; --
-- AFTER_SORT --
200 OK
f0,f1,t0
false,f1,t0

-- EXECUTE SQL: SELECT m2.f0, m2.f1, m2.t0 FROM m2 WHERE NOT (((CAST(0.4959073694270356 AS STRING))=(CAST(0.5285828870262033 AS STRING)))) UNION ALL SELECT m2.f0, m2.f1, m2.t0 FROM m2 WHERE NOT (NOT (((CAST(0.4959073694270356 AS STRING))=(CAST(0.5285828870262033 AS STRING))))) UNION ALL SELECT m2.f0, m2.f1, m2.t0 FROM m2 WHERE (NOT (((CAST(0.4959073694270356 AS STRING))=(CAST(0.5285828870262033 AS STRING))))) IS NULL; --
-- AFTER_SORT --
200 OK
f0,f1,t0
false,f1,t0

-- EXECUTE SQL: SELECT ALL SUM(-996695851) FROM m0; --
-- AFTER_SORT --
200 OK
SUM(Int64(-996695851))
-12957046063

-- EXECUTE SQL: SELECT MAX(m2.f1) FROM m2 ORDER BY m2.f1 ASC; --
-- AFTER_SORT --
422 Unprocessable Entity
{"error_code":"010001","error_message":"Datafusion: Schema error: No field named m2.f1. Valid fields are \"MAX(m2.f1)\"."}
-- ERROR:  --

-- EXECUTE SQL: SELECT m3.t1, m3.t0 FROM m3 WHERE (((CAST(m3.t1 AS STRING))LIKE(((m3.t1)||(m3.f1))))) NOT IN (TRUE, TRUE, '0') UNION ALL SELECT m3.t1, m3.t0 FROM m3 WHERE NOT ((((CAST(m3.t1 AS STRING))LIKE(((m3.t1)||(m3.f1))))) NOT IN (TRUE, TRUE, '0')) UNION ALL SELECT ALL m3.t1, m3.t0 FROM m3 WHERE ((((CAST(m3.t1 AS STRING))LIKE(((m3.t1)||(m3.f1))))) NOT IN (TRUE, TRUE, '0')) IS NULL; --
-- AFTER_SORT --
422 Unprocessable Entity
{"error_code":"010001","error_message":"Datafusion: Error during planning: Can not find compatible types to compare Boolean with [Boolean, Boolean, Utf8]"}
-- ERROR:  --

-- EXECUTE SQL: SELECT ALL m2.f1, m2.t0 FROM m2; --
-- AFTER_SORT --
200 OK
f1,t0
f1,t0

-- EXECUTE SQL: SELECT m2.f1, m2.t0 FROM m2 WHERE CAST(+ (CAST((('쨭')LIKE(m2.t0)) AS BIGINT)) AS BOOLEAN); --
-- AFTER_SORT --
200 OK


-- EXECUTE SQL: SELECT BIT_OR(574679056) FROM m0; --
-- AFTER_SORT --
422 Unprocessable Entity
{"error_code":"010001","error_message":"Datafusion: Error during planning: Invalid function 'bit_or'"}
-- ERROR:  --

-- EXECUTE SQL: SELECT BIT_OR(agg0) FROM (SELECT ALL BIT_OR(574679056)  as agg0 FROM m0 WHERE (0.8987548809734333) BETWEEN SYMMETRIC (0.9080665405886834) AND (1819388991) UNION ALL SELECT BIT_OR(574679056)  as agg0 FROM m0 WHERE NOT ((0.8987548809734333) BETWEEN SYMMETRIC (0.9080665405886834) AND (1819388991)) UNION ALL SELECT BIT_OR(574679056)  as agg0 FROM m0 WHERE ((0.8987548809734333) BETWEEN SYMMETRIC (0.9080665405886834) AND (1819388991)) IS NULL) as asdf; --
-- AFTER_SORT --
422 Unprocessable Entity
{"error_code":"010001","error_message":"Datafusion: Error during planning: Invalid function 'symmetric'"}
-- ERROR:  --

-- EXECUTE SQL: SELECT ALL m3.f1 FROM m3; --
-- AFTER_SORT --
200 OK
f1
false

-- EXECUTE SQL: SELECT ALL m3.f1 FROM m3 WHERE CAST(((CAST(CAST(FALSE AS BIGINT) AS STRING))||(CAST(((m3.t1)||(3.60976499E8)) AS BIGINT))) AS BOOLEAN) UNION ALL SELECT m3.f1 FROM m3 WHERE NOT (CAST(((CAST(CAST(FALSE AS BIGINT) AS STRING))||(CAST(((m3.t1)||(3.60976499E8)) AS BIGINT))) AS BOOLEAN)) UNION ALL SELECT m3.f1 FROM m3 WHERE (CAST(((CAST(CAST(FALSE AS BIGINT) AS STRING))||(CAST(((m3.t1)||(3.60976499E8)) AS BIGINT))) AS BOOLEAN)) IS NULL; --
-- AFTER_SORT --
422 Unprocessable Entity
{"error_code":"010001","error_message":"Datafusion: This feature is not implemented: sql numeric literals in scientific notation are not supported"}
-- ERROR:  --

-- EXECUTE SQL: SELECT ALL m3.f0, m3.f1 FROM m3; --
-- AFTER_SORT --
200 OK
f0,f1
0,false

-- EXECUTE SQL: SELECT ALL m3.f0, m3.f1 FROM m3 WHERE m3.f1; --
-- AFTER_SORT --
200 OK


-- EXECUTE SQL: SELECT ALL m3.f0, m3.f1 FROM m3 WHERE NOT (m3.f1); --
-- AFTER_SORT --
200 OK
f0,f1
0,false

-- EXECUTE SQL: SELECT m3.f0, m3.f1 FROM m3 WHERE (m3.f1) IS NULL; --
-- AFTER_SORT --
200 OK


-- EXECUTE SQL: SELECT ALL SUM(0.05995030089566167) FROM m4; --
-- AFTER_SORT --
200 OK
SUM(Float64(0.05995030089566167))
0.05995030089566167

-- EXECUTE SQL: SELECT ALL m3.f0, m3.f1, m3.t0 FROM m3; --
-- AFTER_SORT --
200 OK
f0,f1,t0
0,false,t0

-- EXECUTE SQL: SELECT ALL m3.f0, m3.f1, m3.t0 FROM m3 WHERE (+ (- (m3.f0))) NOT IN (1748341658, 372263557, 371778182) UNION ALL SELECT ALL m3.f0, m3.f1, m3.t0 FROM m3 WHERE NOT ((+ (- (m3.f0))) NOT IN (1748341658, 372263557, 371778182)) UNION ALL SELECT m3.f0, m3.f1, m3.t0 FROM m3 WHERE ((+ (- (m3.f0))) NOT IN (1748341658, 372263557, 371778182)) IS NULL; --
-- AFTER_SORT --
200 OK
f0,f1,t0
0,false,t0

-- EXECUTE SQL: SELECT m1.f0, m1.f1, m1.t0 FROM m1; --
-- AFTER_SORT --
200 OK
f0,f1,t0
,false,
f0,false,t0

-- EXECUTE SQL: SELECT m1.f0, m1.f1, m1.t0 FROM m1 WHERE ((((CAST(-174538563 AS STRING))<(((m1.f0)||(m1.t0))))) IS UNKNOWN) IS FALSE UNION ALL SELECT ALL m1.f0, m1.f1, m1.t0 FROM m1 WHERE NOT (((((CAST(-174538563 AS STRING))<(((m1.f0)||(m1.t0))))) IS UNKNOWN) IS FALSE) UNION ALL SELECT ALL m1.f0, m1.f1, m1.t0 FROM m1 WHERE (((((CAST(-174538563 AS STRING))<(((m1.f0)||(m1.t0))))) IS UNKNOWN) IS FALSE) IS NULL; --
-- AFTER_SORT --
200 OK
f0,f1,t0
,false,
f0,false,t0

-- EXECUTE SQL: SELECT ALL m3.f1, m3.f0 FROM m3; --
-- AFTER_SORT --
200 OK
f1,f0
false,0

-- EXECUTE SQL: SELECT m3.f1, m3.f0 FROM m3 WHERE NOT (((CAST(((m3.t0)LIKE(m3.t0)) AS STRING))>(CAST(NOT (m3.f1) AS STRING)))); --
-- AFTER_SORT --
200 OK
f1,f0
false,0

-- EXECUTE SQL: SELECT m4.t0, m4.f0, m4.t1, m4.t2 FROM m4; --
-- AFTER_SORT --
200 OK
t0,f0,t1,t2
t0,0,t1,t2

-- EXECUTE SQL: SELECT ALL m4.t0, m4.f0, m4.t1, m4.t2 FROM m4 WHERE (CAST(CAST(m4.f0 AS BIGINT) AS STRING)) IN (''); --
-- AFTER_SORT --
200 OK


-- EXECUTE SQL: SELECT ALL m2.f1 FROM m2; --
-- AFTER_SORT --
200 OK
f1
f1

-- EXECUTE SQL: SELECT m2.f1 FROM m2 WHERE (CAST(CAST(0.6892324924915867 AS BIGINT) AS STRING)) NOT IN ('C', ''); --
-- AFTER_SORT --
200 OK
f1
f1

-- EXECUTE SQL: SELECT m4.t0, m4.t2, m4.t1 FROM m4 WHERE ((CAST(CAST(((m4.t2)||(m4.f0)) AS STRING) AS STRING))<=(CAST(((CAST(m4.f0 AS BIGINT))/(((797420618)-(1252885071)))) AS STRING))); --
-- AFTER_SORT --
200 OK


-- EXECUTE SQL: SELECT m1.f0, m1.f1, m1.t0 FROM m1; --
-- AFTER_SORT --
200 OK
f0,f1,t0
,false,
f0,false,t0

-- EXECUTE SQL: SELECT ALL m1.f0, m1.f1, m1.t0 FROM m1 WHERE CAST(+ (- (((360976499)^(1111746167)))) AS BOOLEAN) UNION ALL SELECT ALL m1.f0, m1.f1, m1.t0 FROM m1 WHERE NOT (CAST(+ (- (((360976499)^(1111746167)))) AS BOOLEAN)) UNION ALL SELECT ALL m1.f0, m1.f1, m1.t0 FROM m1 WHERE (CAST(+ (- (((360976499)^(1111746167)))) AS BOOLEAN)) IS NULL; --
-- AFTER_SORT --
200 OK
f0,f1,t0
,false,
f0,false,t0

-- EXECUTE SQL: SELECT ALL m4.t1, m4.f0, m4.t0, m4.t2 FROM m4; --
-- AFTER_SORT --
200 OK
t1,f0,t0,t2
t1,0,t0,t2

-- EXECUTE SQL: SELECT m4.t1, m4.f0, m4.t0, m4.t2 FROM m4 WHERE CAST(m4.t2 AS BOOLEAN) UNION ALL SELECT m4.t1, m4.f0, m4.t0, m4.t2 FROM m4 WHERE NOT (CAST(m4.t2 AS BOOLEAN)) UNION ALL SELECT ALL m4.t1, m4.f0, m4.t0, m4.t2 FROM m4 WHERE (CAST(m4.t2 AS BOOLEAN)) IS NULL; --
-- AFTER_SORT --
422 Unprocessable Entity
{"error_code":"010002","error_message":"Arrow: Cast error: Cannot cast value 't2' to value of Boolean type"}
-- ERROR:  --

-- EXECUTE SQL: SELECT ALL m2.f0, m2.f1, m2.t0 FROM m2; --
-- AFTER_SORT --
200 OK
f0,f1,t0
false,f1,t0

-- EXECUTE SQL: SELECT ALL m2.f0, m2.f1, m2.t0 FROM m2 WHERE ((((((((m2.f1)||(1052801116)))||(((m2.f1)||(m2.f0)))))||(CAST(CAST(m2.f1 AS STRING) AS BIGINT))))LIKE(CAST((CAST(FALSE AS BOOLEAN)) IS UNKNOWN AS STRING))); --
-- AFTER_SORT --
422 Unprocessable Entity
{"error_code":"010002","error_message":"Arrow: Cast error: Cannot cast string 'f1' to value of Int64 type"}
-- ERROR:  --

-- EXECUTE SQL: SELECT m3.t0, m3.f0, m3.t1, m3.f1 FROM m3; --
-- AFTER_SORT --
200 OK
t0,f0,t1,f1
t0,0,t1,false

-- EXECUTE SQL: SELECT ALL m3.t0, m3.f0, m3.t1, m3.f1 FROM m3 WHERE ((CAST(((CAST(0.3790453382388461 AS STRING))||(((m3.f0)%(m3.f0)))) AS BOOLEAN))OR(NOT ((CAST(m3.f1 AS BOOLEAN)) NOTNULL))); --
-- AFTER_SORT --
422 Unprocessable Entity
{"error_code":"010009","error_message":"sql parser error: Expected ), found: NOTNULL"}
-- ERROR:  --

-- EXECUTE SQL: SELECT MIN(((CAST(0.5545125075521484 AS STRING))||((((m2.f0)<(m2.f0))) IN (TRUE)))) FROM m2; --
-- AFTER_SORT --
200 OK
MIN(Float64(0.5545125075521484) || m2.f0 < m2.f0 IN (Map { iter: Iter([Boolean(true)]) }))
0.55451250755214840

-- EXECUTE SQL: SELECT ALL BIT_AND(+ (CAST(CAST(+ (m3.f0) AS STRING) AS BIGINT))), CAST(0.13969056553337023 AS BIGINT) FROM m3 GROUP BY 0.2133494693314646; --
-- AFTER_SORT --
422 Unprocessable Entity
{"error_code":"010001","error_message":"Datafusion: Error during planning: Invalid function 'bit_and'"}
-- ERROR:  --

-- EXECUTE SQL: SELECT m0.f1 FROM m0; --
-- AFTER_SORT --
200 OK
f1
0.0
0.4131558313302025
0.47166914414715877
0.507623643211476
0.5469987105166848
0.5540439337463335
0.6326195071473769
0.9622249970170084

-- EXECUTE SQL: SELECT m0.f1 FROM m0 WHERE (-9.92966372E8) BETWEEN (0.13685450858041304) AND (1.624016699E9) UNION ALL SELECT m0.f1 FROM m0 WHERE NOT ((-9.92966372E8) BETWEEN (0.13685450858041304) AND (1.624016699E9)) UNION ALL SELECT ALL m0.f1 FROM m0 WHERE ((-9.92966372E8) BETWEEN (0.13685450858041304) AND (1.624016699E9)) IS NULL; --
-- AFTER_SORT --
422 Unprocessable Entity
{"error_code":"010001","error_message":"Datafusion: This feature is not implemented: sql numeric literals in scientific notation are not supported"}
-- ERROR:  --

-- EXECUTE SQL: SELECT m2.f0 FROM m2 ORDER BY m2.t0 ASC; --
-- AFTER_SORT --
200 OK
f0
false

-- EXECUTE SQL: SELECT m2.f0 FROM m2 WHERE (((CAST(CAST(m2.f1 AS STRING) AS BOOLEAN)) IS FALSE)AND((CAST(m2.f0 AS BOOLEAN)) IS UNKNOWN)); --
-- AFTER_SORT --
422 Unprocessable Entity
{"error_code":"010002","error_message":"Arrow: Cast error: Cannot cast value 'f1' to value of Boolean type"}
-- ERROR:  --

-- EXECUTE SQL: SELECT ALL BOOL_OR(TRUE) FROM m4; --
-- AFTER_SORT --
422 Unprocessable Entity
{"error_code":"010001","error_message":"Datafusion: Error during planning: Invalid function 'bool_or'"}
-- ERROR:  --

-- EXECUTE SQL: SELECT ALL m1.f0, m1.t0 FROM m1; --
-- AFTER_SORT --
200 OK
f0,t0
f0,t0

-- EXECUTE SQL: SELECT ALL m1.f0, m1.t0 FROM m1 WHERE NOT (NOT ((CAST(-1231009110 AS BOOLEAN)) IS FALSE)); --
-- AFTER_SORT --
200 OK


-- EXECUTE SQL: SELECT m1.f0, m1.t0 FROM m1 WHERE NOT (NOT (NOT ((CAST(-1231009110 AS BOOLEAN)) IS FALSE))); --
-- AFTER_SORT --
200 OK
f0,t0
f0,t0

-- EXECUTE SQL: SELECT m1.f0, m1.t0 FROM m1 WHERE (NOT (NOT ((CAST(-1231009110 AS BOOLEAN)) IS FALSE))) IS NULL; --
-- AFTER_SORT --
200 OK


-- EXECUTE SQL: SELECT ALL m4.f0, m4.t2, m4.t0 FROM m4; --
-- AFTER_SORT --
200 OK
f0,t2,t0
0,t2,t0

-- EXECUTE SQL: SELECT ALL m4.f0, m4.t2, m4.t0 FROM m4 WHERE ((((((CAST(((+ (m4.f0))*(+ (-436419271))) AS BOOLEAN))AND((((m4.t0)||(m4.t2))) NOT IN ('IEv', 'iKLོ<'))))AND((CAST(NOT (TRUE) AS BIGINT)) BETWEEN SYMMETRIC (CAST(m4.t0 AS BIGINT)) AND (- (CAST(m4.t0 AS BIGINT))))))OR(((((- (m4.f0))^(CAST(0.4641589299925929 AS BIGINT))))<=(+ (- (m4.f0)))))) UNION ALL SELECT m4.f0, m4.t2, m4.t0 FROM m4 WHERE NOT (((((((CAST(((+ (m4.f0))*(+ (-436419271))) AS BOOLEAN))AND((((m4.t0)||(m4.t2))) NOT IN ('IEv', 'iKLོ<'))))AND((CAST(NOT (TRUE) AS BIGINT)) BETWEEN SYMMETRIC (CAST(m4.t0 AS BIGINT)) AND (- (CAST(m4.t0 AS BIGINT))))))OR(((((- (m4.f0))^(CAST(0.4641589299925929 AS BIGINT))))<=(+ (- (m4.f0))))))) UNION ALL SELECT m4.f0, m4.t2, m4.t0 FROM m4 WHERE (((((((CAST(((+ (m4.f0))*(+ (-436419271))) AS BOOLEAN))AND((((m4.t0)||(m4.t2))) NOT IN ('IEv', 'iKLོ<'))))AND((CAST(NOT (TRUE) AS BIGINT)) BETWEEN SYMMETRIC (CAST(m4.t0 AS BIGINT)) AND (- (CAST(m4.t0 AS BIGINT))))))OR(((((- (m4.f0))^(CAST(0.4641589299925929 AS BIGINT))))<=(+ (- (m4.f0))))))) IS NULL; --
-- AFTER_SORT --
422 Unprocessable Entity
{"error_code":"010001","error_message":"Datafusion: Error during planning: Invalid function 'symmetric'"}
-- ERROR:  --

-- EXECUTE SQL: SELECT ALL m0.f1 FROM m0; --
-- AFTER_SORT --
200 OK
f1
0.0
0.4131558313302025
0.47166914414715877
0.507623643211476
0.5469987105166848
0.5540439337463335
0.6326195071473769
0.9622249970170084

-- EXECUTE SQL: SELECT m0.f1 FROM m0 WHERE ((CAST(((443506543)/(291484029)) AS STRING)) BETWEEN (CAST((m0.f0) IS FALSE AS STRING)) AND (((CAST(-932564021 AS STRING))||(CAST(33499183 AS STRING))))) IS TRUE UNION ALL SELECT m0.f1 FROM m0 WHERE NOT (((CAST(((443506543)/(291484029)) AS STRING)) BETWEEN (CAST((m0.f0) IS FALSE AS STRING)) AND (((CAST(-932564021 AS STRING))||(CAST(33499183 AS STRING))))) IS TRUE) UNION ALL SELECT m0.f1 FROM m0 WHERE (((CAST(((443506543)/(291484029)) AS STRING)) BETWEEN (CAST((m0.f0) IS FALSE AS STRING)) AND (((CAST(-932564021 AS STRING))||(CAST(33499183 AS STRING))))) IS TRUE) IS NULL; --
-- AFTER_SORT --
200 OK
f1
0.0
0.4131558313302025
0.47166914414715877
0.507623643211476
0.5469987105166848
0.5540439337463335
0.6326195071473769
0.9622249970170084

-- EXECUTE SQL: SELECT MAX(-4.88758559E8) FROM m3; --
-- AFTER_SORT --
200 OK
MAX(Float64(-488758559))
-488758559.0

-- EXECUTE SQL: SELECT MAX(agg0) FROM (SELECT ALL MAX(-4.88758559E8)  as agg0 FROM m3 WHERE (2.054705454E9) NOT IN (0.21952361206409599, 0.8148727002039817) UNION ALL SELECT MAX(-4.88758559E8)  as agg0 FROM m3 WHERE NOT ((2.054705454E9) NOT IN (0.21952361206409599, 0.8148727002039817)) UNION ALL SELECT MAX(-4.88758559E8)  as agg0 FROM m3 WHERE ((2.054705454E9) NOT IN (0.21952361206409599, 0.8148727002039817)) IS NULL) as asdf; --
-- AFTER_SORT --
422 Unprocessable Entity
{"error_code":"010001","error_message":"Datafusion: This feature is not implemented: sql numeric literals in scientific notation are not supported"}
-- ERROR:  --

-- EXECUTE SQL: SELECT ALL m0.f1 FROM m0; --
-- AFTER_SORT --
200 OK
f1
0.0
0.4131558313302025
0.47166914414715877
0.507623643211476
0.5469987105166848
0.5540439337463335
0.6326195071473769
0.9622249970170084

-- EXECUTE SQL: SELECT ALL m0.f1 FROM m0 WHERE NOT ((('TOk')=(m0.t0))) UNION ALL SELECT ALL m0.f1 FROM m0 WHERE NOT (NOT ((('TOk')=(m0.t0)))) UNION ALL SELECT ALL m0.f1 FROM m0 WHERE (NOT ((('TOk')=(m0.t0)))) IS NULL; --
-- AFTER_SORT --
200 OK
f1
0.0
0.4131558313302025
0.47166914414715877
0.507623643211476
0.5469987105166848
0.5540439337463335
0.6326195071473769
0.9622249970170084

-- EXECUTE SQL: SELECT m3.f1, m3.f0, m3.t0, m3.t1 FROM m3; --
-- AFTER_SORT --
200 OK
f1,f0,t0,t1
false,0,t0,t1

-- EXECUTE SQL: SELECT ALL m3.f1, m3.f0, m3.t0, m3.t1 FROM m3 WHERE NOT (m3.f1) UNION ALL SELECT m3.f1, m3.f0, m3.t0, m3.t1 FROM m3 WHERE NOT (NOT (m3.f1)) UNION ALL SELECT m3.f1, m3.f0, m3.t0, m3.t1 FROM m3 WHERE (NOT (m3.f1)) IS NULL; --
-- AFTER_SORT --
200 OK
f1,f0,t0,t1
false,0,t0,t1

-- EXECUTE SQL: SELECT m4.t2, m4.f0, m4.t0, m4.t1 FROM m4; --
-- AFTER_SORT --
200 OK
t2,f0,t0,t1
t2,0,t0,t1

-- EXECUTE SQL: SELECT m4.t2, m4.f0, m4.t0, m4.t1 FROM m4 WHERE (((m4.f0)%(CAST(TRUE AS BIGINT)))) IN (1358142640, 740498843); --
-- AFTER_SORT --
200 OK


-- EXECUTE SQL: SELECT m1.f0 FROM m1; --
-- AFTER_SORT --
200 OK
f0
f0

-- EXECUTE SQL: SELECT ALL m1.f0 FROM m1 WHERE (((CAST(2.6056234E7 AS BOOLEAN)) IS FALSE) BETWEEN SYMMETRIC (CAST((-1085148421) NOT IN (-1500909960) AS BOOLEAN)) AND ((((1573456014) IN (0.13611617631973572, 0.9136097523200366))!=((m1.t0) BETWEEN (m1.f0) AND ('-3d~%24v '))))) IS UNKNOWN UNION ALL SELECT m1.f0 FROM m1 WHERE NOT ((((CAST(2.6056234E7 AS BOOLEAN)) IS FALSE) BETWEEN SYMMETRIC (CAST((-1085148421) NOT IN (-1500909960) AS BOOLEAN)) AND ((((1573456014) IN (0.13611617631973572, 0.9136097523200366))!=((m1.t0) BETWEEN (m1.f0) AND ('-3d~%24v '))))) IS UNKNOWN) UNION ALL SELECT ALL m1.f0 FROM m1 WHERE ((((CAST(2.6056234E7 AS BOOLEAN)) IS FALSE) BETWEEN SYMMETRIC (CAST((-1085148421) NOT IN (-1500909960) AS BOOLEAN)) AND ((((1573456014) IN (0.13611617631973572, 0.9136097523200366))!=((m1.t0) BETWEEN (m1.f0) AND ('-3d~%24v '))))) IS UNKNOWN) IS NULL; --
-- AFTER_SORT --
422 Unprocessable Entity
{"error_code":"010001","error_message":"Datafusion: This feature is not implemented: sql numeric literals in scientific notation are not supported"}
-- ERROR:  --

-- EXECUTE SQL: SELECT m2.f0 FROM m2; --
-- AFTER_SORT --
200 OK
f0
false

-- EXECUTE SQL: SELECT m2.f0 FROM m2 WHERE CAST(0.5103766963294405 AS BOOLEAN) UNION ALL SELECT m2.f0 FROM m2 WHERE NOT (CAST(0.5103766963294405 AS BOOLEAN)) UNION ALL SELECT ALL m2.f0 FROM m2 WHERE (CAST(0.5103766963294405 AS BOOLEAN)) IS NULL; --
-- AFTER_SORT --
200 OK
f0
false

-- EXECUTE SQL: SELECT ALL BOOL_OR((((((m4.t0) IN ('M SELECT ALL m1.f1, m1.f0, m1.t0 FROM m1 ORDER BY m1.t0 DESC; --
-- AFTER_SORT --
422 Unprocessable Entity
{"error_code":"010009","error_message":"sql parser error: Unterminated string literal at Line: 1, Column 36"}
-- ERROR:  --

-- EXECUTE SQL: SELECT m1.f1, m1.f0, m1.t0 FROM m1 WHERE ((NOT (((((m1.t0)||(48911391)))IS DISTINCT FROM(CAST(1059668417 AS STRING)))))AND(m1.f1)); --
-- AFTER_SORT --
200 OK


-- EXECUTE SQL: SELECT ALL m4.t0, m4.f0, m4.t1 FROM m4; --
-- AFTER_SORT --
200 OK
t0,f0,t1
t0,0,t1

-- EXECUTE SQL: SELECT ALL m4.t0, m4.f0, m4.t1 FROM m4 WHERE (((((((CAST(TRUE AS BOOLEAN)) IN (TRUE))OR(TRUE)))AND((CAST(((m4.f0)-(m4.f0)) AS STRING)) BETWEEN SYMMETRIC (CAST(CAST(m4.f0 AS BIGINT) AS STRING)) AND (CAST(CAST(NULL AS BIGINT) AS STRING)))))AND((((m4.t0)>(m4.t1))) NOT IN (FALSE, FALSE))); --
-- AFTER_SORT --
422 Unprocessable Entity
{"error_code":"010001","error_message":"Datafusion: Error during planning: Invalid function 'symmetric'"}
-- ERROR:  --

-- EXECUTE SQL: SELECT ALL m3.f1, m3.f0 FROM m3; --
-- AFTER_SORT --
200 OK
f1,f0
false,0

-- EXECUTE SQL: SELECT ALL m3.f1, m3.f0 FROM m3 WHERE ((((CAST(CAST(m3.f0 AS STRING) AS STRING))||(FALSE)))LIKE(CAST(((CAST(6.94936525E8 AS BIGINT))^(+ (m3.f0))) AS STRING))) UNION ALL SELECT m3.f1, m3.f0 FROM m3 WHERE NOT (((((CAST(CAST(m3.f0 AS STRING) AS STRING))||(FALSE)))LIKE(CAST(((CAST(6.94936525E8 AS BIGINT))^(+ (m3.f0))) AS STRING)))) UNION ALL SELECT ALL m3.f1, m3.f0 FROM m3 WHERE (((((CAST(CAST(m3.f0 AS STRING) AS STRING))||(FALSE)))LIKE(CAST(((CAST(6.94936525E8 AS BIGINT))^(+ (m3.f0))) AS STRING)))) IS NULL; --
-- AFTER_SORT --
422 Unprocessable Entity
{"error_code":"010001","error_message":"Datafusion: This feature is not implemented: sql numeric literals in scientific notation are not supported"}
-- ERROR:  --

-- EXECUTE SQL: SELECT ALL MAX(((((CAST(CAST(FALSE AS STRING) AS STRING))||(CAST(((m4.t0)<=(m4.t2)) AS STRING))))IS DISTINCT FROM(((((CAST(TRUE AS STRING))||((('?X')||(m4.t1)))))||(m4.f0))))) FROM m4; --
-- AFTER_SORT --
422 Unprocessable Entity
{"error_code":"010001","error_message":"Datafusion: Internal error: Min/Max accumulator not implemented for type Boolean. This was likely caused by a bug in DataFusion's code and we would welcome that you file an bug report in our issue tracker"}
-- ERROR:  --

-- EXECUTE SQL: SELECT m0.f0, m0.t0 FROM m0; --
-- AFTER_SORT --
200 OK
f0,t0
false,
false,
false,t0
true,
true,
true,
true,
true,
true,
true,
true,

-- EXECUTE SQL: SELECT ALL m0.f0, m0.t0 FROM m0 WHERE ((CAST(- (-283773192) AS BOOLEAN)) IS TRUE) IS UNKNOWN UNION ALL SELECT m0.f0, m0.t0 FROM m0 WHERE NOT (((CAST(- (-283773192) AS BOOLEAN)) IS TRUE) IS UNKNOWN) UNION ALL SELECT ALL m0.f0, m0.t0 FROM m0 WHERE (((CAST(- (-283773192) AS BOOLEAN)) IS TRUE) IS UNKNOWN) IS NULL; --
-- AFTER_SORT --
200 OK
f0,t0
false,
false,
false,t0
true,
true,
true,
true,
true,
true,
true,
true,

-- EXECUTE SQL: SELECT ALL m0.f1 FROM m0; --
-- AFTER_SORT --
200 OK
f1
0.0
0.4131558313302025
0.47166914414715877
0.507623643211476
0.5469987105166848
0.5540439337463335
0.6326195071473769
0.9622249970170084

-- EXECUTE SQL: SELECT ALL m0.f1 FROM m0 WHERE (((((((((((395826959) NOT IN (421382481, 1997494472))OR(m0.f0)))OR((((m0.f0)AND(m0.f0))) IS UNKNOWN)))OR((((181591174)=(-2085221357))) BETWEEN (((m0.t0)LIKE(m0.t0))) AND (NOT (m0.f0)))))OR(NOT ((m0.f0) IS TRUE))))OR(m0.f0)) UNION ALL SELECT m0.f1 FROM m0 WHERE NOT ((((((((((((395826959) NOT IN (421382481, 1997494472))OR(m0.f0)))OR((((m0.f0)AND(m0.f0))) IS UNKNOWN)))OR((((181591174)=(-2085221357))) BETWEEN (((m0.t0)LIKE(m0.t0))) AND (NOT (m0.f0)))))OR(NOT ((m0.f0) IS TRUE))))OR(m0.f0))) UNION ALL SELECT ALL m0.f1 FROM m0 WHERE ((((((((((((395826959) NOT IN (421382481, 1997494472))OR(m0.f0)))OR((((m0.f0)AND(m0.f0))) IS UNKNOWN)))OR((((181591174)=(-2085221357))) BETWEEN (((m0.t0)LIKE(m0.t0))) AND (NOT (m0.f0)))))OR(NOT ((m0.f0) IS TRUE))))OR(m0.f0))) IS NULL; --
-- AFTER_SORT --
200 OK
f1
0.0
0.4131558313302025
0.47166914414715877
0.507623643211476
0.5469987105166848
0.5540439337463335
0.6326195071473769
0.9622249970170084

-- EXECUTE SQL: SELECT ALL SUM(0.05290683551262432) FROM m3; --
-- AFTER_SORT --
200 OK
SUM(Float64(0.05290683551262432))
0.05290683551262432

-- EXECUTE SQL: SELECT ALL SUM(CAST(0.9609833329171376 AS BIGINT)) FROM m1; --
-- AFTER_SORT --
200 OK
SUM(Float64(0.9609833329171376))
0

-- EXECUTE SQL: SELECT ALL MIN(((((CAST(- (+ (m4.f0)) AS BOOLEAN))OR(CAST(0.18361102209351832 AS BOOLEAN))))OR(CAST(0.14149015016136468 AS BOOLEAN)))) FROM m4; --
-- AFTER_SORT --
422 Unprocessable Entity
{"error_code":"010001","error_message":"Datafusion: Internal error: Min/Max accumulator not implemented for type Boolean. This was likely caused by a bug in DataFusion's code and we would welcome that you file an bug report in our issue tracker"}
-- ERROR:  --

-- EXECUTE SQL: SELECT BIT_AND(CAST(CAST(((((m4.t0)||(m4.f0)))||(CAST(m4.f0 AS BIGINT))) AS BIGINT) AS BIGINT)) FROM m4; --
-- AFTER_SORT --
422 Unprocessable Entity
{"error_code":"010001","error_message":"Datafusion: Error during planning: Invalid function 'bit_and'"}
-- ERROR:  --

-- EXECUTE SQL: SELECT ALL BIT_OR(CAST(+ (CAST(((m3.f0)+(m3.f0)) AS BIGINT)) AS BIGINT)) FROM m3; --
-- AFTER_SORT --
422 Unprocessable Entity
{"error_code":"010001","error_message":"Datafusion: Error during planning: Invalid function 'bit_or'"}
-- ERROR:  --

-- EXECUTE SQL: SELECT m0.f0, m0.f1, m0.t0 FROM m0; --
-- AFTER_SORT --
200 OK
f0,f1,t0
,0.47166914414715877,
,0.507623643211476,916053861
false,,
false,0.0,t0
false,0.6326195071473769,
true,,
true,,
true,,
true,,
true,0.4131558313302025,
true,0.5469987105166848,
true,0.5540439337463335,
true,0.9622249970170084,

-- EXECUTE SQL: SELECT SUM(0.6096484376459871) FROM m1 ORDER BY m1.t0 DESC; --
-- AFTER_SORT --
422 Unprocessable Entity
{"error_code":"010001","error_message":"Datafusion: Schema error: No field named m1.t0. Valid fields are \"SUM(Float64(0.6096484376459871))\"."}
-- ERROR:  --

-- EXECUTE SQL: SELECT ALL BOOL_OR((((((((((((m2.f1)LIKE(m2.f1)))OR(((m2.f0)AND(m2.f0)))))OR((0.5546139751565915) IN (0.3276204101429546))))AND((m2.t0) BETWEEN ('0.6468887984268011') AND (m2.f1)))) BETWEEN SYMMETRIC ((((m2.f0) BETWEEN SYMMETRIC (m2.f0) AND (m2.f0))AND(m2.f0))) AND (((CAST(m2.f0 AS STRING))LIKE(CAST(m2.f0 AS STRING)))))<=((+ (- (1120541685))) IS NOT NULL))) FROM m2; --
-- AFTER_SORT --
422 Unprocessable Entity
{"error_code":"010001","error_message":"Datafusion: Error during planning: Invalid function 'bool_or'"}
-- ERROR:  --

-- EXECUTE SQL: SELECT m1.t0, m1.f1, m1.f0 FROM m1; --
-- AFTER_SORT --
200 OK
t0,f1,f0
,false,
t0,false,f0

-- EXECUTE SQL: SELECT m1.t0, m1.f1, m1.f0 FROM m1 WHERE m1.f1; --
-- AFTER_SORT --
200 OK


-- EXECUTE SQL: SELECT ALL m1.t0, m1.f1, m1.f0 FROM m1 WHERE NOT (m1.f1); --
-- AFTER_SORT --
200 OK
t0,f1,f0
,false,
t0,false,f0

-- EXECUTE SQL: SELECT ALL m1.t0, m1.f1, m1.f0 FROM m1 WHERE (m1.f1) IS NULL; --
-- AFTER_SORT --
200 OK


-- EXECUTE SQL: SELECT m1.f1, m1.t0, m1.f0 FROM m1; --
-- AFTER_SORT --
200 OK
f1,t0,f0
false,,
false,t0,f0

-- EXECUTE SQL: SELECT m1.f1, m1.t0, m1.f0 FROM m1 WHERE (((CAST(-936302330 AS BOOLEAN)) IS NOT UNKNOWN) IS NOT UNKNOWN) IS NOT UNKNOWN; --
-- AFTER_SORT --
200 OK
f1,t0,f0
false,,
false,t0,f0

-- EXECUTE SQL: SELECT m1.f1, m1.t0, m1.f0 FROM m1 WHERE NOT ((((CAST(-936302330 AS BOOLEAN)) IS NOT UNKNOWN) IS NOT UNKNOWN) IS NOT UNKNOWN); --
-- AFTER_SORT --
200 OK


-- EXECUTE SQL: SELECT ALL m1.f1, m1.t0, m1.f0 FROM m1 WHERE ((((CAST(-936302330 AS BOOLEAN)) IS NOT UNKNOWN) IS NOT UNKNOWN) IS NOT UNKNOWN) IS NULL; --
-- AFTER_SORT --
200 OK


-- EXECUTE SQL: SELECT ALL BIT_OR(CAST((CAST(FALSE AS BIGINT)) NOT IN (0.5844695362547421, 0.7511352762098632, 0.02431858285836208) AS BIGINT)) FROM m4; --
-- AFTER_SORT --
422 Unprocessable Entity
{"error_code":"010001","error_message":"Datafusion: Error during planning: Invalid function 'bit_or'"}
-- ERROR:  --

-- EXECUTE SQL: SELECT ALL * FROM m3; --
-- AFTER_SORT --
200 OK
time,t0,t1,f0,f1
1970-01-01T00:00:00.000000000,t0,t1,0,false

-- EXECUTE SQL: SELECT * FROM m3 WHERE (+ (((m3.f0)-(m3.f0)))) IN (311761313, 0, -75068225, -1147098940); --
-- AFTER_SORT --
200 OK
time,t0,t1,f0,f1
1970-01-01T00:00:00.000000000,t0,t1,0,false

-- EXECUTE SQL: SELECT * FROM m3 WHERE NOT ((+ (((m3.f0)-(m3.f0)))) IN (311761313, 0, -75068225, -1147098940)); --
-- AFTER_SORT --
200 OK


-- EXECUTE SQL: SELECT * FROM m3 WHERE ((+ (((m3.f0)-(m3.f0)))) IN (311761313, 0, -75068225, -1147098940)) IS NULL; --
-- AFTER_SORT --
200 OK


-- EXECUTE SQL: SELECT m4.t1, m4.t2, m4.t0, m4.f0 FROM m4; --
-- AFTER_SORT --
200 OK
t1,t2,t0,f0
t1,t2,t0,0

-- EXECUTE SQL: SELECT ALL m4.t1, m4.t2, m4.t0, m4.f0 FROM m4 WHERE ((CAST(+ (m4.f0) AS BIGINT))!=(m4.f0)); --
-- AFTER_SORT --
200 OK


-- EXECUTE SQL: SELECT m4.t1, m4.t2, m4.t0, m4.f0 FROM m4 WHERE NOT (((CAST(+ (m4.f0) AS BIGINT))!=(m4.f0))); --
-- AFTER_SORT --
200 OK
t1,t2,t0,f0
t1,t2,t0,0

-- EXECUTE SQL: SELECT m4.t1, m4.t2, m4.t0, m4.f0 FROM m4 WHERE (((CAST(+ (m4.f0) AS BIGINT))!=(m4.f0))) IS NULL; --
-- AFTER_SORT --
200 OK


-- EXECUTE SQL: SELECT ALL MAX(CAST(CAST(((((-1770299815)^(291484029)))-(((706170751)-(-488758559)))) AS STRING) AS BIGINT)) FROM m0; --
-- AFTER_SORT --
200 OK
MAX(Int64(-1770299815) # Int64(291484029) - Int64(706170751) - Int64(-488758559))
-3222551930

-- EXECUTE SQL: SELECT ALL m0.f0, m0.t0 FROM m0; --
-- AFTER_SORT --
200 OK
f0,t0
false,
false,
false,t0
true,
true,
true,
true,
true,
true,
true,
true,

-- EXECUTE SQL: SELECT ALL m0.f0, m0.t0 FROM m0 WHERE ((CAST(0.4736801693096383 AS STRING))LIKE(CAST((m0.f1) IN (0.9689249390358685, 0.5822675735859034) AS STRING))); --
-- AFTER_SORT --
200 OK


-- EXECUTE SQL: SELECT SUM(0.7211913967091175) FROM m3; --
-- AFTER_SORT --
200 OK
SUM(Float64(0.7211913967091175))
0.7211913967091175

-- EXECUTE SQL: SELECT SUM(agg0) FROM (SELECT ALL SUM(0.7211913967091175)  as agg0 FROM m3 WHERE CAST((0.9192293931564824) NOT IN (0.6760630186109298) AS BOOLEAN) UNION ALL SELECT ALL SUM(0.7211913967091175)  as agg0 FROM m3 WHERE NOT (CAST((0.9192293931564824) NOT IN (0.6760630186109298) AS BOOLEAN)) UNION ALL SELECT ALL SUM(0.7211913967091175)  as agg0 FROM m3 WHERE (CAST((0.9192293931564824) NOT IN (0.6760630186109298) AS BOOLEAN)) IS NULL) as asdf; --
-- AFTER_SORT --
200 OK
SUM(asdf.agg0)
0.7211913967091175

-- EXECUTE SQL: SELECT COUNT(CAST(CAST(0.5224095978421741 AS STRING) AS BIGINT)) FROM m1 WHERE (NOT (((m1.t0)LIKE(m1.t0)))) IN (TRUE) GROUP BY CAST(- (CAST(CAST(m1.t0 AS STRING) AS BIGINT)) AS BIGINT); --
-- AFTER_SORT --
422 Unprocessable Entity
{"error_code":"010001","error_message":"Datafusion: simplify_expressions\ncaused by\nInternal error: Optimizer rule 'simplify_expressions' failed due to unexpected error: Arrow error: Cast error: Cannot cast string '0.5224095978421741' to value of Int64 type. This was likely caused by a bug in DataFusion's code and we would welcome that you file an bug report in our issue tracker"}
-- ERROR:  --

-- EXECUTE SQL: SELECT ALL m1.f1, m1.f0, m1.t0 FROM m1; --
-- AFTER_SORT --
200 OK
f1,f0,t0
false,,
false,f0,t0

-- EXECUTE SQL: SELECT ALL m1.f1, m1.f0, m1.t0 FROM m1 WHERE ((((CAST(- (416542755) AS STRING))||(((CAST(m1.f1 AS STRING))>=(CAST(m1.t0 AS STRING))))))LIKE(CAST(((CAST(-7.83616155E8 AS STRING))||(((m1.t0)=(m1.t0)))) AS STRING))) UNION ALL SELECT m1.f1, m1.f0, m1.t0 FROM m1 WHERE NOT (((((CAST(- (416542755) AS STRING))||(((CAST(m1.f1 AS STRING))>=(CAST(m1.t0 AS STRING))))))LIKE(CAST(((CAST(-7.83616155E8 AS STRING))||(((m1.t0)=(m1.t0)))) AS STRING)))) UNION ALL SELECT m1.f1, m1.f0, m1.t0 FROM m1 WHERE (((((CAST(- (416542755) AS STRING))||(((CAST(m1.f1 AS STRING))>=(CAST(m1.t0 AS STRING))))))LIKE(CAST(((CAST(-7.83616155E8 AS STRING))||(((m1.t0)=(m1.t0)))) AS STRING)))) IS NULL; --
-- AFTER_SORT --
200 OK
f1,f0,t0
false,,
false,f0,t0

-- EXECUTE SQL: SELECT ALL BIT_OR(- (CAST(CAST(0.10877241438849494 AS DOUBLE) AS BIGINT))) FROM m1; --
-- AFTER_SORT --
422 Unprocessable Entity
{"error_code":"010001","error_message":"Datafusion: Error during planning: Invalid function 'bit_or'"}
-- ERROR:  --

-- EXECUTE SQL: SELECT m0.t0, m0.f1, m0.f0 FROM m0; --
-- AFTER_SORT --
200 OK
t0,f1,f0
,,false
,,true
,,true
,,true
,,true
,0.4131558313302025,true
,0.47166914414715877,
,0.5469987105166848,true
,0.5540439337463335,true
,0.6326195071473769,false
,0.9622249970170084,true
916053861,0.507623643211476,
t0,0.0,false

-- EXECUTE SQL: SELECT m0.t0, m0.f1, m0.f0 FROM m0 WHERE m0.f0 UNION ALL SELECT ALL m0.t0, m0.f1, m0.f0 FROM m0 WHERE NOT (m0.f0) UNION ALL SELECT m0.t0, m0.f1, m0.f0 FROM m0 WHERE (m0.f0) IS NULL; --
-- AFTER_SORT --
200 OK
t0,f1,f0
,,false
,,true
,,true
,,true
,,true
,0.4131558313302025,true
,0.47166914414715877,
,0.5469987105166848,true
,0.5540439337463335,true
,0.6326195071473769,false
,0.9622249970170084,true
916053861,0.507623643211476,
t0,0.0,false

-- EXECUTE SQL: SELECT m2.f0, m2.t0, m2.f1 FROM m2; --
-- AFTER_SORT --
200 OK
f0,t0,f1
false,t0,f1

-- EXECUTE SQL: SELECT m2.f0, m2.t0, m2.f1 FROM m2 WHERE CAST(((m2.t0) IN ('{e', '')) IS FALSE AS BOOLEAN) UNION ALL SELECT m2.f0, m2.t0, m2.f1 FROM m2 WHERE NOT (CAST(((m2.t0) IN ('{e', '')) IS FALSE AS BOOLEAN)) UNION ALL SELECT ALL m2.f0, m2.t0, m2.f1 FROM m2 WHERE (CAST(((m2.t0) IN ('{e', '')) IS FALSE AS BOOLEAN)) IS NULL; --
-- AFTER_SORT --
200 OK
f0,t0,f1
false,t0,f1

-- EXECUTE SQL: SELECT m2.f1 FROM m2; --
-- AFTER_SORT --
200 OK
f1
f1

-- EXECUTE SQL: SELECT m2.f1 FROM m2 WHERE CAST(CAST(CAST((m2.f0) BETWEEN (m2.f0) AND (m2.f0) AS BIGINT) AS STRING) AS BOOLEAN) UNION ALL SELECT m2.f1 FROM m2 WHERE NOT (CAST(CAST(CAST((m2.f0) BETWEEN (m2.f0) AND (m2.f0) AS BIGINT) AS STRING) AS BOOLEAN)) UNION ALL SELECT m2.f1 FROM m2 WHERE (CAST(CAST(CAST((m2.f0) BETWEEN (m2.f0) AND (m2.f0) AS BIGINT) AS STRING) AS BOOLEAN)) IS NULL; --
-- AFTER_SORT --
200 OK
f1
f1

-- EXECUTE SQL: SELECT m0.f0, m0.f1, m0.t0 FROM m0; --
-- AFTER_SORT --
200 OK
f0,f1,t0
,0.47166914414715877,
,0.507623643211476,916053861
false,,
false,0.0,t0
false,0.6326195071473769,
true,,
true,,
true,,
true,,
true,0.4131558313302025,
true,0.5469987105166848,
true,0.5540439337463335,
true,0.9622249970170084,

-- EXECUTE SQL: SELECT m0.f0, m0.f1, m0.t0 FROM m0 WHERE ((CAST(NOT (((((m0.f0)OR(m0.f0)))AND(m0.f0))) AS STRING))!=(m0.t0)) UNION ALL SELECT ALL m0.f0, m0.f1, m0.t0 FROM m0 WHERE NOT (((CAST(NOT (((((m0.f0)OR(m0.f0)))AND(m0.f0))) AS STRING))!=(m0.t0))) UNION ALL SELECT ALL m0.f0, m0.f1, m0.t0 FROM m0 WHERE (((CAST(NOT (((((m0.f0)OR(m0.f0)))AND(m0.f0))) AS STRING))!=(m0.t0))) IS NULL; --
-- AFTER_SORT --
200 OK
f0,f1,t0
,0.47166914414715877,
,0.507623643211476,916053861
false,,
false,0.0,t0
false,0.6326195071473769,
true,,
true,,
true,,
true,,
true,0.4131558313302025,
true,0.5469987105166848,
true,0.5540439337463335,
true,0.9622249970170084,

-- EXECUTE SQL: SELECT ALL m0.f0, m0.f1 FROM m0; --
-- AFTER_SORT --
200 OK
f0,f1
,0.47166914414715877
,0.507623643211476
false,
false,0.0
false,0.6326195071473769
true,
true,
true,
true,
true,0.4131558313302025
true,0.5469987105166848
true,0.5540439337463335
true,0.9622249970170084

-- EXECUTE SQL: SELECT ALL m3.t1, m3.t0, m3.f0 FROM m3; --
-- AFTER_SORT --
200 OK
t1,t0,f0
t1,t0,0

-- EXECUTE SQL: SELECT m3.t1, m3.t0, m3.f0 FROM m3 WHERE ((((((((m3.f1) IS NOT UNKNOWN)OR(NOT (FALSE))))OR(CAST(m3.t0 AS BOOLEAN))))OR(NOT (NULL)))) IN (FALSE, TRUE); --
-- AFTER_SORT --
200 OK
t1,t0,f0
t1,t0,0

-- EXECUTE SQL: SELECT m3.t1, m3.t0, m3.f0 FROM m3 WHERE NOT (((((((((m3.f1) IS NOT UNKNOWN)OR(NOT (FALSE))))OR(CAST(m3.t0 AS BOOLEAN))))OR(NOT (NULL)))) IN (FALSE, TRUE)); --
-- AFTER_SORT --
200 OK


-- EXECUTE SQL: SELECT m3.t1, m3.t0, m3.f0 FROM m3 WHERE (((((((((m3.f1) IS NOT UNKNOWN)OR(NOT (FALSE))))OR(CAST(m3.t0 AS BOOLEAN))))OR(NOT (NULL)))) IN (FALSE, TRUE)) IS NULL; --
-- AFTER_SORT --
200 OK


-- EXECUTE SQL: SELECT ALL m2.f0, m2.f1, m2.t0 FROM m2; --
-- AFTER_SORT --
200 OK
f0,f1,t0
false,f1,t0

-- EXECUTE SQL: SELECT ALL m2.f0, m2.f1, m2.t0 FROM m2 WHERE NOT (CAST(1.765622571E9 AS BOOLEAN)); --
-- AFTER_SORT --
422 Unprocessable Entity
{"error_code":"010001","error_message":"Datafusion: This feature is not implemented: sql numeric literals in scientific notation are not supported"}
-- ERROR:  --

-- EXECUTE SQL: SELECT m0.t0 FROM m0 WHERE NOT (NOT (((CAST(m0.f1 AS STRING))LIKE(CAST(-1694794127 AS STRING))))); --
-- AFTER_SORT --
200 OK


-- EXECUTE SQL: SELECT ALL MAX(0.11902110991187975) FROM m0; --
-- AFTER_SORT --
200 OK
MAX(Float64(0.11902110991187975))
0.11902110991187975

-- EXECUTE SQL: SELECT ALL BOOL_AND((0.6217647053258654) IN (0.30980467236273324)) FROM m3; --
-- AFTER_SORT --
422 Unprocessable Entity
{"error_code":"010001","error_message":"Datafusion: Error during planning: Invalid function 'bool_and'"}
-- ERROR:  --

-- EXECUTE SQL: SELECT ALL m4.t0, m4.t2 FROM m4 WHERE CAST(((CAST(CAST(TRUE AS BIGINT) AS STRING))||(((CAST(0.47117722516469007 AS STRING))>(CAST(m4.f0 AS STRING))))) AS BOOLEAN) UNION ALL SELECT m4.t0, m4.t2 FROM m4 WHERE NOT (CAST(((CAST(CAST(TRUE AS BIGINT) AS STRING))||(((CAST(0.47117722516469007 AS STRING))>(CAST(m4.f0 AS STRING))))) AS BOOLEAN)) UNION ALL SELECT ALL m4.t0, m4.t2 FROM m4 WHERE (CAST(((CAST(CAST(TRUE AS BIGINT) AS STRING))||(((CAST(0.47117722516469007 AS STRING))>(CAST(m4.f0 AS STRING))))) AS BOOLEAN)) IS NULL; --
-- AFTER_SORT --
422 Unprocessable Entity
{"error_code":"010002","error_message":"Arrow: Cast error: Cannot cast value '11' to value of Boolean type"}
-- ERROR:  --

-- EXECUTE SQL: SELECT ALL * FROM m2; --
-- AFTER_SORT --
200 OK
time,t0,f0,f1
1970-01-01T00:00:00.000000000,t0,false,f1

-- EXECUTE SQL: SELECT * FROM m2 WHERE m2.f0 UNION ALL SELECT ALL * FROM m2 WHERE NOT (m2.f0) UNION ALL SELECT * FROM m2 WHERE (m2.f0) IS NULL; --
-- AFTER_SORT --
200 OK
time,t0,f0,f1
1970-01-01T00:00:00.000000000,t0,false,f1

-- EXECUTE SQL: SELECT m1.t0, m1.f0 FROM m1; --
-- AFTER_SORT --
200 OK
t0,f0
t0,f0

-- EXECUTE SQL: SELECT ALL m1.t0, m1.f0 FROM m1 WHERE (m1.f1) IS TRUE; --
-- AFTER_SORT --
200 OK


-- EXECUTE SQL: SELECT ALL m1.t0, m1.f0 FROM m1 WHERE NOT ((m1.f1) IS TRUE); --
-- AFTER_SORT --
200 OK
t0,f0
,
t0,f0

-- EXECUTE SQL: SELECT ALL m1.t0, m1.f0 FROM m1 WHERE ((m1.f1) IS TRUE) IS NULL; --
-- AFTER_SORT --
200 OK


-- EXECUTE SQL: SELECT ALL m4.t0, m4.t1, m4.f0 FROM m4; --
-- AFTER_SORT --
200 OK
t0,t1,f0
t0,t1,0

-- EXECUTE SQL: SELECT m4.t0, m4.t1, m4.f0 FROM m4 WHERE CAST(CAST(m4.f0 AS BOOLEAN) AS BOOLEAN) UNION ALL SELECT m4.t0, m4.t1, m4.f0 FROM m4 WHERE NOT (CAST(CAST(m4.f0 AS BOOLEAN) AS BOOLEAN)) UNION ALL SELECT m4.t0, m4.t1, m4.f0 FROM m4 WHERE (CAST(CAST(m4.f0 AS BOOLEAN) AS BOOLEAN)) IS NULL; --
-- AFTER_SORT --
200 OK
t0,t1,f0
t0,t1,0

-- EXECUTE SQL: SELECT m3.t0 FROM m3 WHERE ((((((NOT (m3.f1))AND(TRUE)))AND((('')LIKE(m3.t1))))) IS FALSE) IS UNKNOWN UNION ALL SELECT m3.t0 FROM m3 WHERE NOT (((((((NOT (m3.f1))AND(TRUE)))AND((('')LIKE(m3.t1))))) IS FALSE) IS UNKNOWN) UNION ALL SELECT m3.t0 FROM m3 WHERE (((((((NOT (m3.f1))AND(TRUE)))AND((('')LIKE(m3.t1))))) IS FALSE) IS UNKNOWN) IS NULL; --
-- AFTER_SORT --
200 OK
t0
t0

-- EXECUTE SQL: SELECT m4.t0 FROM m4 WHERE (((m4.t0)||(((m4.f0)IS DISTINCT FROM(m4.f0))))) IN ('', 'ylNEDW?'); --
-- AFTER_SORT --
200 OK


-- EXECUTE SQL: SELECT m4.t0 FROM m4 WHERE NOT ((((m4.t0)||(((m4.f0)IS DISTINCT FROM(m4.f0))))) IN ('', 'ylNEDW?')); --
-- AFTER_SORT --
200 OK
t0
t0

-- EXECUTE SQL: SELECT ALL m4.t0 FROM m4 WHERE ((((m4.t0)||(((m4.f0)IS DISTINCT FROM(m4.f0))))) IN ('', 'ylNEDW?')) IS NULL; --
-- AFTER_SORT --
200 OK


-- EXECUTE SQL: SELECT ALL m0.f0, m0.f1, m0.t0 FROM m0; --
-- AFTER_SORT --
200 OK
f0,f1,t0
,0.47166914414715877,
,0.507623643211476,916053861
false,,
false,0.0,t0
false,0.6326195071473769,
true,,
true,,
true,,
true,,
true,0.4131558313302025,
true,0.5469987105166848,
true,0.5540439337463335,
true,0.9622249970170084,

-- EXECUTE SQL: SELECT m0.f0, m0.f1, m0.t0 FROM m0 WHERE ((((CAST(299102740 AS BOOLEAN))OR(((CAST(CAST(-824534954 AS BIGINT) AS STRING))IS DISTINCT FROM(CAST(0.9496735118924012 AS STRING))))))AND((((((m0.f0) IS TRUE)OR((m0.f0) BETWEEN SYMMETRIC (m0.f0) AND (m0.f0))))<(m0.f0)))) UNION ALL SELECT ALL m0.f0, m0.f1, m0.t0 FROM m0 WHERE NOT (((((CAST(299102740 AS BOOLEAN))OR(((CAST(CAST(-824534954 AS BIGINT) AS STRING))IS DISTINCT FROM(CAST(0.9496735118924012 AS STRING))))))AND((((((m0.f0) IS TRUE)OR((m0.f0) BETWEEN SYMMETRIC (m0.f0) AND (m0.f0))))<(m0.f0))))) UNION ALL SELECT ALL m0.f0, m0.f1, m0.t0 FROM m0 WHERE (((((CAST(299102740 AS BOOLEAN))OR(((CAST(CAST(-824534954 AS BIGINT) AS STRING))IS DISTINCT FROM(CAST(0.9496735118924012 AS STRING))))))AND((((((m0.f0) IS TRUE)OR((m0.f0) BETWEEN SYMMETRIC (m0.f0) AND (m0.f0))))<(m0.f0))))) IS NULL; --
-- AFTER_SORT --
422 Unprocessable Entity
{"error_code":"010001","error_message":"Datafusion: Error during planning: Invalid function 'symmetric'"}
-- ERROR:  --

-- EXECUTE SQL: SELECT ALL m0.f1, m0.f0, m0.t0 FROM m0; --
-- AFTER_SORT --
200 OK
f1,f0,t0
,false,
,true,
,true,
,true,
,true,
0.0,false,t0
0.4131558313302025,true,
0.47166914414715877,,
0.507623643211476,,916053861
0.5469987105166848,true,
0.5540439337463335,true,
0.6326195071473769,false,
0.9622249970170084,true,

-- EXECUTE SQL: SELECT m0.f1, m0.f0, m0.t0 FROM m0 WHERE ((((m0.t0)||(m0.f1))) IN ('', '')) IS NOT UNKNOWN UNION ALL SELECT ALL m0.f1, m0.f0, m0.t0 FROM m0 WHERE NOT (((((m0.t0)||(m0.f1))) IN ('', '')) IS NOT UNKNOWN) UNION ALL SELECT m0.f1, m0.f0, m0.t0 FROM m0 WHERE (((((m0.t0)||(m0.f1))) IN ('', '')) IS NOT UNKNOWN) IS NULL; --
-- AFTER_SORT --
200 OK
f1,f0,t0
,false,
,true,
,true,
,true,
,true,
0.0,false,t0
0.4131558313302025,true,
0.47166914414715877,,
0.507623643211476,,916053861
0.5469987105166848,true,
0.5540439337463335,true,
0.6326195071473769,false,
0.9622249970170084,true,

-- EXECUTE SQL: SELECT ALL m0.f0 FROM m0; --
-- AFTER_SORT --
200 OK
f0
false
false
false
true
true
true
true
true
true
true
true

-- EXECUTE SQL: SELECT m0.f0 FROM m0 WHERE (m0.f0) IN (NULL, TRUE); --
-- AFTER_SORT --
200 OK
f0
true
true
true
true
true
true
true
true

-- EXECUTE SQL: SELECT m0.f0 FROM m0 WHERE NOT ((m0.f0) IN (NULL, TRUE)); --
-- AFTER_SORT --
200 OK


-- EXECUTE SQL: SELECT ALL m0.f0 FROM m0 WHERE ((m0.f0) IN (NULL, TRUE)) IS NULL; --
-- AFTER_SORT --
200 OK
f0
false
false
false

-- EXECUTE SQL: SELECT - (AVG(((((((CAST(-631199003 AS BIGINT))-(- (26056234))))^(CAST(((-1384117880)+(-1715477248)) AS BIGINT))))-(- (- (- (-1568581974))))))) FROM m2 GROUP BY (CAST(m2.f0 AS BIGINT)) IN (-703875107); --
-- AFTER_SORT --
200 OK
(- AVG(Int64(-631199003) - (- Int64(26056234)) # Int64(-1384117880) + Int64(-1715477248) - (- (- (- Int64(-1568581974))))))
-1062405681.0

-- EXECUTE SQL: SELECT m2.f0 FROM m2; --
-- AFTER_SORT --
200 OK
f0
false

-- EXECUTE SQL: SELECT m2.f0 FROM m2 WHERE NOT (CAST(CAST(CAST(m2.t0 AS STRING) AS STRING) AS BOOLEAN)) ORDER BY m2.time; --
-- AFTER_SORT --
422 Unprocessable Entity
{"error_code":"010002","error_message":"Arrow: Cast error: Cannot cast value 't0' to value of Boolean type"}
-- ERROR:  --

-- EXECUTE SQL: SELECT ALL m2.f1, m2.t0 FROM m2; --
-- AFTER_SORT --
200 OK
f1,t0
f1,t0

-- EXECUTE SQL: SELECT ALL m2.f1, m2.t0 FROM m2 WHERE NOT (CAST(CAST(((m2.f0)AND(m2.f0)) AS BOOLEAN) AS BOOLEAN)); --
-- AFTER_SORT --
200 OK
f1,t0
f1,t0

-- EXECUTE SQL: SELECT ALL m2.f1, m2.t0 FROM m2 WHERE NOT (NOT (CAST(CAST(((m2.f0)AND(m2.f0)) AS BOOLEAN) AS BOOLEAN))); --
-- AFTER_SORT --
200 OK


-- EXECUTE SQL: SELECT m2.f1, m2.t0 FROM m2 WHERE (NOT (CAST(CAST(((m2.f0)AND(m2.f0)) AS BOOLEAN) AS BOOLEAN))) IS NULL; --
-- AFTER_SORT --
200 OK


-- EXECUTE SQL: SELECT COUNT(CAST(CAST(0.17801957922120693 AS BIGINT) AS BIGINT)) FROM m2; --
-- AFTER_SORT --
200 OK
COUNT(Float64(0.17801957922120693))
1

-- EXECUTE SQL: SELECT m3.f1 FROM m3; --
-- AFTER_SORT --
200 OK
f1
false

-- EXECUTE SQL: SELECT ALL m3.f1 FROM m3 WHERE CAST(0.048016781693070554 AS BOOLEAN); --
-- AFTER_SORT --
200 OK
f1
false

-- EXECUTE SQL: SELECT m3.f1, m3.t1 FROM m3; --
-- AFTER_SORT --
200 OK
f1,t1
false,t1

-- EXECUTE SQL: SELECT ALL m3.f1, m3.t1 FROM m3 WHERE (CAST(CAST(m3.f1 AS BIGINT) AS BIGINT)) NOT IN (0.8666212197321519) UNION ALL SELECT m3.f1, m3.t1 FROM m3 WHERE NOT ((CAST(CAST(m3.f1 AS BIGINT) AS BIGINT)) NOT IN (0.8666212197321519)) UNION ALL SELECT ALL m3.f1, m3.t1 FROM m3 WHERE ((CAST(CAST(m3.f1 AS BIGINT) AS BIGINT)) NOT IN (0.8666212197321519)) IS NULL; --
-- AFTER_SORT --
200 OK
f1,t1
false,t1

-- EXECUTE SQL: SELECT BIT_OR(- (- (-1577037646))) FROM m2; --
-- AFTER_SORT --
422 Unprocessable Entity
{"error_code":"010001","error_message":"Datafusion: Error during planning: Invalid function 'bit_or'"}
-- ERROR:  --

-- EXECUTE SQL: SELECT ALL m2.f0, m2.f1, m2.t0 FROM m2 ORDER BY m2.t0 DESC; --
-- AFTER_SORT --
200 OK
f0,f1,t0
false,f1,t0

-- EXECUTE SQL: SELECT m2.f0, m2.f1, m2.t0 FROM m2 WHERE (CAST(((-1424580636)*(1068537236)) AS BIGINT)) NOT IN (972022768) UNION ALL SELECT m2.f0, m2.f1, m2.t0 FROM m2 WHERE NOT ((CAST(((-1424580636)*(1068537236)) AS BIGINT)) NOT IN (972022768)) UNION ALL SELECT ALL m2.f0, m2.f1, m2.t0 FROM m2 WHERE ((CAST(((-1424580636)*(1068537236)) AS BIGINT)) NOT IN (972022768)) IS NULL; --
-- AFTER_SORT --
200 OK
f0,f1,t0
false,f1,t0

-- EXECUTE SQL: SELECT m4.f0, m4.t0, m4.t2, m4.t1 FROM m4; --
-- AFTER_SORT --
200 OK
f0,t0,t2,t1
0,t0,t2,t1

-- EXECUTE SQL: SELECT ALL m4.f0, m4.t0, m4.t2, m4.t1 FROM m4 WHERE CAST(0.4802726047760667 AS BOOLEAN); --
-- AFTER_SORT --
200 OK
f0,t0,t2,t1
0,t0,t2,t1

-- EXECUTE SQL: SELECT ALL m0.t0, m0.f1 FROM m0; --
-- AFTER_SORT --
200 OK
t0,f1
,0.4131558313302025
,0.47166914414715877
,0.5469987105166848
,0.5540439337463335
,0.6326195071473769
,0.9622249970170084
916053861,0.507623643211476
t0,0.0

-- EXECUTE SQL: SELECT m0.t0, m0.f1 FROM m0 WHERE (- (CAST('<{QdbO勌' AS BIGINT))) NOT IN (993617280) UNION ALL SELECT ALL m0.t0, m0.f1 FROM m0 WHERE NOT ((- (CAST('<{QdbO勌' AS BIGINT))) NOT IN (993617280)) UNION ALL SELECT ALL m0.t0, m0.f1 FROM m0 WHERE ((- (CAST('<{QdbO勌' AS BIGINT))) NOT IN (993617280)) IS NULL; --
-- AFTER_SORT --
422 Unprocessable Entity
{"error_code":"010001","error_message":"Datafusion: simplify_expressions\ncaused by\nInternal error: Optimizer rule 'simplify_expressions' failed due to unexpected error: Arrow error: Cast error: Cannot cast string '<{QdbO勌' to value of Int64 type. This was likely caused by a bug in DataFusion's code and we would welcome that you file an bug report in our issue tracker"}
-- ERROR:  --

-- EXECUTE SQL: SELECT ALL m1.f0 FROM m1; --
-- AFTER_SORT --
200 OK
f0
f0

-- EXECUTE SQL: SELECT ALL m1.f0 FROM m1 WHERE CAST(CAST((-898117395) IN (-1907483300) AS STRING) AS BOOLEAN); --
-- AFTER_SORT --
200 OK


-- EXECUTE SQL: SELECT m4.f0, m4.t2, m4.t1 FROM m4; --
-- AFTER_SORT --
200 OK
f0,t2,t1
0,t2,t1

-- EXECUTE SQL: SELECT ALL m4.f0, m4.t2, m4.t1 FROM m4 WHERE TRUE; --
-- AFTER_SORT --
200 OK
f0,t2,t1
0,t2,t1

-- EXECUTE SQL: SELECT m4.f0, m4.t2, m4.t1 FROM m4 WHERE NOT (TRUE); --
-- AFTER_SORT --
200 OK


-- EXECUTE SQL: SELECT ALL m4.f0, m4.t2, m4.t1 FROM m4 WHERE (TRUE) IS NULL; --
-- AFTER_SORT --
200 OK


-- EXECUTE SQL: SELECT ALL m4.t0 FROM m4 WHERE (3.99847122E8) NOT IN (0.6940150660530665, 0.902131412197604) UNION ALL SELECT ALL m4.t0 FROM m4 WHERE NOT ((3.99847122E8) NOT IN (0.6940150660530665, 0.902131412197604)) UNION ALL SELECT m4.t0 FROM m4 WHERE ((3.99847122E8) NOT IN (0.6940150660530665, 0.902131412197604)) IS NULL; --
-- AFTER_SORT --
422 Unprocessable Entity
{"error_code":"010001","error_message":"Datafusion: This feature is not implemented: sql numeric literals in scientific notation are not supported"}
-- ERROR:  --

-- EXECUTE SQL: SELECT ALL m0.t0 FROM m0 WHERE (((((m0.t0)||(m0.f0)))||(CAST(m0.t0 AS STRING)))) NOT IN ('Hp', ''); --
-- AFTER_SORT --
200 OK
t0
t0

-- EXECUTE SQL: SELECT BIT_AND(1546514567) FROM m1; --
-- AFTER_SORT --
422 Unprocessable Entity
{"error_code":"010001","error_message":"Datafusion: Error during planning: Invalid function 'bit_and'"}
-- ERROR:  --

-- EXECUTE SQL: SELECT BIT_AND(agg0) FROM (SELECT ALL BIT_AND(1546514567)  as agg0 FROM m1 WHERE CAST(0.6984529796083262 AS BOOLEAN) UNION ALL SELECT ALL BIT_AND(1546514567)  as agg0 FROM m1 WHERE NOT (CAST(0.6984529796083262 AS BOOLEAN)) UNION ALL SELECT BIT_AND(1546514567)  as agg0 FROM m1 WHERE (CAST(0.6984529796083262 AS BOOLEAN)) IS NULL) as asdf; --
-- AFTER_SORT --
422 Unprocessable Entity
{"error_code":"010001","error_message":"Datafusion: Error during planning: Invalid function 'bit_and'"}
-- ERROR:  --

-- EXECUTE SQL: SELECT MAX(m4.f0) FROM m4; --
-- AFTER_SORT --
200 OK
MAX(m4.f0)
0

-- EXECUTE SQL: SELECT * FROM m3; --
-- AFTER_SORT --
200 OK
time,t0,t1,f0,f1
1970-01-01T00:00:00.000000000,t0,t1,0,false

-- EXECUTE SQL: SELECT ALL * FROM m3 WHERE (((CAST(((m3.t0)<('N')) AS STRING))LIKE(CAST(0.5307694906163952 AS STRING)))) IS NOT UNKNOWN; --
-- AFTER_SORT --
200 OK
time,t0,t1,f0,f1
1970-01-01T00:00:00.000000000,t0,t1,0,false

-- EXECUTE SQL: SELECT m4.t2, m4.f0 FROM m4; --
-- AFTER_SORT --
200 OK
t2,f0
t2,0

-- EXECUTE SQL: SELECT ALL m4.t2, m4.f0 FROM m4 WHERE ((CAST(CAST(((m4.t1)LIKE(m4.t1)) AS BOOLEAN) AS STRING))IS NOT DISTINCT FROM(CAST(-1.020629854E9 AS STRING))) UNION ALL SELECT ALL m4.t2, m4.f0 FROM m4 WHERE NOT (((CAST(CAST(((m4.t1)LIKE(m4.t1)) AS BOOLEAN) AS STRING))IS NOT DISTINCT FROM(CAST(-1.020629854E9 AS STRING)))) UNION ALL SELECT m4.t2, m4.f0 FROM m4 WHERE (((CAST(CAST(((m4.t1)LIKE(m4.t1)) AS BOOLEAN) AS STRING))IS NOT DISTINCT FROM(CAST(-1.020629854E9 AS STRING)))) IS NULL; --
-- AFTER_SORT --
200 OK
t2,f0
t2,0

-- EXECUTE SQL: SELECT ALL m3.f0, m3.t1, m3.f1, m3.t0 FROM m3; --
-- AFTER_SORT --
200 OK
f0,t1,f1,t0
0,t1,false,t0

-- EXECUTE SQL: SELECT m3.f0, m3.t1, m3.f1, m3.t0 FROM m3 WHERE m3.f1 UNION ALL SELECT m3.f0, m3.t1, m3.f1, m3.t0 FROM m3 WHERE NOT (m3.f1) UNION ALL SELECT ALL m3.f0, m3.t1, m3.f1, m3.t0 FROM m3 WHERE (m3.f1) IS NULL; --
-- AFTER_SORT --
200 OK
f0,t1,f1,t0
0,t1,false,t0

-- EXECUTE SQL: SELECT * FROM m4; --
-- AFTER_SORT --
200 OK
time,t0,t1,t2,f0
1970-01-01T00:00:00.000000000,t0,t1,t2,0

-- EXECUTE SQL: SELECT ALL * FROM m4 WHERE FALSE; --
-- AFTER_SORT --
200 OK


-- EXECUTE SQL: SELECT * FROM m4 WHERE NOT (FALSE); --
-- AFTER_SORT --
200 OK
time,t0,t1,t2,f0
1970-01-01T00:00:00.000000000,t0,t1,t2,0

-- EXECUTE SQL: SELECT * FROM m4 WHERE (FALSE) IS NULL; --
-- AFTER_SORT --
200 OK


-- EXECUTE SQL: SELECT ALL m3.t0 FROM m3 WHERE NOT ((((m3.f0)*(m3.f0))) IN (2007382636)); --
-- AFTER_SORT --
200 OK
t0
t0

-- EXECUTE SQL: SELECT ALL m3.t0 FROM m3 WHERE NOT (NOT ((((m3.f0)*(m3.f0))) IN (2007382636))); --
-- AFTER_SORT --
200 OK


-- EXECUTE SQL: SELECT m3.t0 FROM m3 WHERE (NOT ((((m3.f0)*(m3.f0))) IN (2007382636))) IS NULL; --
-- AFTER_SORT --
200 OK


-- EXECUTE SQL: SELECT m4.t1, m4.f0 FROM m4; --
-- AFTER_SORT --
200 OK
t1,f0
t1,0

-- EXECUTE SQL: SELECT m4.t1, m4.f0 FROM m4 WHERE ((((((((m4.t1)||(m4.t0)))||(CAST(FALSE AS STRING))))||(m4.t0)))LIKE(((CAST(CAST(TRUE AS BIGINT) AS STRING))||(0.23558933987103448)))); --
-- AFTER_SORT --
200 OK


-- EXECUTE SQL: SELECT ALL m3.t0, m3.f0, m3.f1 FROM m3; --
-- AFTER_SORT --
200 OK
t0,f0,f1
t0,0,false

-- EXECUTE SQL: SELECT ALL m3.t0, m3.f0, m3.f1 FROM m3 WHERE (NOT (NOT (((m3.t1)LIKE('XWI[}\룮f'))))) IS TRUE; --
-- AFTER_SORT --
200 OK


-- EXECUTE SQL: SELECT m3.t0, m3.f0, m3.f1 FROM m3 WHERE NOT ((NOT (NOT (((m3.t1)LIKE('XWI[}\룮f'))))) IS TRUE); --
-- AFTER_SORT --
200 OK
t0,f0,f1
t0,0,false

-- EXECUTE SQL: SELECT ALL m3.t0, m3.f0, m3.f1 FROM m3 WHERE ((NOT (NOT (((m3.t1)LIKE('XWI[}\룮f'))))) IS TRUE) IS NULL; --
-- AFTER_SORT --
200 OK


-- EXECUTE SQL: SELECT m3.t1, m3.t0, m3.f1, m3.f0 FROM m3; --
-- AFTER_SORT --
200 OK
t1,t0,f1,f0
t1,t0,false,0

-- EXECUTE SQL: SELECT ALL m3.t1, m3.t0, m3.f1, m3.f0 FROM m3 WHERE NOT (((m3.f0) NOT IN (-1387950188)) IN (FALSE)); --
-- AFTER_SORT --
200 OK
t1,t0,f1,f0
t1,t0,false,0

-- EXECUTE SQL: SELECT m3.t1, m3.t0, m3.f1, m3.f0 FROM m3 WHERE NOT (NOT (((m3.f0) NOT IN (-1387950188)) IN (FALSE))); --
-- AFTER_SORT --
200 OK


-- EXECUTE SQL: SELECT ALL m3.t1, m3.t0, m3.f1, m3.f0 FROM m3 WHERE (NOT (((m3.f0) NOT IN (-1387950188)) IN (FALSE))) IS NULL; --
-- AFTER_SORT --
200 OK


-- EXECUTE SQL: SELECT ALL m0.f1, m0.t0 FROM m0; --
-- AFTER_SORT --
200 OK
f1,t0
0.0,t0
0.4131558313302025,
0.47166914414715877,
0.507623643211476,916053861
0.5469987105166848,
0.5540439337463335,
0.6326195071473769,
0.9622249970170084,

-- EXECUTE SQL: SELECT m0.f1, m0.t0 FROM m0 WHERE ((0.047015893638823414)<=(CAST(+ (- (-333024665)) AS BIGINT))) UNION ALL SELECT m0.f1, m0.t0 FROM m0 WHERE NOT (((0.047015893638823414)<=(CAST(+ (- (-333024665)) AS BIGINT)))) UNION ALL SELECT ALL m0.f1, m0.t0 FROM m0 WHERE (((0.047015893638823414)<=(CAST(+ (- (-333024665)) AS BIGINT)))) IS NULL; --
-- AFTER_SORT --
200 OK
f1,t0
0.0,t0
0.4131558313302025,
0.47166914414715877,
0.507623643211476,916053861
0.5469987105166848,
0.5540439337463335,
0.6326195071473769,
0.9622249970170084,

-- EXECUTE SQL: SELECT 0.3000222763276785 FROM m3 GROUP BY CAST(0.8263429614430379 AS STRING); --
-- AFTER_SORT --
200 OK
Float64(0.3000222763276785)
0.3000222763276785

-- EXECUTE SQL: SELECT ALL m0.t0, m0.f0 FROM m0 ORDER BY m0.t0 DESC; --
-- AFTER_SORT --
200 OK
t0,f0
,false
,false
,true
,true
,true
,true
,true
,true
,true
,true
t0,false

-- EXECUTE SQL: SELECT ALL m0.t0, m0.f0 FROM m0 WHERE (NOT ((0.114734690079073) NOT IN (0.16365240511015255, 0.42955713688800734, 0.172575140114413))) IS UNKNOWN UNION ALL SELECT ALL m0.t0, m0.f0 FROM m0 WHERE NOT ((NOT ((0.114734690079073) NOT IN (0.16365240511015255, 0.42955713688800734, 0.172575140114413))) IS UNKNOWN) UNION ALL SELECT m0.t0, m0.f0 FROM m0 WHERE ((NOT ((0.114734690079073) NOT IN (0.16365240511015255, 0.42955713688800734, 0.172575140114413))) IS UNKNOWN) IS NULL; --
-- AFTER_SORT --
200 OK
t0,f0
,false
,false
,true
,true
,true
,true
,true
,true
,true
,true
t0,false

-- EXECUTE SQL: SELECT m1.t0, m1.f1 FROM m1; --
-- AFTER_SORT --
200 OK
t0,f1
,false
t0,false

-- EXECUTE SQL: SELECT ALL m1.t0, m1.f1 FROM m1 WHERE m1.f1; --
-- AFTER_SORT --
200 OK


-- EXECUTE SQL: SELECT m1.t0, m1.f1 FROM m1 WHERE NOT (m1.f1); --
-- AFTER_SORT --
200 OK
t0,f1
,false
t0,false

-- EXECUTE SQL: SELECT m1.t0, m1.f1 FROM m1 WHERE (m1.f1) IS NULL; --
-- AFTER_SORT --
200 OK


-- EXECUTE SQL: SELECT * FROM m0; --
-- AFTER_SORT --
200 OK
time,t0,f0,f1
1970-01-01T00:00:00.000000000,t0,false,0.0
1981-08-07T06:10:24.080382889,,false,0.6326195071473769
1990-01-03T22:50:52.613557553,,true,
2003-01-04T08:51:33.467254361,916053861,,0.507623643211476
2009-05-24T08:03:53.754651379,,false,
2070-08-01T14:24:06.074400477,,,0.47166914414715877
2096-05-01T02:46:47.649375642,,true,
2105-09-29T02:51:25.038645395,,true,0.4131558313302025
2148-08-02T22:07:02.062413216,,true,0.5469987105166848
2155-12-04T02:07:05.191822176,,true,
2169-05-25T00:03:51.914973050,,true,0.5540439337463335
2207-04-02T03:26:32.909450783,,true,
2208-09-18T16:29:32.643168002,,true,0.9622249970170084

-- EXECUTE SQL: SELECT ALL * FROM m0 WHERE m0.f0; --
-- AFTER_SORT --
200 OK
time,t0,f0,f1
1990-01-03T22:50:52.613557553,,true,
2096-05-01T02:46:47.649375642,,true,
2105-09-29T02:51:25.038645395,,true,0.4131558313302025
2148-08-02T22:07:02.062413216,,true,0.5469987105166848
2155-12-04T02:07:05.191822176,,true,
2169-05-25T00:03:51.914973050,,true,0.5540439337463335
2207-04-02T03:26:32.909450783,,true,
2208-09-18T16:29:32.643168002,,true,0.9622249970170084

-- EXECUTE SQL: SELECT ALL * FROM m0 WHERE NOT (m0.f0); --
-- AFTER_SORT --
200 OK
time,t0,f0,f1
1970-01-01T00:00:00.000000000,t0,false,0.0
1981-08-07T06:10:24.080382889,,false,0.6326195071473769
2009-05-24T08:03:53.754651379,,false,

-- EXECUTE SQL: SELECT ALL * FROM m0 WHERE (m0.f0) IS NULL; --
-- AFTER_SORT --
200 OK
time,t0,f0,f1
2003-01-04T08:51:33.467254361,916053861,,0.507623643211476
2070-08-01T14:24:06.074400477,,,0.47166914414715877

-- EXECUTE SQL: SELECT m4.t1, m4.f0, m4.t2 FROM m4; --
-- AFTER_SORT --
200 OK
t1,f0,t2
t1,0,t2

-- EXECUTE SQL: SELECT m4.t1, m4.f0, m4.t2 FROM m4 WHERE CAST(0.020640877848865924 AS BOOLEAN); --
-- AFTER_SORT --
200 OK
t1,f0,t2
t1,0,t2

-- EXECUTE SQL: SELECT m0.t0, m0.f0, m0.f1 FROM m0 ORDER BY m0.f0 DESC; --
-- AFTER_SORT --
200 OK
t0,f0,f1
,,0.47166914414715877
,false,
,false,0.6326195071473769
,true,
,true,
,true,
,true,
,true,0.4131558313302025
,true,0.5469987105166848
,true,0.5540439337463335
,true,0.9622249970170084
916053861,,0.507623643211476
t0,false,0.0

-- EXECUTE SQL: SELECT ALL m0.t0, m0.f0, m0.f1 FROM m0 WHERE NOT ((m0.f1) IN (0.2836052453526412, 0.7626602242778882, 0.5360537057906514)); --
-- AFTER_SORT --
200 OK
t0,f0,f1
,,0.47166914414715877
,false,0.6326195071473769
,true,0.4131558313302025
,true,0.5469987105166848
,true,0.5540439337463335
,true,0.9622249970170084
916053861,,0.507623643211476
t0,false,0.0

-- EXECUTE SQL: SELECT m0.t0, m0.f0, m0.f1 FROM m0 WHERE NOT (NOT ((m0.f1) IN (0.2836052453526412, 0.7626602242778882, 0.5360537057906514))); --
-- AFTER_SORT --
200 OK


-- EXECUTE SQL: SELECT m0.t0, m0.f0, m0.f1 FROM m0 WHERE (NOT ((m0.f1) IN (0.2836052453526412, 0.7626602242778882, 0.5360537057906514))) IS NULL; --
-- AFTER_SORT --
200 OK
t0,f0,f1
,false,
,true,
,true,
,true,
,true,

-- EXECUTE SQL: SELECT m3.t0, m3.f0, m3.t1, m3.f1 FROM m3; --
-- AFTER_SORT --
200 OK
t0,f0,t1,f1
t0,0,t1,false

-- EXECUTE SQL: SELECT ALL m3.t0, m3.f0, m3.t1, m3.f1 FROM m3 WHERE CAST(- (m3.f0) AS BOOLEAN) UNION ALL SELECT m3.t0, m3.f0, m3.t1, m3.f1 FROM m3 WHERE NOT (CAST(- (m3.f0) AS BOOLEAN)) UNION ALL SELECT ALL m3.t0, m3.f0, m3.t1, m3.f1 FROM m3 WHERE (CAST(- (m3.f0) AS BOOLEAN)) IS NULL; --
-- AFTER_SORT --
200 OK
t0,f0,t1,f1
t0,0,t1,false

-- EXECUTE SQL: SELECT m4.t2 FROM m4 WHERE NOT (TRUE); --
-- AFTER_SORT --
200 OK


-- EXECUTE SQL: SELECT ALL m4.t2 FROM m4 WHERE (TRUE) IS NULL; --
-- AFTER_SORT --
200 OK


-- EXECUTE SQL: SELECT m0.f1, m0.f0 FROM m0; --
-- AFTER_SORT --
200 OK
f1,f0
,false
,true
,true
,true
,true
0.0,false
0.4131558313302025,true
0.47166914414715877,
0.507623643211476,
0.5469987105166848,true
0.5540439337463335,true
0.6326195071473769,false
0.9622249970170084,true

-- EXECUTE SQL: SELECT m0.f1, m0.f0 FROM m0 WHERE ((CAST(-1826088151 AS BIGINT)) NOT IN (-1169738310, -848444240)) IS UNKNOWN; --
-- AFTER_SORT --
200 OK


-- EXECUTE SQL: SELECT ALL m0.f1, m0.f0 FROM m0 WHERE NOT (((CAST(-1826088151 AS BIGINT)) NOT IN (-1169738310, -848444240)) IS UNKNOWN); --
-- AFTER_SORT --
200 OK
f1,f0
,false
,true
,true
,true
,true
0.0,false
0.4131558313302025,true
0.47166914414715877,
0.507623643211476,
0.5469987105166848,true
0.5540439337463335,true
0.6326195071473769,false
0.9622249970170084,true

-- EXECUTE SQL: SELECT ALL m0.f1, m0.f0 FROM m0 WHERE (((CAST(-1826088151 AS BIGINT)) NOT IN (-1169738310, -848444240)) IS UNKNOWN) IS NULL; --
-- AFTER_SORT --
200 OK


-- EXECUTE SQL: SELECT ALL m3.t0, m3.f1, m3.t1 FROM m3; --
-- AFTER_SORT --
200 OK
t0,f1,t1
t0,false,t1

-- EXECUTE SQL: SELECT m3.t0, m3.f1, m3.t1 FROM m3 WHERE m3.f1 UNION ALL SELECT ALL m3.t0, m3.f1, m3.t1 FROM m3 WHERE NOT (m3.f1) UNION ALL SELECT ALL m3.t0, m3.f1, m3.t1 FROM m3 WHERE (m3.f1) IS NULL; --
-- AFTER_SORT --
200 OK
t0,f1,t1
t0,false,t1

-- EXECUTE SQL: SELECT ALL m4.t2, m4.t0, m4.f0 FROM m4; --
-- AFTER_SORT --
200 OK
t2,t0,f0
t2,t0,0

-- EXECUTE SQL: SELECT ALL m4.t2, m4.t0, m4.f0 FROM m4 WHERE TRUE UNION ALL SELECT m4.t2, m4.t0, m4.f0 FROM m4 WHERE NOT (TRUE) UNION ALL SELECT m4.t2, m4.t0, m4.f0 FROM m4 WHERE (TRUE) IS NULL; --
-- AFTER_SORT --
200 OK
t2,t0,f0
t2,t0,0

-- EXECUTE SQL: SELECT m4.f0, m4.t2 FROM m4; --
-- AFTER_SORT --
200 OK
f0,t2
0,t2

-- EXECUTE SQL: SELECT ALL m4.f0, m4.t2 FROM m4 WHERE (CAST(((((((TRUE)OR(TRUE)))AND(TRUE)))AND(FALSE)) AS BOOLEAN)) NOT IN (FALSE) UNION ALL SELECT m4.f0, m4.t2 FROM m4 WHERE NOT ((CAST(((((((TRUE)OR(TRUE)))AND(TRUE)))AND(FALSE)) AS BOOLEAN)) NOT IN (FALSE)) UNION ALL SELECT ALL m4.f0, m4.t2 FROM m4 WHERE ((CAST(((((((TRUE)OR(TRUE)))AND(TRUE)))AND(FALSE)) AS BOOLEAN)) NOT IN (FALSE)) IS NULL; --
-- AFTER_SORT --
200 OK
f0,t2
0,t2

-- EXECUTE SQL: SELECT ALL m0.f1, m0.f0, m0.t0 FROM m0; --
-- AFTER_SORT --
200 OK
f1,f0,t0
,false,
,true,
,true,
,true,
,true,
0.0,false,t0
0.4131558313302025,true,
0.47166914414715877,,
0.507623643211476,,916053861
0.5469987105166848,true,
0.5540439337463335,true,
0.6326195071473769,false,
0.9622249970170084,true,

-- EXECUTE SQL: SELECT ALL m0.f1, m0.f0, m0.t0 FROM m0 WHERE (CAST(CAST(108498909 AS STRING) AS STRING)) NOT IN ('㟶VdҴ|R') UNION ALL SELECT ALL m0.f1, m0.f0, m0.t0 FROM m0 WHERE NOT ((CAST(CAST(108498909 AS STRING) AS STRING)) NOT IN ('㟶VdҴ|R')) UNION ALL SELECT m0.f1, m0.f0, m0.t0 FROM m0 WHERE ((CAST(CAST(108498909 AS STRING) AS STRING)) NOT IN ('㟶VdҴ|R')) IS NULL; --
-- AFTER_SORT --
200 OK
f1,f0,t0
,false,
,true,
,true,
,true,
,true,
0.0,false,t0
0.4131558313302025,true,
0.47166914414715877,,
0.507623643211476,,916053861
0.5469987105166848,true,
0.5540439337463335,true,
0.6326195071473769,false,
0.9622249970170084,true,

-- EXECUTE SQL: SELECT * FROM m0; --
-- AFTER_SORT --
200 OK
time,t0,f0,f1
1970-01-01T00:00:00.000000000,t0,false,0.0
1981-08-07T06:10:24.080382889,,false,0.6326195071473769
1990-01-03T22:50:52.613557553,,true,
2003-01-04T08:51:33.467254361,916053861,,0.507623643211476
2009-05-24T08:03:53.754651379,,false,
2070-08-01T14:24:06.074400477,,,0.47166914414715877
2096-05-01T02:46:47.649375642,,true,
2105-09-29T02:51:25.038645395,,true,0.4131558313302025
2148-08-02T22:07:02.062413216,,true,0.5469987105166848
2155-12-04T02:07:05.191822176,,true,
2169-05-25T00:03:51.914973050,,true,0.5540439337463335
2207-04-02T03:26:32.909450783,,true,
2208-09-18T16:29:32.643168002,,true,0.9622249970170084

-- EXECUTE SQL: SELECT * FROM m0 WHERE (CAST(((-983671546)*(1075247831)) AS BIGINT)) NOT IN (-2040259374, 935034281, 1026141981, 1998939448); --
-- AFTER_SORT --
200 OK
time,t0,f0,f1
1970-01-01T00:00:00.000000000,t0,false,0.0
1981-08-07T06:10:24.080382889,,false,0.6326195071473769
1990-01-03T22:50:52.613557553,,true,
2003-01-04T08:51:33.467254361,916053861,,0.507623643211476
2009-05-24T08:03:53.754651379,,false,
2070-08-01T14:24:06.074400477,,,0.47166914414715877
2096-05-01T02:46:47.649375642,,true,
2105-09-29T02:51:25.038645395,,true,0.4131558313302025
2148-08-02T22:07:02.062413216,,true,0.5469987105166848
2155-12-04T02:07:05.191822176,,true,
2169-05-25T00:03:51.914973050,,true,0.5540439337463335
2207-04-02T03:26:32.909450783,,true,
2208-09-18T16:29:32.643168002,,true,0.9622249970170084

-- EXECUTE SQL: SELECT ALL m1.f1 FROM m1; --
-- AFTER_SORT --
200 OK
f1
false
false

-- EXECUTE SQL: SELECT ALL m1.f1 FROM m1 WHERE CAST(CAST(((CAST(1442669721 AS BIGINT))^(CAST(m1.f1 AS BIGINT))) AS BIGINT) AS BOOLEAN); --
-- AFTER_SORT --
200 OK
f1
false
false

-- EXECUTE SQL: SELECT m4.f0 FROM m4; --
-- AFTER_SORT --
200 OK
f0
0

-- EXECUTE SQL: SELECT m4.f0 FROM m4 WHERE NOT (((TRUE) NOT IN (TRUE, FALSE)) IS TRUE) UNION ALL SELECT ALL m4.f0 FROM m4 WHERE NOT (NOT (((TRUE) NOT IN (TRUE, FALSE)) IS TRUE)) UNION ALL SELECT m4.f0 FROM m4 WHERE (NOT (((TRUE) NOT IN (TRUE, FALSE)) IS TRUE)) IS NULL; --
-- AFTER_SORT --
200 OK
f0
0

-- EXECUTE SQL: SELECT m1.t0, m1.f0, m1.f1 FROM m1; --
-- AFTER_SORT --
200 OK
t0,f0,f1
,,false
t0,f0,false

-- EXECUTE SQL: SELECT m1.t0, m1.f0, m1.f1 FROM m1 WHERE CAST(((((((1185127241)%(1836419101)))^(+ (-1460414512))))^(+ (+ (336207901)))) AS BOOLEAN) UNION ALL SELECT m1.t0, m1.f0, m1.f1 FROM m1 WHERE NOT (CAST(((((((1185127241)%(1836419101)))^(+ (-1460414512))))^(+ (+ (336207901)))) AS BOOLEAN)) UNION ALL SELECT ALL m1.t0, m1.f0, m1.f1 FROM m1 WHERE (CAST(((((((1185127241)%(1836419101)))^(+ (-1460414512))))^(+ (+ (336207901)))) AS BOOLEAN)) IS NULL; --
-- AFTER_SORT --
200 OK
t0,f0,f1
,,false
t0,f0,false

-- EXECUTE SQL: SELECT ALL m1.f0 FROM m1; --
-- AFTER_SORT --
200 OK
f0
f0

-- EXECUTE SQL: SELECT m1.f0 FROM m1 WHERE m1.f1 UNION ALL SELECT m1.f0 FROM m1 WHERE NOT (m1.f1) UNION ALL SELECT m1.f0 FROM m1 WHERE (m1.f1) IS NULL; --
-- AFTER_SORT --
200 OK
f0
""
f0

-- EXECUTE SQL: SELECT BIT_OR(+ (- (CAST(CAST(m3.f0 AS BIGINT) AS BIGINT)))) FROM m3; --
-- AFTER_SORT --
422 Unprocessable Entity
{"error_code":"010001","error_message":"Datafusion: Error during planning: Invalid function 'bit_or'"}
-- ERROR:  --

-- EXECUTE SQL: SELECT ALL BOOL_OR((CAST(((m4.f0)*(360976499)) AS BIGINT)) NOT IN (0.2624596958986172, 0.685835611344487)) FROM m4; --
-- AFTER_SORT --
422 Unprocessable Entity
{"error_code":"010001","error_message":"Datafusion: Error during planning: Invalid function 'bool_or'"}
-- ERROR:  --

-- EXECUTE SQL: SELECT m1.f1, m1.t0, m1.f0 FROM m1; --
-- AFTER_SORT --
200 OK
f1,t0,f0
false,,
false,t0,f0

-- EXECUTE SQL: SELECT ALL m1.f1, m1.t0, m1.f0 FROM m1 WHERE NOT ((((-1775207148) IN (0.1688741619134384, 0.39268540295479615, 0.4546068705461972, -0.0, 0.5989936450918769)) BETWEEN SYMMETRIC (((m1.f0)IS NOT DISTINCT FROM(m1.f0))) AND ((('L')>=(m1.f0)))) IS NOT UNKNOWN); --
-- AFTER_SORT --
422 Unprocessable Entity
{"error_code":"010001","error_message":"Datafusion: Error during planning: Invalid function 'symmetric'"}
-- ERROR:  --

-- EXECUTE SQL: SELECT ALL m1.f1, m1.t0, m1.f0 FROM m1 WHERE NOT (NOT ((((-1775207148) IN (0.1688741619134384, 0.39268540295479615, 0.4546068705461972, -0.0, 0.5989936450918769)) BETWEEN SYMMETRIC (((m1.f0)IS NOT DISTINCT FROM(m1.f0))) AND ((('L')>=(m1.f0)))) IS NOT UNKNOWN)); --
-- AFTER_SORT --
422 Unprocessable Entity
{"error_code":"010001","error_message":"Datafusion: Error during planning: Invalid function 'symmetric'"}
-- ERROR:  --

-- EXECUTE SQL: SELECT ALL m1.f1, m1.t0, m1.f0 FROM m1 WHERE (NOT ((((-1775207148) IN (0.1688741619134384, 0.39268540295479615, 0.4546068705461972, -0.0, 0.5989936450918769)) BETWEEN SYMMETRIC (((m1.f0)IS NOT DISTINCT FROM(m1.f0))) AND ((('L')>=(m1.f0)))) IS NOT UNKNOWN)) IS NULL; --
-- AFTER_SORT --
422 Unprocessable Entity
{"error_code":"010001","error_message":"Datafusion: Error during planning: Invalid function 'symmetric'"}
-- ERROR:  --

-- EXECUTE SQL: SELECT m0.f0, m0.t0, m0.f1 FROM m0; --
-- AFTER_SORT --
200 OK
f0,t0,f1
,,0.47166914414715877
,916053861,0.507623643211476
false,,
false,,0.6326195071473769
false,t0,0.0
true,,
true,,
true,,
true,,
true,,0.4131558313302025
true,,0.5469987105166848
true,,0.5540439337463335
true,,0.9622249970170084

-- EXECUTE SQL: SELECT ALL m0.f0, m0.t0, m0.f1 FROM m0 WHERE CAST((NOT (((m0.f0)OR(m0.f0)))) IS NOT NULL AS BOOLEAN) UNION ALL SELECT m0.f0, m0.t0, m0.f1 FROM m0 WHERE NOT (CAST((NOT (((m0.f0)OR(m0.f0)))) IS NOT NULL AS BOOLEAN)) UNION ALL SELECT m0.f0, m0.t0, m0.f1 FROM m0 WHERE (CAST((NOT (((m0.f0)OR(m0.f0)))) IS NOT NULL AS BOOLEAN)) IS NULL; --
-- AFTER_SORT --
200 OK
f0,t0,f1
,,0.47166914414715877
,916053861,0.507623643211476
false,,
false,,0.6326195071473769
false,t0,0.0
true,,
true,,
true,,
true,,
true,,0.4131558313302025
true,,0.5469987105166848
true,,0.5540439337463335
true,,0.9622249970170084

-- EXECUTE SQL: SELECT m3.t0 FROM m3 WHERE ((CAST(CAST(((m3.t0)LIKE(m3.t0)) AS BIGINT) AS STRING))IS NOT DISTINCT FROM(CAST(CAST(CAST(m3.f0 AS STRING) AS STRING) AS STRING))); --
-- AFTER_SORT --
200 OK


-- EXECUTE SQL: SELECT m4.f0, m4.t1, m4.t0, m4.t2 FROM m4; --
-- AFTER_SORT --
200 OK
f0,t1,t0,t2
0,t1,t0,t2

-- EXECUTE SQL: SELECT ALL m4.f0, m4.t1, m4.t0, m4.t2 FROM m4 WHERE TRUE; --
-- AFTER_SORT --
200 OK
f0,t1,t0,t2
0,t1,t0,t2

-- EXECUTE SQL: SELECT ALL m4.f0, m4.t1, m4.t0, m4.t2 FROM m4 WHERE NOT (TRUE); --
-- AFTER_SORT --
200 OK


-- EXECUTE SQL: SELECT m4.f0, m4.t1, m4.t0, m4.t2 FROM m4 WHERE (TRUE) IS NULL; --
-- AFTER_SORT --
200 OK


-- EXECUTE SQL: SELECT SUM(0.743111469303056) FROM m2; --
-- AFTER_SORT --
200 OK
SUM(Float64(0.743111469303056))
0.743111469303056

-- EXECUTE SQL: SELECT m1.f0, m1.f1 FROM m1; --
-- AFTER_SORT --
200 OK
f0,f1
,false
f0,false

-- EXECUTE SQL: SELECT ALL m1.f0, m1.f1 FROM m1 WHERE (CAST(+ (145121856) AS STRING)) IN (''); --
-- AFTER_SORT --
200 OK


-- EXECUTE SQL: SELECT m1.f1, m1.f0, m1.t0 FROM m1; --
-- AFTER_SORT --
200 OK
f1,f0,t0
false,,
false,f0,t0

-- EXECUTE SQL: SELECT ALL m1.f1, m1.f0, m1.t0 FROM m1 WHERE CAST(+ (- (((-683547521)^(-595803483)))) AS BOOLEAN) UNION ALL SELECT m1.f1, m1.f0, m1.t0 FROM m1 WHERE NOT (CAST(+ (- (((-683547521)^(-595803483)))) AS BOOLEAN)) UNION ALL SELECT ALL m1.f1, m1.f0, m1.t0 FROM m1 WHERE (CAST(+ (- (((-683547521)^(-595803483)))) AS BOOLEAN)) IS NULL; --
-- AFTER_SORT --
200 OK
f1,f0,t0
false,,
false,f0,t0

-- EXECUTE SQL: SELECT ALL m2.f1, m2.t0, m2.f0 FROM m2; --
-- AFTER_SORT --
200 OK
f1,t0,f0
f1,t0,false

-- EXECUTE SQL: SELECT ALL m2.f1, m2.t0, m2.f0 FROM m2 WHERE (CAST(((2147222458)%(-1798940471)) AS BOOLEAN)) IN (TRUE, TRUE); --
-- AFTER_SORT --
200 OK
f1,t0,f0
f1,t0,false

-- EXECUTE SQL: SELECT ALL m2.f1, m2.t0, m2.f0 FROM m2 WHERE NOT ((CAST(((2147222458)%(-1798940471)) AS BOOLEAN)) IN (TRUE, TRUE)); --
-- AFTER_SORT --
200 OK


-- EXECUTE SQL: SELECT m2.f1, m2.t0, m2.f0 FROM m2 WHERE ((CAST(((2147222458)%(-1798940471)) AS BOOLEAN)) IN (TRUE, TRUE)) IS NULL; --
-- AFTER_SORT --
200 OK


-- EXECUTE SQL: SELECT ALL m0.f0 FROM m0 ORDER BY m0.f1 ASC, m0.f1 ASC; --
-- AFTER_SORT --
422 Unprocessable Entity
{"error_code":"010001","error_message":"Datafusion: Error during planning: Projections require unique expression names but the expression \"m0.f1\" at position 1 and \"m0.f1\" at position 2 have the same name. Consider aliasing (\"AS\") one of them."}
-- ERROR:  --

-- EXECUTE SQL: SELECT ALL m0.f0 FROM m0 WHERE (CAST((((('ࢀ+h')||('335616128')))||((m0.t0) NOT IN ('', 'A6<k['''))) AS BOOLEAN)) IS TRUE; --
-- AFTER_SORT --
422 Unprocessable Entity
{"error_code":"010002","error_message":"Arrow: Cast error: Cannot cast value 'ࢀ+h3356161281' to value of Boolean type"}
-- ERROR:  --

-- EXECUTE SQL: SELECT m0.f0 FROM m0 WHERE NOT ((CAST((((('ࢀ+h')||('335616128')))||((m0.t0) NOT IN ('', 'A6<k['''))) AS BOOLEAN)) IS TRUE); --
-- AFTER_SORT --
422 Unprocessable Entity
{"error_code":"010002","error_message":"Arrow: Cast error: Cannot cast value 'ࢀ+h3356161281' to value of Boolean type"}
-- ERROR:  --

-- EXECUTE SQL: SELECT m0.f0 FROM m0 WHERE ((CAST((((('ࢀ+h')||('335616128')))||((m0.t0) NOT IN ('', 'A6<k['''))) AS BOOLEAN)) IS TRUE) IS NULL; --
-- AFTER_SORT --
422 Unprocessable Entity
{"error_code":"010002","error_message":"Arrow: Cast error: Cannot cast value 'ࢀ+h3356161281' to value of Boolean type"}
-- ERROR:  --

-- EXECUTE SQL: SELECT m0.f0, m0.f1, m0.t0 FROM m0; --
-- AFTER_SORT --
200 OK
f0,f1,t0
,0.47166914414715877,
,0.507623643211476,916053861
false,,
false,0.0,t0
false,0.6326195071473769,
true,,
true,,
true,,
true,,
true,0.4131558313302025,
true,0.5469987105166848,
true,0.5540439337463335,
true,0.9622249970170084,

-- EXECUTE SQL: SELECT ALL m0.f0, m0.f1, m0.t0 FROM m0 WHERE CAST(-1759240892 AS BOOLEAN); --
-- AFTER_SORT --
200 OK
f0,f1,t0
,0.47166914414715877,
,0.507623643211476,916053861
false,,
false,0.0,t0
false,0.6326195071473769,
true,,
true,,
true,,
true,,
true,0.4131558313302025,
true,0.5469987105166848,
true,0.5540439337463335,
true,0.9622249970170084,

-- EXECUTE SQL: SELECT ALL m0.f0, m0.f1, m0.t0 FROM m0 WHERE NOT (CAST(-1759240892 AS BOOLEAN)); --
-- AFTER_SORT --
200 OK


-- EXECUTE SQL: SELECT ALL m0.f0, m0.f1, m0.t0 FROM m0 WHERE (CAST(-1759240892 AS BOOLEAN)) IS NULL; --
-- AFTER_SORT --
200 OK


-- EXECUTE SQL: SELECT ALL m2.f1 FROM m2; --
-- AFTER_SORT --
200 OK
f1
f1

-- EXECUTE SQL: SELECT ALL m2.f1 FROM m2 WHERE (((- (817932306))%(CAST(m2.f0 AS BIGINT)))) NOT IN (694810662, -319337649, -1259189301); --
-- AFTER_SORT --
422 Unprocessable Entity
{"error_code":"010002","error_message":"Arrow: Divide by zero error"}
-- ERROR:  --

-- EXECUTE SQL: SELECT ALL * FROM m1; --
-- AFTER_SORT --
200 OK
time,t0,f0,f1
1970-01-01T00:00:00.000000000,t0,f0,false
2207-04-18T13:56:55.539246350,,,false

-- EXECUTE SQL: SELECT ALL * FROM m1 WHERE (((m1.f1) NOT IN (FALSE, TRUE, FALSE, TRUE)) IN (NULL, FALSE, TRUE)) BETWEEN SYMMETRIC (NOT (NOT (((m1.f0)LIKE(m1.f0))))) AND ((NOT (m1.f1)) NOT IN (TRUE, TRUE, FALSE)); --
-- AFTER_SORT --
422 Unprocessable Entity
{"error_code":"010001","error_message":"Datafusion: Error during planning: Invalid function 'symmetric'"}
-- ERROR:  --

-- EXECUTE SQL: SELECT ALL * FROM m1 WHERE NOT ((((m1.f1) NOT IN (FALSE, TRUE, FALSE, TRUE)) IN (NULL, FALSE, TRUE)) BETWEEN SYMMETRIC (NOT (NOT (((m1.f0)LIKE(m1.f0))))) AND ((NOT (m1.f1)) NOT IN (TRUE, TRUE, FALSE))); --
-- AFTER_SORT --
422 Unprocessable Entity
{"error_code":"010001","error_message":"Datafusion: Error during planning: Invalid function 'symmetric'"}
-- ERROR:  --

-- EXECUTE SQL: SELECT ALL * FROM m1 WHERE ((((m1.f1) NOT IN (FALSE, TRUE, FALSE, TRUE)) IN (NULL, FALSE, TRUE)) BETWEEN SYMMETRIC (NOT (NOT (((m1.f0)LIKE(m1.f0))))) AND ((NOT (m1.f1)) NOT IN (TRUE, TRUE, FALSE))) IS NULL; --
-- AFTER_SORT --
422 Unprocessable Entity
{"error_code":"010001","error_message":"Datafusion: Error during planning: Invalid function 'symmetric'"}
-- ERROR:  --

-- EXECUTE SQL: SELECT ALL m1.f1 FROM m1; --
-- AFTER_SORT --
200 OK
f1
false
false

-- EXECUTE SQL: SELECT m1.f1 FROM m1 WHERE NOT (NOT (((m1.t0) BETWEEN (m1.f0) AND (m1.f0)) IS NOT UNKNOWN)); --
-- AFTER_SORT --
200 OK
f1
false

-- EXECUTE SQL: SELECT m1.f1 FROM m1 WHERE NOT (NOT (NOT (((m1.t0) BETWEEN (m1.f0) AND (m1.f0)) IS NOT UNKNOWN))); --
-- AFTER_SORT --
200 OK
f1
false

-- EXECUTE SQL: SELECT m1.f1 FROM m1 WHERE (NOT (NOT (((m1.t0) BETWEEN (m1.f0) AND (m1.f0)) IS NOT UNKNOWN))) IS NULL; --
-- AFTER_SORT --
200 OK


-- EXECUTE SQL: SELECT COUNT(- (+ (((((m3.f0)%(m3.f0)))-(CAST(m3.f1 AS BIGINT)))))) FROM m3; --
-- AFTER_SORT --
422 Unprocessable Entity
{"error_code":"010002","error_message":"Arrow: Divide by zero error"}
-- ERROR:  --

-- EXECUTE SQL: SELECT m1.f1 FROM m1; --
-- AFTER_SORT --
200 OK
f1
false
false

-- EXECUTE SQL: SELECT ALL m1.f1 FROM m1 WHERE CAST((((((m1.f1)AND(m1.f1)))IS DISTINCT FROM((m1.f1) IS NULL))) NOTNULL AS BOOLEAN) UNION ALL SELECT m1.f1 FROM m1 WHERE NOT (CAST((((((m1.f1)AND(m1.f1)))IS DISTINCT FROM((m1.f1) IS NULL))) NOTNULL AS BOOLEAN)) UNION ALL SELECT ALL m1.f1 FROM m1 WHERE (CAST((((((m1.f1)AND(m1.f1)))IS DISTINCT FROM((m1.f1) IS NULL))) NOTNULL AS BOOLEAN)) IS NULL; --
-- AFTER_SORT --
422 Unprocessable Entity
{"error_code":"010009","error_message":"sql parser error: Expected AS, found: NOTNULL"}
-- ERROR:  --

-- EXECUTE SQL: SELECT ALL COUNT(+ (CAST(0.5249418544831504 AS BIGINT))) FROM m2; --
-- AFTER_SORT --
200 OK
COUNT(Float64(0.5249418544831504))
1

-- EXECUTE SQL: SELECT SUM(agg0) FROM (SELECT ALL COUNT(+ (CAST(0.5249418544831504 AS BIGINT)))  as agg0 FROM m2 WHERE CAST(((CAST(((m2.f1)||(m2.f0)) AS BIGINT))*(((+ (-670907606))%(- (1202595187))))) AS BOOLEAN) UNION ALL SELECT ALL COUNT(+ (CAST(0.5249418544831504 AS BIGINT)))  as agg0 FROM m2 WHERE NOT (CAST(((CAST(((m2.f1)||(m2.f0)) AS BIGINT))*(((+ (-670907606))%(- (1202595187))))) AS BOOLEAN)) UNION ALL SELECT ALL COUNT(+ (CAST(0.5249418544831504 AS BIGINT)))  as agg0 FROM m2 WHERE (CAST(((CAST(((m2.f1)||(m2.f0)) AS BIGINT))*(((+ (-670907606))%(- (1202595187))))) AS BOOLEAN)) IS NULL) as asdf; --
-- AFTER_SORT --
422 Unprocessable Entity
{"error_code":"010002","error_message":"Arrow: Cast error: Cannot cast string 'f10' to value of Int64 type"}
-- ERROR:  --

-- EXECUTE SQL: SELECT ALL m0.t0, m0.f0, m0.f1 FROM m0; --
-- AFTER_SORT --
200 OK
t0,f0,f1
,,0.47166914414715877
,false,
,false,0.6326195071473769
,true,
,true,
,true,
,true,
,true,0.4131558313302025
,true,0.5469987105166848
,true,0.5540439337463335
,true,0.9622249970170084
916053861,,0.507623643211476
t0,false,0.0

-- EXECUTE SQL: SELECT m0.t0, m0.f0, m0.f1 FROM m0 WHERE NOT (NOT (TRUE)) UNION ALL SELECT ALL m0.t0, m0.f0, m0.f1 FROM m0 WHERE NOT (NOT (NOT (TRUE))) UNION ALL SELECT m0.t0, m0.f0, m0.f1 FROM m0 WHERE (NOT (NOT (TRUE))) IS NULL; --
-- AFTER_SORT --
200 OK
t0,f0,f1
,,0.47166914414715877
,false,
,false,0.6326195071473769
,true,
,true,
,true,
,true,
,true,0.4131558313302025
,true,0.5469987105166848
,true,0.5540439337463335
,true,0.9622249970170084
916053861,,0.507623643211476
t0,false,0.0

-- EXECUTE SQL: SELECT m0.f0, m0.t0 FROM m0; --
-- AFTER_SORT --
200 OK
f0,t0
false,
false,
false,t0
true,
true,
true,
true,
true,
true,
true,
true,

-- EXECUTE SQL: SELECT ALL m0.f0, m0.t0 FROM m0 WHERE CAST(((((((CAST(NOT (m0.f0) AS BOOLEAN))AND((((((((m0.f0)OR(m0.f0)))AND(m0.f0)))OR(m0.f0))) IS TRUE)))AND(CAST(NOT (m0.f0) AS BOOLEAN))))AND(((m0.t0)LIKE(((m0.t0)||(m0.f0)))))) AS BOOLEAN) UNION ALL SELECT ALL m0.f0, m0.t0 FROM m0 WHERE NOT (CAST(((((((CAST(NOT (m0.f0) AS BOOLEAN))AND((((((((m0.f0)OR(m0.f0)))AND(m0.f0)))OR(m0.f0))) IS TRUE)))AND(CAST(NOT (m0.f0) AS BOOLEAN))))AND(((m0.t0)LIKE(((m0.t0)||(m0.f0)))))) AS BOOLEAN)) UNION ALL SELECT ALL m0.f0, m0.t0 FROM m0 WHERE (CAST(((((((CAST(NOT (m0.f0) AS BOOLEAN))AND((((((((m0.f0)OR(m0.f0)))AND(m0.f0)))OR(m0.f0))) IS TRUE)))AND(CAST(NOT (m0.f0) AS BOOLEAN))))AND(((m0.t0)LIKE(((m0.t0)||(m0.f0)))))) AS BOOLEAN)) IS NULL; --
-- AFTER_SORT --
200 OK
f0,t0
false,
false,
false,t0
true,
true,
true,
true,
true,
true,
true,
true,

-- EXECUTE SQL: SELECT m4.t1 FROM m4 WHERE NOT (TRUE); --
-- AFTER_SORT --
200 OK


-- EXECUTE SQL: SELECT m4.t1 FROM m4 WHERE (TRUE) IS NULL; --
-- AFTER_SORT --
200 OK


-- EXECUTE SQL: SELECT ALL m2.f0, m2.t0, m2.f1 FROM m2; --
-- AFTER_SORT --
200 OK
f0,t0,f1
false,t0,f1

-- EXECUTE SQL: SELECT ALL m2.f0, m2.t0, m2.f1 FROM m2 WHERE (m2.f0) IS NOT UNKNOWN UNION ALL SELECT m2.f0, m2.t0, m2.f1 FROM m2 WHERE NOT ((m2.f0) IS NOT UNKNOWN) UNION ALL SELECT m2.f0, m2.t0, m2.f1 FROM m2 WHERE ((m2.f0) IS NOT UNKNOWN) IS NULL; --
-- AFTER_SORT --
200 OK
f0,t0,f1
false,t0,f1

-- EXECUTE SQL: SELECT ALL * FROM m3; --
-- AFTER_SORT --
200 OK
time,t0,t1,f0,f1
1970-01-01T00:00:00.000000000,t0,t1,0,false

-- EXECUTE SQL: SELECT * FROM m3 WHERE NOT (((((((((((((m3.f0)%(m3.f0)))<=(+ (m3.f0))))OR(CAST(NOT (m3.f1) AS BOOLEAN))))OR(NOT (m3.f1))))AND((((m3.t1)LIKE(m3.t1))) IS TRUE)))OR(NOT ((m3.f1) NOT IN (TRUE, TRUE))))); --
-- AFTER_SORT --
422 Unprocessable Entity
{"error_code":"010002","error_message":"Arrow: Divide by zero error"}
-- ERROR:  --

-- EXECUTE SQL: SELECT * FROM m3 WHERE NOT (NOT (((((((((((((m3.f0)%(m3.f0)))<=(+ (m3.f0))))OR(CAST(NOT (m3.f1) AS BOOLEAN))))OR(NOT (m3.f1))))AND((((m3.t1)LIKE(m3.t1))) IS TRUE)))OR(NOT ((m3.f1) NOT IN (TRUE, TRUE)))))); --
-- AFTER_SORT --
422 Unprocessable Entity
{"error_code":"010002","error_message":"Arrow: Divide by zero error"}
-- ERROR:  --

-- EXECUTE SQL: SELECT * FROM m3 WHERE (NOT (((((((((((((m3.f0)%(m3.f0)))<=(+ (m3.f0))))OR(CAST(NOT (m3.f1) AS BOOLEAN))))OR(NOT (m3.f1))))AND((((m3.t1)LIKE(m3.t1))) IS TRUE)))OR(NOT ((m3.f1) NOT IN (TRUE, TRUE)))))) IS NULL; --
-- AFTER_SORT --
422 Unprocessable Entity
{"error_code":"010002","error_message":"Arrow: Divide by zero error"}
-- ERROR:  --

-- EXECUTE SQL: SELECT ALL m0.t0, m0.f0, m0.f1 FROM m0; --
-- AFTER_SORT --
200 OK
t0,f0,f1
,,0.47166914414715877
,false,
,false,0.6326195071473769
,true,
,true,
,true,
,true,
,true,0.4131558313302025
,true,0.5469987105166848
,true,0.5540439337463335
,true,0.9622249970170084
916053861,,0.507623643211476
t0,false,0.0

-- EXECUTE SQL: SELECT m0.t0, m0.f0, m0.f1 FROM m0 WHERE NOT ((CAST((m0.f0) BETWEEN SYMMETRIC (m0.f0) AND (m0.f0) AS BOOLEAN)) IS TRUE) UNION ALL SELECT ALL m0.t0, m0.f0, m0.f1 FROM m0 WHERE NOT (NOT ((CAST((m0.f0) BETWEEN SYMMETRIC (m0.f0) AND (m0.f0) AS BOOLEAN)) IS TRUE)) UNION ALL SELECT m0.t0, m0.f0, m0.f1 FROM m0 WHERE (NOT ((CAST((m0.f0) BETWEEN SYMMETRIC (m0.f0) AND (m0.f0) AS BOOLEAN)) IS TRUE)) IS NULL; --
-- AFTER_SORT --
422 Unprocessable Entity
{"error_code":"010001","error_message":"Datafusion: Error during planning: Invalid function 'symmetric'"}
-- ERROR:  --

-- EXECUTE SQL: SELECT BIT_OR(m4.f0) FROM m4; --
-- AFTER_SORT --
422 Unprocessable Entity
{"error_code":"010001","error_message":"Datafusion: Error during planning: Invalid function 'bit_or'"}
-- ERROR:  --

-- EXECUTE SQL: SELECT BIT_AND(-483484156) FROM m1; --
-- AFTER_SORT --
422 Unprocessable Entity
{"error_code":"010001","error_message":"Datafusion: Error during planning: Invalid function 'bit_and'"}
-- ERROR:  --

-- EXECUTE SQL: SELECT ALL m0.t0 FROM m0 WHERE CAST((((CAST(m0.f1 AS BOOLEAN))=((m0.f0) BETWEEN (m0.f0) AND (m0.f0)))) BETWEEN (m0.f0) AND (((NOT (m0.f0))OR(CAST(m0.f0 AS BOOLEAN)))) AS BOOLEAN) UNION ALL SELECT m0.t0 FROM m0 WHERE NOT (CAST((((CAST(m0.f1 AS BOOLEAN))=((m0.f0) BETWEEN (m0.f0) AND (m0.f0)))) BETWEEN (m0.f0) AND (((NOT (m0.f0))OR(CAST(m0.f0 AS BOOLEAN)))) AS BOOLEAN)) UNION ALL SELECT ALL m0.t0 FROM m0 WHERE (CAST((((CAST(m0.f1 AS BOOLEAN))=((m0.f0) BETWEEN (m0.f0) AND (m0.f0)))) BETWEEN (m0.f0) AND (((NOT (m0.f0))OR(CAST(m0.f0 AS BOOLEAN)))) AS BOOLEAN)) IS NULL; --
-- AFTER_SORT --
200 OK
t0
""
""
""
""
""
""
""
""
""
""
""
916053861
t0

-- EXECUTE SQL: SELECT ALL SUM(0.2270785075878876) FROM m1; --
-- AFTER_SORT --
200 OK
SUM(Float64(0.2270785075878876))
0.4541570151757752

-- EXECUTE SQL: SELECT ALL m4.t0 FROM m4 WHERE ((0.48791563994884113) IN (0.780135220930507, 0.5604948451284412, 0.6007404384359013)) IS NULL; --
-- AFTER_SORT --
200 OK


-- EXECUTE SQL: SELECT ALL m3.t1, m3.t0 FROM m3 WHERE NOT (m3.f1); --
-- AFTER_SORT --
200 OK
t1,t0
t1,t0

-- EXECUTE SQL: SELECT ALL m3.t1, m3.t0 FROM m3 WHERE NOT (NOT (m3.f1)); --
-- AFTER_SORT --
200 OK


-- EXECUTE SQL: SELECT m3.t1, m3.t0 FROM m3 WHERE (NOT (m3.f1)) IS NULL; --
-- AFTER_SORT --
200 OK


-- EXECUTE SQL: SELECT m2.f1 FROM m2; --
-- AFTER_SORT --
200 OK
f1
f1

-- EXECUTE SQL: SELECT m2.f1 FROM m2 WHERE CAST(((((1542062485)-(CAST(m2.f0 AS BIGINT))))*(-1870405309)) AS BOOLEAN); --
-- AFTER_SORT --
200 OK
f1
f1

-- EXECUTE SQL: SELECT m3.t0, m3.t1, m3.f0 FROM m3; --
-- AFTER_SORT --
200 OK
t0,t1,f0
t0,t1,0

-- EXECUTE SQL: SELECT m3.t0, m3.t1, m3.f0 FROM m3 WHERE (0.9762128074916361) NOT IN (0.9726400600003514) UNION ALL SELECT ALL m3.t0, m3.t1, m3.f0 FROM m3 WHERE NOT ((0.9762128074916361) NOT IN (0.9726400600003514)) UNION ALL SELECT m3.t0, m3.t1, m3.f0 FROM m3 WHERE ((0.9762128074916361) NOT IN (0.9726400600003514)) IS NULL; --
-- AFTER_SORT --
200 OK
t0,t1,f0
t0,t1,0

-- EXECUTE SQL: SELECT BIT_OR(m4.f0) FROM m4; --
-- AFTER_SORT --
422 Unprocessable Entity
{"error_code":"010001","error_message":"Datafusion: Error during planning: Invalid function 'bit_or'"}
-- ERROR:  --

-- EXECUTE SQL: SELECT * FROM m0; --
-- AFTER_SORT --
200 OK
time,t0,f0,f1
1970-01-01T00:00:00.000000000,t0,false,0.0
1981-08-07T06:10:24.080382889,,false,0.6326195071473769
1990-01-03T22:50:52.613557553,,true,
2003-01-04T08:51:33.467254361,916053861,,0.507623643211476
2009-05-24T08:03:53.754651379,,false,
2070-08-01T14:24:06.074400477,,,0.47166914414715877
2096-05-01T02:46:47.649375642,,true,
2105-09-29T02:51:25.038645395,,true,0.4131558313302025
2148-08-02T22:07:02.062413216,,true,0.5469987105166848
2155-12-04T02:07:05.191822176,,true,
2169-05-25T00:03:51.914973050,,true,0.5540439337463335
2207-04-02T03:26:32.909450783,,true,
2208-09-18T16:29:32.643168002,,true,0.9622249970170084

-- EXECUTE SQL: SELECT ALL m1.f0, m1.f1, m1.t0 FROM m1; --
-- AFTER_SORT --
200 OK
f0,f1,t0
,false,
f0,false,t0

-- EXECUTE SQL: SELECT ALL m1.f0, m1.f1, m1.t0 FROM m1 WHERE m1.f1 UNION ALL SELECT ALL m1.f0, m1.f1, m1.t0 FROM m1 WHERE NOT (m1.f1) UNION ALL SELECT m1.f0, m1.f1, m1.t0 FROM m1 WHERE (m1.f1) IS NULL; --
-- AFTER_SORT --
200 OK
f0,f1,t0
,false,
f0,false,t0

-- EXECUTE SQL: SELECT m4.f0 FROM m4; --
-- AFTER_SORT --
200 OK
f0
0

-- EXECUTE SQL: SELECT ALL m4.f0 FROM m4 WHERE FALSE UNION ALL SELECT ALL m4.f0 FROM m4 WHERE NOT (FALSE) UNION ALL SELECT ALL m4.f0 FROM m4 WHERE (FALSE) IS NULL; --
-- AFTER_SORT --
200 OK
f0
0

-- EXECUTE SQL: SELECT m2.f1, m2.f0 FROM m2; --
-- AFTER_SORT --
200 OK
f1,f0
f1,false

-- EXECUTE SQL: SELECT ALL m2.f1, m2.f0 FROM m2 WHERE m2.f0 UNION ALL SELECT m2.f1, m2.f0 FROM m2 WHERE NOT (m2.f0) UNION ALL SELECT ALL m2.f1, m2.f0 FROM m2 WHERE (m2.f0) IS NULL; --
-- AFTER_SORT --
200 OK
f1,f0
f1,false

-- EXECUTE SQL: SELECT MIN(CAST(((CAST('Infinity' AS BIGINT))-(((((m4.f0)+(m4.f0)))%(CAST(m4.f0 AS BIGINT))))) AS BIGINT)) FROM m4; --
-- AFTER_SORT --
422 Unprocessable Entity
{"error_code":"010001","error_message":"Datafusion: simplify_expressions\ncaused by\nInternal error: Optimizer rule 'simplify_expressions' failed due to unexpected error: Arrow error: Cast error: Cannot cast string 'Infinity' to value of Int64 type. This was likely caused by a bug in DataFusion's code and we would welcome that you file an bug report in our issue tracker"}
-- ERROR:  --

-- EXECUTE SQL: SELECT m3.t1, m3.f0 FROM m3; --
-- AFTER_SORT --
200 OK
t1,f0
t1,0

-- EXECUTE SQL: SELECT ALL m3.t1, m3.f0 FROM m3 WHERE CAST(((((((m3.t1)||(m3.t1)))||(CAST(m3.t0 AS STRING))))||(CAST(- (m3.f0) AS BIGINT))) AS BOOLEAN) UNION ALL SELECT ALL m3.t1, m3.f0 FROM m3 WHERE NOT (CAST(((((((m3.t1)||(m3.t1)))||(CAST(m3.t0 AS STRING))))||(CAST(- (m3.f0) AS BIGINT))) AS BOOLEAN)) UNION ALL SELECT ALL m3.t1, m3.f0 FROM m3 WHERE (CAST(((((((m3.t1)||(m3.t1)))||(CAST(m3.t0 AS STRING))))||(CAST(- (m3.f0) AS BIGINT))) AS BOOLEAN)) IS NULL; --
-- AFTER_SORT --
422 Unprocessable Entity
{"error_code":"010002","error_message":"Arrow: Cast error: Cannot cast value 't1t1t00' to value of Boolean type"}
-- ERROR:  --

-- EXECUTE SQL: SELECT ALL m2.f1, m2.f0, m2.t0 FROM m2 ORDER BY m2.f0 DESC; --
-- AFTER_SORT --
200 OK
f1,f0,t0
f1,false,t0

-- EXECUTE SQL: SELECT m2.f1, m2.f0, m2.t0 FROM m2 WHERE ((NOT (CAST(1826216466 AS BOOLEAN)))AND(CAST(CAST(0.9464404925619687 AS STRING) AS BOOLEAN))); --
-- AFTER_SORT --
422 Unprocessable Entity
{"error_code":"010001","error_message":"Datafusion: simplify_expressions\ncaused by\nInternal error: Optimizer rule 'simplify_expressions' failed due to unexpected error: Arrow error: Cast error: Cannot cast value '0.9464404925619687' to value of Boolean type. This was likely caused by a bug in DataFusion's code and we would welcome that you file an bug report in our issue tracker"}
-- ERROR:  --

-- EXECUTE SQL: SELECT m1.t0 FROM m1 WHERE NOT (NOT ((m1.f1) IN (TRUE, TRUE))); --
-- AFTER_SORT --
200 OK


-- EXECUTE SQL: SELECT ALL m1.t0 FROM m1 WHERE NOT (NOT (NOT ((m1.f1) IN (TRUE, TRUE)))); --
-- AFTER_SORT --
200 OK
t0
""
t0

-- EXECUTE SQL: SELECT m1.t0 FROM m1 WHERE (NOT (NOT ((m1.f1) IN (TRUE, TRUE)))) IS NULL; --
-- AFTER_SORT --
200 OK


-- EXECUTE SQL: SELECT m2.f0 FROM m2; --
-- AFTER_SORT --
200 OK
f0
false

-- EXECUTE SQL: SELECT ALL m2.f0 FROM m2 WHERE NOT ((((m2.t0)||(m2.f1))) IN ('GdG')); --
-- AFTER_SORT --
200 OK
f0
false

-- EXECUTE SQL: SELECT m2.f0 FROM m2 WHERE NOT (NOT ((((m2.t0)||(m2.f1))) IN ('GdG'))); --
-- AFTER_SORT --
200 OK


-- EXECUTE SQL: SELECT ALL m2.f0 FROM m2 WHERE (NOT ((((m2.t0)||(m2.f1))) IN ('GdG'))) IS NULL; --
-- AFTER_SORT --
200 OK


-- EXECUTE SQL: SELECT ALL m0.t0, m0.f0, m0.f1 FROM m0; --
-- AFTER_SORT --
200 OK
t0,f0,f1
,,0.47166914414715877
,false,
,false,0.6326195071473769
,true,
,true,
,true,
,true,
,true,0.4131558313302025
,true,0.5469987105166848
,true,0.5540439337463335
,true,0.9622249970170084
916053861,,0.507623643211476
t0,false,0.0

-- EXECUTE SQL: SELECT m0.t0, m0.f0, m0.f1 FROM m0 WHERE CAST(((((-1854084498) NOT IN (0.9166874677479094)) IS TRUE)AND(CAST(((m0.t0)IS NOT DISTINCT FROM(m0.t0)) AS BOOLEAN))) AS BOOLEAN) UNION ALL SELECT ALL m0.t0, m0.f0, m0.f1 FROM m0 WHERE NOT (CAST(((((-1854084498) NOT IN (0.9166874677479094)) IS TRUE)AND(CAST(((m0.t0)IS NOT DISTINCT FROM(m0.t0)) AS BOOLEAN))) AS BOOLEAN)) UNION ALL SELECT ALL m0.t0, m0.f0, m0.f1 FROM m0 WHERE (CAST(((((-1854084498) NOT IN (0.9166874677479094)) IS TRUE)AND(CAST(((m0.t0)IS NOT DISTINCT FROM(m0.t0)) AS BOOLEAN))) AS BOOLEAN)) IS NULL; --
-- AFTER_SORT --
200 OK
t0,f0,f1
,,0.47166914414715877
,false,
,false,0.6326195071473769
,true,
,true,
,true,
,true,
,true,0.4131558313302025
,true,0.5469987105166848
,true,0.5540439337463335
,true,0.9622249970170084
916053861,,0.507623643211476
t0,false,0.0

-- EXECUTE SQL: SELECT ALL m1.f0, m1.t0 FROM m1; --
-- AFTER_SORT --
200 OK
f0,t0
f0,t0

-- EXECUTE SQL: SELECT m1.f0, m1.t0 FROM m1 WHERE (CAST(((CAST(-324786405 AS STRING))||(CAST(m1.f0 AS BIGINT))) AS BOOLEAN)) IS UNKNOWN UNION ALL SELECT m1.f0, m1.t0 FROM m1 WHERE NOT ((CAST(((CAST(-324786405 AS STRING))||(CAST(m1.f0 AS BIGINT))) AS BOOLEAN)) IS UNKNOWN) UNION ALL SELECT m1.f0, m1.t0 FROM m1 WHERE ((CAST(((CAST(-324786405 AS STRING))||(CAST(m1.f0 AS BIGINT))) AS BOOLEAN)) IS UNKNOWN) IS NULL; --
-- AFTER_SORT --
422 Unprocessable Entity
{"error_code":"010002","error_message":"Arrow: Cast error: Cannot cast string 'f0' to value of Int64 type"}
-- ERROR:  --

-- EXECUTE SQL: SELECT ALL m3.t1, m3.f1 FROM m3; --
-- AFTER_SORT --
200 OK
t1,f1
t1,false

-- EXECUTE SQL: SELECT ALL m3.t1, m3.f1 FROM m3 WHERE NOT ((0.3582040656326446) NOT IN (0.6487956785564597)); --
-- AFTER_SORT --
200 OK


-- EXECUTE SQL: SELECT ALL m3.t1, m3.f1 FROM m3 WHERE NOT (NOT ((0.3582040656326446) NOT IN (0.6487956785564597))); --
-- AFTER_SORT --
200 OK
t1,f1
t1,false

-- EXECUTE SQL: SELECT m3.t1, m3.f1 FROM m3 WHERE (NOT ((0.3582040656326446) NOT IN (0.6487956785564597))) IS NULL; --
-- AFTER_SORT --
200 OK


-- EXECUTE SQL: SELECT ALL MAX(m3.f0) FROM m3; --
-- AFTER_SORT --
200 OK
MAX(m3.f0)
0

-- EXECUTE SQL: SELECT ALL m4.t1 FROM m4 WHERE NOT ((((((((((TRUE)AND(FALSE)))OR(TRUE)))OR((FALSE) IS FALSE)))AND(FALSE))) IS FALSE); --
-- AFTER_SORT --
200 OK


-- EXECUTE SQL: SELECT m4.t1 FROM m4 WHERE (NOT ((((((((((TRUE)AND(FALSE)))OR(TRUE)))OR((FALSE) IS FALSE)))AND(FALSE))) IS FALSE)) IS NULL; --
-- AFTER_SORT --
200 OK


-- EXECUTE SQL: SELECT ALL m1.t0 FROM m1 WHERE NOT (((m1.f0)!=(CAST(NOT (m1.f1) AS STRING)))) UNION ALL SELECT m1.t0 FROM m1 WHERE NOT (NOT (((m1.f0)!=(CAST(NOT (m1.f1) AS STRING))))) UNION ALL SELECT ALL m1.t0 FROM m1 WHERE (NOT (((m1.f0)!=(CAST(NOT (m1.f1) AS STRING))))) IS NULL; --
-- AFTER_SORT --
200 OK
t0
""
t0

-- EXECUTE SQL: SELECT ALL MIN(0.22987745635426093) FROM m4; --
-- AFTER_SORT --
200 OK
MIN(Float64(0.22987745635426093))
0.22987745635426093

-- EXECUTE SQL: SELECT ALL COUNT(26056234) FROM m2; --
-- AFTER_SORT --
200 OK
COUNT(Int64(26056234))
1

-- EXECUTE SQL: SELECT BIT_OR(- (CAST(CAST(((712230685)-(NULL)) AS STRING) AS BIGINT))) FROM m0; --
-- AFTER_SORT --
422 Unprocessable Entity
{"error_code":"010001","error_message":"Datafusion: Error during planning: Invalid function 'bit_or'"}
-- ERROR:  --

-- EXECUTE SQL: SELECT m2.f0, m2.f1 FROM m2; --
-- AFTER_SORT --
200 OK
f0,f1
false,f1

-- EXECUTE SQL: SELECT ALL m2.f0, m2.f1 FROM m2 WHERE (-2094431287) NOT IN (-231573578, 1814079848) UNION ALL SELECT m2.f0, m2.f1 FROM m2 WHERE NOT ((-2094431287) NOT IN (-231573578, 1814079848)) UNION ALL SELECT m2.f0, m2.f1 FROM m2 WHERE ((-2094431287) NOT IN (-231573578, 1814079848)) IS NULL; --
-- AFTER_SORT --
200 OK
f0,f1
false,f1

-- EXECUTE SQL: SELECT ALL m1.t0, m1.f1 FROM m1; --
-- AFTER_SORT --
200 OK
t0,f1
,false
t0,false

-- EXECUTE SQL: SELECT m1.t0, m1.f1 FROM m1 WHERE ((((m1.f1)OR(NOT (CAST(((m1.t0)||(2038183158)) AS BOOLEAN)))))AND((- (-721725046)) NOT IN (0.5544287962532598, 0.6049615636568972))) UNION ALL SELECT m1.t0, m1.f1 FROM m1 WHERE NOT (((((m1.f1)OR(NOT (CAST(((m1.t0)||(2038183158)) AS BOOLEAN)))))AND((- (-721725046)) NOT IN (0.5544287962532598, 0.6049615636568972)))) UNION ALL SELECT m1.t0, m1.f1 FROM m1 WHERE (((((m1.f1)OR(NOT (CAST(((m1.t0)||(2038183158)) AS BOOLEAN)))))AND((- (-721725046)) NOT IN (0.5544287962532598, 0.6049615636568972)))) IS NULL; --
-- AFTER_SORT --
422 Unprocessable Entity
{"error_code":"010002","error_message":"Arrow: Cast error: Cannot cast value 't02038183158' to value of Boolean type"}
-- ERROR:  --

-- EXECUTE SQL: SELECT ALL COUNT(CAST(0.5759978377746883 AS BIGINT)) FROM m0; --
-- AFTER_SORT --
200 OK
COUNT(Float64(0.5759978377746883))
13

-- EXECUTE SQL: SELECT ALL m0.f0, m0.t0, m0.f1 FROM m0; --
-- AFTER_SORT --
200 OK
f0,t0,f1
,,0.47166914414715877
,916053861,0.507623643211476
false,,
false,,0.6326195071473769
false,t0,0.0
true,,
true,,
true,,
true,,
true,,0.4131558313302025
true,,0.5469987105166848
true,,0.5540439337463335
true,,0.9622249970170084

-- EXECUTE SQL: SELECT m0.f0, m0.t0, m0.f1 FROM m0 WHERE m0.f0 UNION ALL SELECT ALL m0.f0, m0.t0, m0.f1 FROM m0 WHERE NOT (m0.f0) UNION ALL SELECT m0.f0, m0.t0, m0.f1 FROM m0 WHERE (m0.f0) IS NULL; --
-- AFTER_SORT --
200 OK
f0,t0,f1
,,0.47166914414715877
,916053861,0.507623643211476
false,,
false,,0.6326195071473769
false,t0,0.0
true,,
true,,
true,,
true,,
true,,0.4131558313302025
true,,0.5469987105166848
true,,0.5540439337463335
true,,0.9622249970170084

-- EXECUTE SQL: SELECT ALL m1.t0, m1.f1 FROM m1; --
-- AFTER_SORT --
200 OK
t0,f1
,false
t0,false

-- EXECUTE SQL: SELECT ALL m1.t0, m1.f1 FROM m1 WHERE NOT (NOT ((((m1.t0)||(-255724532))) BETWEEN SYMMETRIC (CAST(-1326988525 AS STRING)) AND (CAST('*[' AS STRING)))); --
-- AFTER_SORT --
422 Unprocessable Entity
{"error_code":"010001","error_message":"Datafusion: Error during planning: Invalid function 'symmetric'"}
-- ERROR:  --

-- EXECUTE SQL: SELECT m3.f1, m3.f0, m3.t1, m3.t0 FROM m3; --
-- AFTER_SORT --
200 OK
f1,f0,t1,t0
false,0,t1,t0

-- EXECUTE SQL: SELECT m3.f1, m3.f0, m3.t1, m3.t0 FROM m3 WHERE (+ (CAST(('533580250') IN ('뢱0', '9', 'Za(x&>a') AS BIGINT))) IS NULL; --
-- AFTER_SORT --
200 OK


-- EXECUTE SQL: SELECT ALL m1.t0, m1.f0, m1.f1 FROM m1; --
-- AFTER_SORT --
200 OK
t0,f0,f1
,,false
t0,f0,false

-- EXECUTE SQL: SELECT ALL m1.t0, m1.f0, m1.f1 FROM m1 WHERE ((m1.f1)!=((((m1.f1) IN (TRUE, TRUE, FALSE))AND(NOT ((-1.364967176E9) IN (0.8836829452216858, 0.804891941659314, 0.057194778779184774)))))) UNION ALL SELECT m1.t0, m1.f0, m1.f1 FROM m1 WHERE NOT (((m1.f1)!=((((m1.f1) IN (TRUE, TRUE, FALSE))AND(NOT ((-1.364967176E9) IN (0.8836829452216858, 0.804891941659314, 0.057194778779184774))))))) UNION ALL SELECT m1.t0, m1.f0, m1.f1 FROM m1 WHERE (((m1.f1)!=((((m1.f1) IN (TRUE, TRUE, FALSE))AND(NOT ((-1.364967176E9) IN (0.8836829452216858, 0.804891941659314, 0.057194778779184774))))))) IS NULL; --
-- AFTER_SORT --
200 OK
t0,f0,f1
,,false
t0,f0,false

-- EXECUTE SQL: SELECT m1.f0, m1.t0, m1.f1 FROM m1; --
-- AFTER_SORT --
200 OK
f0,t0,f1
,,false
f0,t0,false

-- EXECUTE SQL: SELECT ALL m1.f0, m1.t0, m1.f1 FROM m1 WHERE CAST(CAST(2.070740056E9 AS BIGINT) AS BOOLEAN); --
-- AFTER_SORT --
422 Unprocessable Entity
{"error_code":"010001","error_message":"Datafusion: This feature is not implemented: sql numeric literals in scientific notation are not supported"}
-- ERROR:  --

-- EXECUTE SQL: SELECT * FROM m3; --
-- AFTER_SORT --
200 OK
time,t0,t1,f0,f1
1970-01-01T00:00:00.000000000,t0,t1,0,false

-- EXECUTE SQL: SELECT * FROM m3 WHERE (((((m3.f0)/(m3.f0)))*(((1720243269)/(m3.f0))))) IN (0.11609437700844338, 0.7128171476947955) UNION ALL SELECT * FROM m3 WHERE NOT ((((((m3.f0)/(m3.f0)))*(((1720243269)/(m3.f0))))) IN (0.11609437700844338, 0.7128171476947955)) UNION ALL SELECT * FROM m3 WHERE ((((((m3.f0)/(m3.f0)))*(((1720243269)/(m3.f0))))) IN (0.11609437700844338, 0.7128171476947955)) IS NULL; --
-- AFTER_SORT --
200 OK
time,t0,t1,f0,f1
1970-01-01T00:00:00.000000000,t0,t1,0,false

-- EXECUTE SQL: SELECT m3.t0 FROM m3 WHERE NOT (TRUE); --
-- AFTER_SORT --
200 OK


-- EXECUTE SQL: SELECT ALL m3.t0 FROM m3 WHERE (NOT (TRUE)) IS NULL; --
-- AFTER_SORT --
200 OK


-- EXECUTE SQL: SELECT m4.t1 FROM m4 WHERE ((CAST(m4.f0 AS STRING)) NOT IN ('^')) IS FALSE UNION ALL SELECT ALL m4.t1 FROM m4 WHERE NOT (((CAST(m4.f0 AS STRING)) NOT IN ('^')) IS FALSE) UNION ALL SELECT ALL m4.t1 FROM m4 WHERE (((CAST(m4.f0 AS STRING)) NOT IN ('^')) IS FALSE) IS NULL; --
-- AFTER_SORT --
200 OK
t1
t1

-- EXECUTE SQL: SELECT ALL m2.f1, m2.f0 FROM m2; --
-- AFTER_SORT --
200 OK
f1,f0
f1,false

-- EXECUTE SQL: SELECT m2.f1, m2.f0 FROM m2 WHERE (CAST(CAST(CAST(m2.t0 AS BOOLEAN) AS BOOLEAN) AS BOOLEAN)) IS TRUE UNION ALL SELECT ALL m2.f1, m2.f0 FROM m2 WHERE NOT ((CAST(CAST(CAST(m2.t0 AS BOOLEAN) AS BOOLEAN) AS BOOLEAN)) IS TRUE) UNION ALL SELECT m2.f1, m2.f0 FROM m2 WHERE ((CAST(CAST(CAST(m2.t0 AS BOOLEAN) AS BOOLEAN) AS BOOLEAN)) IS TRUE) IS NULL; --
-- AFTER_SORT --
422 Unprocessable Entity
{"error_code":"010002","error_message":"Arrow: Cast error: Cannot cast value 't0' to value of Boolean type"}
-- ERROR:  --

-- EXECUTE SQL: SELECT m3.t0 FROM m3 WHERE NOT ((CAST(- (m3.f0) AS DOUBLE)) IS NULL) UNION ALL SELECT ALL m3.t0 FROM m3 WHERE NOT (NOT ((CAST(- (m3.f0) AS DOUBLE)) IS NULL)) UNION ALL SELECT ALL m3.t0 FROM m3 WHERE (NOT ((CAST(- (m3.f0) AS DOUBLE)) IS NULL)) IS NULL; --
-- AFTER_SORT --
200 OK
t0
t0

-- EXECUTE SQL: SELECT m2.f1, m2.f0, m2.t0 FROM m2; --
-- AFTER_SORT --
200 OK
f1,f0,t0
f1,false,t0

-- EXECUTE SQL: SELECT ALL m2.f1, m2.f0, m2.t0 FROM m2 WHERE CAST(CAST(CAST(- (-506071032) AS BIGINT) AS BIGINT) AS BOOLEAN) UNION ALL SELECT ALL m2.f1, m2.f0, m2.t0 FROM m2 WHERE NOT (CAST(CAST(CAST(- (-506071032) AS BIGINT) AS BIGINT) AS BOOLEAN)) UNION ALL SELECT ALL m2.f1, m2.f0, m2.t0 FROM m2 WHERE (CAST(CAST(CAST(- (-506071032) AS BIGINT) AS BIGINT) AS BOOLEAN)) IS NULL; --
-- AFTER_SORT --
200 OK
f1,f0,t0
f1,false,t0

-- EXECUTE SQL: SELECT m1.f0 FROM m1; --
-- AFTER_SORT --
200 OK
f0
f0

-- EXECUTE SQL: SELECT ALL m1.f0 FROM m1 WHERE m1.f1; --
-- AFTER_SORT --
200 OK


-- EXECUTE SQL: SELECT ALL m1.f0 FROM m1 WHERE NOT (m1.f1); --
-- AFTER_SORT --
200 OK
f0
""
f0

-- EXECUTE SQL: SELECT m1.f0 FROM m1 WHERE (m1.f1) IS NULL; --
-- AFTER_SORT --
200 OK


-- EXECUTE SQL: SELECT ALL m0.f0, m0.t0 FROM m0; --
-- AFTER_SORT --
200 OK
f0,t0
false,
false,
false,t0
true,
true,
true,
true,
true,
true,
true,
true,

-- EXECUTE SQL: SELECT m0.f0, m0.t0 FROM m0 WHERE m0.f0 UNION ALL SELECT ALL m0.f0, m0.t0 FROM m0 WHERE NOT (m0.f0) UNION ALL SELECT m0.f0, m0.t0 FROM m0 WHERE (m0.f0) IS NULL; --
-- AFTER_SORT --
200 OK
f0,t0
false,
false,
false,t0
true,
true,
true,
true,
true,
true,
true,
true,

-- EXECUTE SQL: SELECT * FROM m2; --
-- AFTER_SORT --
200 OK
time,t0,f0,f1
1970-01-01T00:00:00.000000000,t0,false,f1

-- EXECUTE SQL: SELECT * FROM m2 WHERE NOT (m2.f0); --
-- AFTER_SORT --
200 OK
time,t0,f0,f1
1970-01-01T00:00:00.000000000,t0,false,f1

-- EXECUTE SQL: SELECT * FROM m2 WHERE NOT (NOT (m2.f0)); --
-- AFTER_SORT --
200 OK


-- EXECUTE SQL: SELECT ALL * FROM m2 WHERE (NOT (m2.f0)) IS NULL; --
-- AFTER_SORT --
200 OK


-- EXECUTE SQL: SELECT ALL m0.f0, m0.t0 FROM m0; --
-- AFTER_SORT --
200 OK
f0,t0
false,
false,
false,t0
true,
true,
true,
true,
true,
true,
true,
true,

-- EXECUTE SQL: SELECT ALL m0.f0, m0.t0 FROM m0 WHERE CAST(-1488079281 AS BOOLEAN) UNION ALL SELECT ALL m0.f0, m0.t0 FROM m0 WHERE NOT (CAST(-1488079281 AS BOOLEAN)) UNION ALL SELECT ALL m0.f0, m0.t0 FROM m0 WHERE (CAST(-1488079281 AS BOOLEAN)) IS NULL; --
-- AFTER_SORT --
200 OK
f0,t0
false,
false,
false,t0
true,
true,
true,
true,
true,
true,
true,
true,

-- EXECUTE SQL: SELECT ALL * FROM m2; --
-- AFTER_SORT --
200 OK
time,t0,f0,f1
1970-01-01T00:00:00.000000000,t0,false,f1

-- EXECUTE SQL: SELECT ALL * FROM m2 WHERE (-1.497906008E9) IN (0.277040821627761); --
-- AFTER_SORT --
200 OK


-- EXECUTE SQL: SELECT * FROM m2 WHERE NOT ((-1.497906008E9) IN (0.277040821627761)); --
-- AFTER_SORT --
200 OK
time,t0,f0,f1
1970-01-01T00:00:00.000000000,t0,false,f1

-- EXECUTE SQL: SELECT * FROM m2 WHERE ((-1.497906008E9) IN (0.277040821627761)) IS NULL; --
-- AFTER_SORT --
200 OK


-- EXECUTE SQL: SELECT m1.f0 FROM m1; --
-- AFTER_SORT --
200 OK
f0
f0

-- EXECUTE SQL: SELECT m1.f0 FROM m1 WHERE NOT (CAST(0.389040859566277 AS BOOLEAN)); --
-- AFTER_SORT --
200 OK


-- EXECUTE SQL: SELECT ALL * FROM m0; --
-- AFTER_SORT --
200 OK
time,t0,f0,f1
1970-01-01T00:00:00.000000000,t0,false,0.0
1981-08-07T06:10:24.080382889,,false,0.6326195071473769
1990-01-03T22:50:52.613557553,,true,
2003-01-04T08:51:33.467254361,916053861,,0.507623643211476
2009-05-24T08:03:53.754651379,,false,
2070-08-01T14:24:06.074400477,,,0.47166914414715877
2096-05-01T02:46:47.649375642,,true,
2105-09-29T02:51:25.038645395,,true,0.4131558313302025
2148-08-02T22:07:02.062413216,,true,0.5469987105166848
2155-12-04T02:07:05.191822176,,true,
2169-05-25T00:03:51.914973050,,true,0.5540439337463335
2207-04-02T03:26:32.909450783,,true,
2208-09-18T16:29:32.643168002,,true,0.9622249970170084

-- EXECUTE SQL: SELECT ALL * FROM m0 WHERE m0.f0 UNION ALL SELECT * FROM m0 WHERE NOT (m0.f0) UNION ALL SELECT * FROM m0 WHERE (m0.f0) IS NULL; --
-- AFTER_SORT --
200 OK
time,t0,f0,f1
1970-01-01T00:00:00.000000000,t0,false,0.0
1981-08-07T06:10:24.080382889,,false,0.6326195071473769
1990-01-03T22:50:52.613557553,,true,
2003-01-04T08:51:33.467254361,916053861,,0.507623643211476
2009-05-24T08:03:53.754651379,,false,
2070-08-01T14:24:06.074400477,,,0.47166914414715877
2096-05-01T02:46:47.649375642,,true,
2105-09-29T02:51:25.038645395,,true,0.4131558313302025
2148-08-02T22:07:02.062413216,,true,0.5469987105166848
2155-12-04T02:07:05.191822176,,true,
2169-05-25T00:03:51.914973050,,true,0.5540439337463335
2207-04-02T03:26:32.909450783,,true,
2208-09-18T16:29:32.643168002,,true,0.9622249970170084

-- EXECUTE SQL: SELECT ALL m3.t1 FROM m3 WHERE NOT (CAST((351281739) BETWEEN SYMMETRIC (((m3.f0)/(m3.f0))) AND (+ (m3.f0)) AS BOOLEAN)); --
-- AFTER_SORT --
422 Unprocessable Entity
{"error_code":"010001","error_message":"Datafusion: Error during planning: Invalid function 'symmetric'"}
-- ERROR:  --

-- EXECUTE SQL: SELECT m3.t1 FROM m3 WHERE NOT (NOT (CAST((351281739) BETWEEN SYMMETRIC (((m3.f0)/(m3.f0))) AND (+ (m3.f0)) AS BOOLEAN))); --
-- AFTER_SORT --
422 Unprocessable Entity
{"error_code":"010001","error_message":"Datafusion: Error during planning: Invalid function 'symmetric'"}
-- ERROR:  --

-- EXECUTE SQL: SELECT ALL m3.t1 FROM m3 WHERE (NOT (CAST((351281739) BETWEEN SYMMETRIC (((m3.f0)/(m3.f0))) AND (+ (m3.f0)) AS BOOLEAN))) IS NULL; --
-- AFTER_SORT --
422 Unprocessable Entity
{"error_code":"010001","error_message":"Datafusion: Error during planning: Invalid function 'symmetric'"}
-- ERROR:  --

-- EXECUTE SQL: SELECT ALL m3.f0, m3.t1 FROM m3; --
-- AFTER_SORT --
200 OK
f0,t1
0,t1

-- EXECUTE SQL: SELECT ALL m3.f0, m3.t1 FROM m3 WHERE ((CAST(- (+ (m3.f0)) AS BOOLEAN))OR((((m3.f0)^(m3.f0))) IN ('Infinity', NULL))); --
-- AFTER_SORT --
422 Unprocessable Entity
{"error_code":"010001","error_message":"Datafusion: simplify_expressions\ncaused by\nInternal error: Optimizer rule 'simplify_expressions' failed due to unexpected error: Internal error: The expr has more than one schema, could not determine data type. This was likely caused by a bug in DataFusion's code and we would welcome that you file an bug report in our issue tracker. This was likely caused by a bug in DataFusion's code and we would welcome that you file an bug report in our issue tracker"}
-- ERROR:  --

-- EXECUTE SQL: SELECT MAX(+ (CAST(((((m2.f1)||(m2.f1)))LIKE((('C')||(m2.t0)))) AS BIGINT))) FROM m2 ORDER BY m2.f1 DESC, m2.f0 DESC; --
-- AFTER_SORT --
422 Unprocessable Entity
{"error_code":"010001","error_message":"Datafusion: Schema error: No field named m2.f1. Valid fields are \"MAX(m2.f1 || m2.f1 LIKE Utf8(\"\"C\"\") || m2.t0 )\"."}
-- ERROR:  --

-- EXECUTE SQL: SELECT m3.t1, m3.t0, m3.f1 FROM m3; --
-- AFTER_SORT --
200 OK
t1,t0,f1
t1,t0,false

-- EXECUTE SQL: SELECT ALL m3.t1, m3.t0, m3.f1 FROM m3 WHERE ((m3.f1) NOT IN (TRUE, TRUE)) IN (FALSE); --
-- AFTER_SORT --
200 OK


-- EXECUTE SQL: SELECT ALL m3.t1, m3.t0, m3.f1 FROM m3 WHERE NOT (((m3.f1) NOT IN (TRUE, TRUE)) IN (FALSE)); --
-- AFTER_SORT --
200 OK
t1,t0,f1
t1,t0,false

-- EXECUTE SQL: SELECT ALL m3.t1, m3.t0, m3.f1 FROM m3 WHERE (((m3.f1) NOT IN (TRUE, TRUE)) IN (FALSE)) IS NULL; --
-- AFTER_SORT --
200 OK


-- EXECUTE SQL: SELECT m1.t0, m1.f0, m1.f1 FROM m1; --
-- AFTER_SORT --
200 OK
t0,f0,f1
,,false
t0,f0,false

-- EXECUTE SQL: SELECT m2.f1, m2.t0 FROM m2; --
-- AFTER_SORT --
200 OK
f1,t0
f1,t0

-- EXECUTE SQL: SELECT ALL m2.f1, m2.t0 FROM m2 WHERE (CAST(((-753682421)%(-1098661034)) AS BOOLEAN)) NOT IN (FALSE, TRUE); --
-- AFTER_SORT --
200 OK


-- EXECUTE SQL: SELECT m2.f1, m2.t0 FROM m2 WHERE NOT ((CAST(((-753682421)%(-1098661034)) AS BOOLEAN)) NOT IN (FALSE, TRUE)); --
-- AFTER_SORT --
200 OK
f1,t0
f1,t0

-- EXECUTE SQL: SELECT ALL m2.f1, m2.t0 FROM m2 WHERE ((CAST(((-753682421)%(-1098661034)) AS BOOLEAN)) NOT IN (FALSE, TRUE)) IS NULL; --
-- AFTER_SORT --
200 OK


-- EXECUTE SQL: SELECT ALL m2.f0 FROM m2; --
-- AFTER_SORT --
200 OK
f0
false

-- EXECUTE SQL: SELECT ALL m2.f0 FROM m2 WHERE NOT (((CAST(((m2.f1)||(1882407976)) AS STRING))LIKE(((CAST(m2.t0 AS STRING))||(CAST(m2.f0 AS BOOLEAN)))))) UNION ALL SELECT ALL m2.f0 FROM m2 WHERE NOT (NOT (((CAST(((m2.f1)||(1882407976)) AS STRING))LIKE(((CAST(m2.t0 AS STRING))||(CAST(m2.f0 AS BOOLEAN))))))) UNION ALL SELECT ALL m2.f0 FROM m2 WHERE (NOT (((CAST(((m2.f1)||(1882407976)) AS STRING))LIKE(((CAST(m2.t0 AS STRING))||(CAST(m2.f0 AS BOOLEAN))))))) IS NULL; --
-- AFTER_SORT --
200 OK
f0
false

-- EXECUTE SQL: SELECT COUNT(CAST(m3.f0 AS BIGINT)) FROM m3; --
-- AFTER_SORT --
200 OK
COUNT(m3.f0)
1

-- EXECUTE SQL: SELECT SUM(agg0) FROM (SELECT COUNT(CAST(m3.f0 AS BIGINT))  as agg0 FROM m3 WHERE (((CAST(m3.f0 AS STRING))||(CAST(m3.t0 AS STRING)))) NOT IN ('', 'BFl') UNION ALL SELECT COUNT(CAST(m3.f0 AS BIGINT))  as agg0 FROM m3 WHERE NOT ((((CAST(m3.f0 AS STRING))||(CAST(m3.t0 AS STRING)))) NOT IN ('', 'BFl')) UNION ALL SELECT COUNT(CAST(m3.f0 AS BIGINT))  as agg0 FROM m3 WHERE ((((CAST(m3.f0 AS STRING))||(CAST(m3.t0 AS STRING)))) NOT IN ('', 'BFl')) IS NULL) as asdf; --
-- AFTER_SORT --
200 OK
SUM(asdf.agg0)
1

-- EXECUTE SQL: SELECT ALL * FROM m1; --
-- AFTER_SORT --
200 OK
time,t0,f0,f1
1970-01-01T00:00:00.000000000,t0,f0,false
2207-04-18T13:56:55.539246350,,,false

-- EXECUTE SQL: SELECT ALL * FROM m1 WHERE ((+ (543535954)) NOT IN (-1930876602)) IS NULL UNION ALL SELECT * FROM m1 WHERE NOT (((+ (543535954)) NOT IN (-1930876602)) IS NULL) UNION ALL SELECT ALL * FROM m1 WHERE (((+ (543535954)) NOT IN (-1930876602)) IS NULL) IS NULL; --
-- AFTER_SORT --
200 OK
time,t0,f0,f1
1970-01-01T00:00:00.000000000,t0,f0,false
2207-04-18T13:56:55.539246350,,,false

-- EXECUTE SQL: SELECT ALL m2.t0 FROM m2 WHERE NOT (NOT (CAST(((m2.f1)||(m2.f0)) AS BOOLEAN))) UNION ALL SELECT m2.t0 FROM m2 WHERE NOT (NOT (NOT (CAST(((m2.f1)||(m2.f0)) AS BOOLEAN)))) UNION ALL SELECT ALL m2.t0 FROM m2 WHERE (NOT (NOT (CAST(((m2.f1)||(m2.f0)) AS BOOLEAN)))) IS NULL; --
-- AFTER_SORT --
422 Unprocessable Entity
{"error_code":"010002","error_message":"Arrow: Cast error: Cannot cast value 'f10' to value of Boolean type"}
-- ERROR:  --

-- EXECUTE SQL: SELECT BIT_OR(- (CAST(+ (- (1007863218)) AS BIGINT))) FROM m2; --
-- AFTER_SORT --
422 Unprocessable Entity
{"error_code":"010001","error_message":"Datafusion: Error during planning: Invalid function 'bit_or'"}
-- ERROR:  --

-- EXECUTE SQL: SELECT ALL m2.f1 FROM m2; --
-- AFTER_SORT --
200 OK
f1
f1

-- EXECUTE SQL: SELECT m2.f1 FROM m2 WHERE NOT (((NOT (m2.f0)) BETWEEN (((m2.f1)LIKE(m2.f1))) AND ((m2.t0) BETWEEN (m2.t0) AND (m2.f1))) IS TRUE) UNION ALL SELECT m2.f1 FROM m2 WHERE NOT (NOT (((NOT (m2.f0)) BETWEEN (((m2.f1)LIKE(m2.f1))) AND ((m2.t0) BETWEEN (m2.t0) AND (m2.f1))) IS TRUE)) UNION ALL SELECT ALL m2.f1 FROM m2 WHERE (NOT (((NOT (m2.f0)) BETWEEN (((m2.f1)LIKE(m2.f1))) AND ((m2.t0) BETWEEN (m2.t0) AND (m2.f1))) IS TRUE)) IS NULL; --
-- AFTER_SORT --
200 OK
f1
f1

-- EXECUTE SQL: SELECT MAX(CAST(3.50532422E8 AS STRING)) FROM m2; --
-- AFTER_SORT --
422 Unprocessable Entity
{"error_code":"010001","error_message":"Datafusion: This feature is not implemented: sql numeric literals in scientific notation are not supported"}
-- ERROR:  --

-- EXECUTE SQL: SELECT ALL MIN((((((m4.f0)+(m4.f0)))*(- (m4.f0)))) IN (0.15344075890540054)) FROM m4; --
-- AFTER_SORT --
422 Unprocessable Entity
{"error_code":"010001","error_message":"Datafusion: Internal error: Min/Max accumulator not implemented for type Boolean. This was likely caused by a bug in DataFusion's code and we would welcome that you file an bug report in our issue tracker"}
-- ERROR:  --

-- EXECUTE SQL: SELECT BOOL_OR((CAST(CAST(CAST(m4.f0 AS BOOLEAN) AS BOOLEAN) AS BOOLEAN)) IS UNKNOWN) FROM m4; --
-- AFTER_SORT --
422 Unprocessable Entity
{"error_code":"010001","error_message":"Datafusion: Error during planning: Invalid function 'bool_or'"}
-- ERROR:  --

-- EXECUTE SQL: SELECT m2.f0, m2.t0 FROM m2; --
-- AFTER_SORT --
200 OK
f0,t0
false,t0

-- EXECUTE SQL: SELECT ALL m2.f0, m2.t0 FROM m2 WHERE (0.7070907754113832) IS NULL UNION ALL SELECT ALL m2.f0, m2.t0 FROM m2 WHERE NOT ((0.7070907754113832) IS NULL) UNION ALL SELECT ALL m2.f0, m2.t0 FROM m2 WHERE ((0.7070907754113832) IS NULL) IS NULL; --
-- AFTER_SORT --
200 OK
f0,t0
false,t0

-- EXECUTE SQL: SELECT m3.t0 FROM m3 WHERE m3.f1 UNION ALL SELECT ALL m3.t0 FROM m3 WHERE NOT (m3.f1) UNION ALL SELECT m3.t0 FROM m3 WHERE (m3.f1) IS NULL; --
-- AFTER_SORT --
200 OK
t0
t0

-- EXECUTE SQL: SELECT m4.t1 FROM m4 WHERE CAST(((CAST(((m4.f0)*(m4.f0)) AS BIGINT))<=(CAST(CAST(m4.f0 AS STRING) AS BIGINT))) AS BOOLEAN); --
-- AFTER_SORT --
200 OK
t1
t1

-- EXECUTE SQL: SELECT m4.t1 FROM m4 WHERE (NOT ((m4.f0) IN (1324253038, -768959031))) IS NOT UNKNOWN; --
-- AFTER_SORT --
200 OK
t1
t1

-- EXECUTE SQL: SELECT ALL m4.t1 FROM m4 WHERE NOT ((NOT ((m4.f0) IN (1324253038, -768959031))) IS NOT UNKNOWN); --
-- AFTER_SORT --
200 OK


-- EXECUTE SQL: SELECT m4.t1 FROM m4 WHERE ((NOT ((m4.f0) IN (1324253038, -768959031))) IS NOT UNKNOWN) IS NULL; --
-- AFTER_SORT --
200 OK


-- EXECUTE SQL: SELECT m4.t1 FROM m4 WHERE CAST(((CAST((m4.t1) BETWEEN SYMMETRIC (m4.t1) AND (m4.t2) AS STRING))||(CAST(CAST(1193577717 AS BIGINT) AS STRING))) AS BOOLEAN) UNION ALL SELECT ALL m4.t1 FROM m4 WHERE NOT (CAST(((CAST((m4.t1) BETWEEN SYMMETRIC (m4.t1) AND (m4.t2) AS STRING))||(CAST(CAST(1193577717 AS BIGINT) AS STRING))) AS BOOLEAN)) UNION ALL SELECT m4.t1 FROM m4 WHERE (CAST(((CAST((m4.t1) BETWEEN SYMMETRIC (m4.t1) AND (m4.t2) AS STRING))||(CAST(CAST(1193577717 AS BIGINT) AS STRING))) AS BOOLEAN)) IS NULL; --
-- AFTER_SORT --
422 Unprocessable Entity
{"error_code":"010001","error_message":"Datafusion: Error during planning: Invalid function 'symmetric'"}
-- ERROR:  --

-- EXECUTE SQL: SELECT ALL m1.t0, m1.f0 FROM m1; --
-- AFTER_SORT --
200 OK
t0,f0
t0,f0

-- EXECUTE SQL: SELECT m1.t0, m1.f0 FROM m1 WHERE ((CAST(m1.t0 AS STRING))LIKE(CAST(((m1.t0)LIKE(m1.t0)) AS STRING))); --
-- AFTER_SORT --
200 OK


-- EXECUTE SQL: SELECT * FROM m4; --
-- AFTER_SORT --
200 OK
time,t0,t1,t2,f0
1970-01-01T00:00:00.000000000,t0,t1,t2,0

-- EXECUTE SQL: SELECT * FROM m4 WHERE ((CAST(CAST(m4.f0 AS STRING) AS STRING))LIKE(((CAST(((m4.f0)-(m4.f0)) AS STRING))||(((- (m4.f0))/(CAST(m4.f0 AS BIGINT))))))); --
-- AFTER_SORT --
200 OK


-- EXECUTE SQL: SELECT ALL m3.f1 FROM m3; --
-- AFTER_SORT --
200 OK
f1
false

-- EXECUTE SQL: SELECT m3.f1 FROM m3 WHERE NOT (((((CAST(-404412652 AS STRING))||(CAST(m3.f1 AS STRING))))LIKE(CAST(m3.f1 AS STRING)))) UNION ALL SELECT ALL m3.f1 FROM m3 WHERE NOT (NOT (((((CAST(-404412652 AS STRING))||(CAST(m3.f1 AS STRING))))LIKE(CAST(m3.f1 AS STRING))))) UNION ALL SELECT ALL m3.f1 FROM m3 WHERE (NOT (((((CAST(-404412652 AS STRING))||(CAST(m3.f1 AS STRING))))LIKE(CAST(m3.f1 AS STRING))))) IS NULL; --
-- AFTER_SORT --
200 OK
f1
false

-- EXECUTE SQL: SELECT m0.f0, m0.t0 FROM m0; --
-- AFTER_SORT --
200 OK
f0,t0
false,
false,
false,t0
true,
true,
true,
true,
true,
true,
true,
true,

-- EXECUTE SQL: SELECT m0.f0, m0.t0 FROM m0 WHERE CAST(((((1492391863)^(378965728))) IS NULL) IS NOT NULL AS BOOLEAN) UNION ALL SELECT m0.f0, m0.t0 FROM m0 WHERE NOT (CAST(((((1492391863)^(378965728))) IS NULL) IS NOT NULL AS BOOLEAN)) UNION ALL SELECT m0.f0, m0.t0 FROM m0 WHERE (CAST(((((1492391863)^(378965728))) IS NULL) IS NOT NULL AS BOOLEAN)) IS NULL; --
-- AFTER_SORT --
200 OK
f0,t0
false,
false,
false,t0
true,
true,
true,
true,
true,
true,
true,
true,

-- EXECUTE SQL: SELECT m3.t1, m3.t0, m3.f0 FROM m3; --
-- AFTER_SORT --
200 OK
t1,t0,f0
t1,t0,0

-- EXECUTE SQL: SELECT m3.t1, m3.t0, m3.f0 FROM m3 WHERE (m3.t0) NOT IN ('#b', ' ^|N', ''); --
-- AFTER_SORT --
200 OK
t1,t0,f0
t1,t0,0

-- EXECUTE SQL: SELECT ALL m3.t1, m3.t0, m3.f0 FROM m3 WHERE NOT ((m3.t0) NOT IN ('#b', ' ^|N', '')); --
-- AFTER_SORT --
200 OK


-- EXECUTE SQL: SELECT ALL m3.t1, m3.t0, m3.f0 FROM m3 WHERE ((m3.t0) NOT IN ('#b', ' ^|N', '')) IS NULL; --
-- AFTER_SORT --
200 OK


-- EXECUTE SQL: SELECT m1.t0, m1.f0 FROM m1; --
-- AFTER_SORT --
200 OK
t0,f0
t0,f0

-- EXECUTE SQL: SELECT ALL m1.t0, m1.f0 FROM m1 WHERE NOT (((m1.f0)LIKE(CAST(((388010802)^(916053861)) AS STRING)))) UNION ALL SELECT ALL m1.t0, m1.f0 FROM m1 WHERE NOT (NOT (((m1.f0)LIKE(CAST(((388010802)^(916053861)) AS STRING))))) UNION ALL SELECT m1.t0, m1.f0 FROM m1 WHERE (NOT (((m1.f0)LIKE(CAST(((388010802)^(916053861)) AS STRING))))) IS NULL; --
-- AFTER_SORT --
200 OK
t0,f0
t0,f0

-- EXECUTE SQL: SELECT * FROM m2; --
-- AFTER_SORT --
200 OK
time,t0,f0,f1
1970-01-01T00:00:00.000000000,t0,false,f1

-- EXECUTE SQL: SELECT ALL * FROM m2 WHERE (CAST((CAST(m2.f0 AS STRING)) BETWEEN (CAST(m2.f1 AS STRING)) AND (((m2.f1)||(1825484883))) AS BIGINT)) NOTNULL UNION ALL SELECT ALL * FROM m2 WHERE NOT ((CAST((CAST(m2.f0 AS STRING)) BETWEEN (CAST(m2.f1 AS STRING)) AND (((m2.f1)||(1825484883))) AS BIGINT)) NOTNULL) UNION ALL SELECT * FROM m2 WHERE ((CAST((CAST(m2.f0 AS STRING)) BETWEEN (CAST(m2.f1 AS STRING)) AND (((m2.f1)||(1825484883))) AS BIGINT)) NOTNULL) IS NULL; --
-- AFTER_SORT --
422 Unprocessable Entity
{"error_code":"010009","error_message":"sql parser error: Expected end of statement, found: NOTNULL"}
-- ERROR:  --

-- EXECUTE SQL: SELECT SUM(0.7059204780758392) FROM m0; --
-- AFTER_SORT --
200 OK
SUM(Float64(0.7059204780758392))
9.17696621498591

-- EXECUTE SQL: SELECT m3.t0, m3.f0, m3.f1, m3.t1 FROM m3; --
-- AFTER_SORT --
200 OK
t0,f0,f1,t1
t0,0,false,t1

-- EXECUTE SQL: SELECT ALL m3.t0, m3.f0, m3.f1, m3.t1 FROM m3 WHERE NOT (m3.f1); --
-- AFTER_SORT --
200 OK
t0,f0,f1,t1
t0,0,false,t1

-- EXECUTE SQL: SELECT m3.t0, m3.f0, m3.f1, m3.t1 FROM m3 WHERE NOT (NOT (m3.f1)); --
-- AFTER_SORT --
200 OK


-- EXECUTE SQL: SELECT ALL m3.t0, m3.f0, m3.f1, m3.t1 FROM m3 WHERE (NOT (m3.f1)) IS NULL; --
-- AFTER_SORT --
200 OK


-- EXECUTE SQL: SELECT m1.t0 FROM m1 ORDER BY m1.f0 ASC; --
-- AFTER_SORT --
200 OK
t0
t0

-- EXECUTE SQL: SELECT m1.t0 FROM m1 WHERE (FALSE) IS TRUE; --
-- AFTER_SORT --
200 OK


-- EXECUTE SQL: SELECT ALL m1.t0 FROM m1 WHERE ((FALSE) IS TRUE) IS NULL; --
-- AFTER_SORT --
200 OK


-- EXECUTE SQL: SELECT m1.f0, m1.f1, m1.t0 FROM m1; --
-- AFTER_SORT --
200 OK
f0,f1,t0
,false,
f0,false,t0

-- EXECUTE SQL: SELECT ALL m1.f0, m1.f1, m1.t0 FROM m1 WHERE (FALSE) IS NOT UNKNOWN UNION ALL SELECT m1.f0, m1.f1, m1.t0 FROM m1 WHERE NOT ((FALSE) IS NOT UNKNOWN) UNION ALL SELECT ALL m1.f0, m1.f1, m1.t0 FROM m1 WHERE ((FALSE) IS NOT UNKNOWN) IS NULL; --
-- AFTER_SORT --
200 OK
f0,f1,t0
,false,
f0,false,t0

-- EXECUTE SQL: SELECT ALL m4.t0, m4.t2, m4.f0, m4.t1 FROM m4; --
-- AFTER_SORT --
200 OK
t0,t2,f0,t1
t0,t2,0,t1

-- EXECUTE SQL: SELECT m4.t0, m4.t2, m4.f0, m4.t1 FROM m4 WHERE FALSE; --
-- AFTER_SORT --
200 OK


-- EXECUTE SQL: SELECT ALL m4.t0, m4.t2, m4.f0, m4.t1 FROM m4 WHERE NOT (FALSE); --
-- AFTER_SORT --
200 OK
t0,t2,f0,t1
t0,t2,0,t1

-- EXECUTE SQL: SELECT ALL m4.t0, m4.t2, m4.f0, m4.t1 FROM m4 WHERE (FALSE) IS NULL; --
-- AFTER_SORT --
200 OK


-- EXECUTE SQL: SELECT BOOL_AND(((NOT (((((((((m0.f0)OR(m0.f0)))AND(m0.f0)))AND(m0.f0)))AND(m0.f0)))) IS NOT UNKNOWN) IS NULL) FROM m0 ORDER BY m0.f0 DESC; --
-- AFTER_SORT --
422 Unprocessable Entity
{"error_code":"010001","error_message":"Datafusion: Error during planning: Invalid function 'bool_and'"}
-- ERROR:  --

-- EXECUTE SQL: SELECT ALL COUNT(CAST(CAST(NOT (((m3.t0)IS DISTINCT FROM(m3.t1))) AS STRING) AS BIGINT)) FROM m3 ORDER BY m3.t0 DESC; --
-- AFTER_SORT --
422 Unprocessable Entity
{"error_code":"010001","error_message":"Datafusion: Schema error: No field named m3.t0. Valid fields are \"COUNT(NOT m3.t0 IS DISTINCT FROM m3.t1)\"."}
-- ERROR:  --

-- EXECUTE SQL: SELECT ALL m0.f0, m0.f1 FROM m0; --
-- AFTER_SORT --
200 OK
f0,f1
,0.47166914414715877
,0.507623643211476
false,
false,0.0
false,0.6326195071473769
true,
true,
true,
true,
true,0.4131558313302025
true,0.5469987105166848
true,0.5540439337463335
true,0.9622249970170084

-- EXECUTE SQL: SELECT ALL m0.f0, m0.f1 FROM m0 WHERE (((((+ (-1637708205))-(- (-1438866223))))>(0.3743626300346117))) IS NOT UNKNOWN UNION ALL SELECT m0.f0, m0.f1 FROM m0 WHERE NOT ((((((+ (-1637708205))-(- (-1438866223))))>(0.3743626300346117))) IS NOT UNKNOWN) UNION ALL SELECT m0.f0, m0.f1 FROM m0 WHERE ((((((+ (-1637708205))-(- (-1438866223))))>(0.3743626300346117))) IS NOT UNKNOWN) IS NULL; --
-- AFTER_SORT --
200 OK
f0,f1
,0.47166914414715877
,0.507623643211476
false,
false,0.0
false,0.6326195071473769
true,
true,
true,
true,
true,0.4131558313302025
true,0.5469987105166848
true,0.5540439337463335
true,0.9622249970170084

-- EXECUTE SQL: SELECT ALL m1.f1 FROM m1; --
-- AFTER_SORT --
200 OK
f1
false
false

-- EXECUTE SQL: SELECT ALL m1.f1 FROM m1 WHERE m1.f1 UNION ALL SELECT ALL m1.f1 FROM m1 WHERE NOT (m1.f1) UNION ALL SELECT m1.f1 FROM m1 WHERE (m1.f1) IS NULL; --
-- AFTER_SORT --
200 OK
f1
false
false

-- EXECUTE SQL: SELECT ALL m2.f0 FROM m2 ORDER BY m2.f1 DESC; --
-- AFTER_SORT --
200 OK
f0
false

-- EXECUTE SQL: SELECT ALL m2.f0 FROM m2 WHERE CAST(CAST(((((m2.f1)||(1876346506)))||(CAST(m2.f0 AS BIGINT))) AS STRING) AS BOOLEAN); --
-- AFTER_SORT --
422 Unprocessable Entity
{"error_code":"010002","error_message":"Arrow: Cast error: Cannot cast value 'f118763465060' to value of Boolean type"}
-- ERROR:  --

-- EXECUTE SQL: SELECT ALL m0.t0, m0.f1 FROM m0; --
-- AFTER_SORT --
200 OK
t0,f1
,0.4131558313302025
,0.47166914414715877
,0.5469987105166848
,0.5540439337463335
,0.6326195071473769
,0.9622249970170084
916053861,0.507623643211476
t0,0.0

-- EXECUTE SQL: SELECT m0.t0, m0.f1 FROM m0 WHERE (0.0241197153905911) NOTNULL; --
-- AFTER_SORT --
422 Unprocessable Entity
{"error_code":"010009","error_message":"sql parser error: Expected end of statement, found: NOTNULL"}
-- ERROR:  --

-- EXECUTE SQL: SELECT ALL m0.t0, m0.f1 FROM m0 WHERE NOT ((0.0241197153905911) NOTNULL); --
-- AFTER_SORT --
422 Unprocessable Entity
{"error_code":"010009","error_message":"sql parser error: Expected ), found: NOTNULL"}
-- ERROR:  --

-- EXECUTE SQL: SELECT m0.t0, m0.f1 FROM m0 WHERE ((0.0241197153905911) NOTNULL) IS NULL; --
-- AFTER_SORT --
422 Unprocessable Entity
{"error_code":"010009","error_message":"sql parser error: Expected ), found: NOTNULL"}
-- ERROR:  --

-- EXECUTE SQL: SELECT BIT_AND(- (((CAST(- (m4.f0) AS BIGINT))/(m4.f0)))) FROM m4; --
-- AFTER_SORT --
422 Unprocessable Entity
{"error_code":"010001","error_message":"Datafusion: Error during planning: Invalid function 'bit_and'"}
-- ERROR:  --

-- EXECUTE SQL: SELECT m2.f0 FROM m2; --
-- AFTER_SORT --
200 OK
f0
false

-- EXECUTE SQL: SELECT m2.f0 FROM m2 WHERE (CAST(((m2.t0)IS DISTINCT FROM(m2.t0)) AS BOOLEAN)) IS UNKNOWN UNION ALL SELECT ALL m2.f0 FROM m2 WHERE NOT ((CAST(((m2.t0)IS DISTINCT FROM(m2.t0)) AS BOOLEAN)) IS UNKNOWN) UNION ALL SELECT ALL m2.f0 FROM m2 WHERE ((CAST(((m2.t0)IS DISTINCT FROM(m2.t0)) AS BOOLEAN)) IS UNKNOWN) IS NULL; --
-- AFTER_SORT --
200 OK
f0
false

-- EXECUTE SQL: SELECT m4.t0, m4.f0 FROM m4; --
-- AFTER_SORT --
200 OK
t0,f0
t0,0

-- EXECUTE SQL: SELECT m4.t0, m4.f0 FROM m4 WHERE TRUE UNION ALL SELECT ALL m4.t0, m4.f0 FROM m4 WHERE NOT (TRUE) UNION ALL SELECT ALL m4.t0, m4.f0 FROM m4 WHERE (TRUE) IS NULL; --
-- AFTER_SORT --
200 OK
t0,f0
t0,0

-- EXECUTE SQL: SELECT ALL m4.f0, m4.t2, m4.t1 FROM m4; --
-- AFTER_SORT --
200 OK
f0,t2,t1
0,t2,t1

-- EXECUTE SQL: SELECT m4.f0, m4.t2, m4.t1 FROM m4 WHERE (0.9371801754539796) NOT IN (0.22102354437320937, 0.07241609218681555) UNION ALL SELECT m4.f0, m4.t2, m4.t1 FROM m4 WHERE NOT ((0.9371801754539796) NOT IN (0.22102354437320937, 0.07241609218681555)) UNION ALL SELECT ALL m4.f0, m4.t2, m4.t1 FROM m4 WHERE ((0.9371801754539796) NOT IN (0.22102354437320937, 0.07241609218681555)) IS NULL; --
-- AFTER_SORT --
200 OK
f0,t2,t1
0,t2,t1

-- EXECUTE SQL: SELECT m0.f0 FROM m0; --
-- AFTER_SORT --
200 OK
f0
false
false
false
true
true
true
true
true
true
true
true

-- EXECUTE SQL: SELECT m0.f0 FROM m0 WHERE (0.9998372198711547) BETWEEN SYMMETRIC (0.2700300601709139) AND (- (((CAST(FALSE AS BIGINT))^(((533580250)^(2116911742)))))); --
-- AFTER_SORT --
422 Unprocessable Entity
{"error_code":"010001","error_message":"Datafusion: Error during planning: Invalid function 'symmetric'"}
-- ERROR:  --

-- EXECUTE SQL: SELECT ALL SUM(m3.f0) FROM m3; --
-- AFTER_SORT --
200 OK
SUM(m3.f0)
0

-- EXECUTE SQL: SELECT ALL m2.f1 FROM m2; --
-- AFTER_SORT --
200 OK
f1
f1

-- EXECUTE SQL: SELECT ALL m2.f1 FROM m2 WHERE m2.f0 UNION ALL SELECT m2.f1 FROM m2 WHERE NOT (m2.f0) UNION ALL SELECT m2.f1 FROM m2 WHERE (m2.f0) IS NULL; --
-- AFTER_SORT --
200 OK
f1
f1

-- EXECUTE SQL: SELECT m1.f1, m1.f0, m1.t0 FROM m1; --
-- AFTER_SORT --
200 OK
f1,f0,t0
false,,
false,f0,t0

-- EXECUTE SQL: SELECT m1.f1, m1.f0, m1.t0 FROM m1 WHERE CAST(+ (((- (-2136200649))-(CAST(0.7730655536082255 AS BIGINT)))) AS BOOLEAN); --
-- AFTER_SORT --
200 OK
f1,f0,t0
false,,
false,f0,t0

-- EXECUTE SQL: SELECT m0.f1 FROM m0; --
-- AFTER_SORT --
200 OK
f1
0.0
0.4131558313302025
0.47166914414715877
0.507623643211476
0.5469987105166848
0.5540439337463335
0.6326195071473769
0.9622249970170084

-- EXECUTE SQL: SELECT m0.f1 FROM m0 WHERE (CAST(-4.36419271E8 AS BOOLEAN)) IS UNKNOWN UNION ALL SELECT m0.f1 FROM m0 WHERE NOT ((CAST(-4.36419271E8 AS BOOLEAN)) IS UNKNOWN) UNION ALL SELECT m0.f1 FROM m0 WHERE ((CAST(-4.36419271E8 AS BOOLEAN)) IS UNKNOWN) IS NULL; --
-- AFTER_SORT --
200 OK
f1
0.0
0.4131558313302025
0.47166914414715877
0.507623643211476
0.5469987105166848
0.5540439337463335
0.6326195071473769
0.9622249970170084

-- EXECUTE SQL: SELECT * FROM m3; --
-- AFTER_SORT --
200 OK
time,t0,t1,f0,f1
1970-01-01T00:00:00.000000000,t0,t1,0,false

-- EXECUTE SQL: SELECT ALL * FROM m3 WHERE (((CAST(CAST(TRUE AS STRING) AS STRING))LIKE(CAST(m3.t1 AS STRING)))) IS NOT UNKNOWN; --
-- AFTER_SORT --
200 OK
time,t0,t1,f0,f1
1970-01-01T00:00:00.000000000,t0,t1,0,false

-- EXECUTE SQL: SELECT m4.t0 FROM m4 WHERE ((CAST(CAST(CAST(4.76629951E8 AS STRING) AS STRING) AS STRING))LIKE(CAST(0.7601884972814399 AS STRING))) UNION ALL SELECT m4.t0 FROM m4 WHERE NOT (((CAST(CAST(CAST(4.76629951E8 AS STRING) AS STRING) AS STRING))LIKE(CAST(0.7601884972814399 AS STRING)))) UNION ALL SELECT m4.t0 FROM m4 WHERE (((CAST(CAST(CAST(4.76629951E8 AS STRING) AS STRING) AS STRING))LIKE(CAST(0.7601884972814399 AS STRING)))) IS NULL; --
-- AFTER_SORT --
422 Unprocessable Entity
{"error_code":"010001","error_message":"Datafusion: This feature is not implemented: sql numeric literals in scientific notation are not supported"}
-- ERROR:  --

-- EXECUTE SQL: SELECT ALL SUM(2.9910274E8) FROM m4 ORDER BY m4.f0 ASC; --
-- AFTER_SORT --
422 Unprocessable Entity
{"error_code":"010001","error_message":"Datafusion: This feature is not implemented: sql numeric literals in scientific notation are not supported"}
-- ERROR:  --

-- EXECUTE SQL: SELECT * FROM m1; --
-- AFTER_SORT --
200 OK
time,t0,f0,f1
1970-01-01T00:00:00.000000000,t0,f0,false
2207-04-18T13:56:55.539246350,,,false

-- EXECUTE SQL: SELECT ALL * FROM m1 WHERE CAST(- (CAST(((-597573009)+(-436419271)) AS BIGINT)) AS BOOLEAN) UNION ALL SELECT * FROM m1 WHERE NOT (CAST(- (CAST(((-597573009)+(-436419271)) AS BIGINT)) AS BOOLEAN)) UNION ALL SELECT ALL * FROM m1 WHERE (CAST(- (CAST(((-597573009)+(-436419271)) AS BIGINT)) AS BOOLEAN)) IS NULL; --
-- AFTER_SORT --
200 OK
time,t0,f0,f1
1970-01-01T00:00:00.000000000,t0,f0,false
2207-04-18T13:56:55.539246350,,,false

-- EXECUTE SQL: SELECT ALL m0.f0 FROM m0; --
-- AFTER_SORT --
200 OK
f0
false
false
false
true
true
true
true
true
true
true
true

-- EXECUTE SQL: SELECT m0.f0 FROM m0 WHERE TRUE UNION ALL SELECT ALL m0.f0 FROM m0 WHERE NOT (TRUE) UNION ALL SELECT m0.f0 FROM m0 WHERE (TRUE) IS NULL; --
-- AFTER_SORT --
200 OK
f0
false
false
false
true
true
true
true
true
true
true
true

-- EXECUTE SQL: SELECT ALL * FROM m0; --
-- AFTER_SORT --
200 OK
time,t0,f0,f1
1970-01-01T00:00:00.000000000,t0,false,0.0
1981-08-07T06:10:24.080382889,,false,0.6326195071473769
1990-01-03T22:50:52.613557553,,true,
2003-01-04T08:51:33.467254361,916053861,,0.507623643211476
2009-05-24T08:03:53.754651379,,false,
2070-08-01T14:24:06.074400477,,,0.47166914414715877
2096-05-01T02:46:47.649375642,,true,
2105-09-29T02:51:25.038645395,,true,0.4131558313302025
2148-08-02T22:07:02.062413216,,true,0.5469987105166848
2155-12-04T02:07:05.191822176,,true,
2169-05-25T00:03:51.914973050,,true,0.5540439337463335
2207-04-02T03:26:32.909450783,,true,
2208-09-18T16:29:32.643168002,,true,0.9622249970170084

-- EXECUTE SQL: SELECT * FROM m0 WHERE NOT (CAST(0.5703553350775143 AS BOOLEAN)); --
-- AFTER_SORT --
200 OK


-- EXECUTE SQL: SELECT ALL SUM(1099878272) FROM m0; --
-- AFTER_SORT --
200 OK
SUM(Int64(1099878272))
14298417536

-- EXECUTE SQL: SELECT ALL SUM(0.15266774123964788) FROM m3; --
-- AFTER_SORT --
200 OK
SUM(Float64(0.15266774123964788))
0.15266774123964788

-- EXECUTE SQL: SELECT ALL m2.f0, m2.t0, m2.f1 FROM m2; --
-- AFTER_SORT --
200 OK
f0,t0,f1
false,t0,f1

-- EXECUTE SQL: SELECT m2.f0, m2.t0, m2.f1 FROM m2 WHERE CAST(+ (CAST(+ (-955411992) AS BIGINT)) AS BOOLEAN); --
-- AFTER_SORT --
200 OK
f0,t0,f1
false,t0,f1

-- EXECUTE SQL: SELECT ALL m2.f1, m2.t0, m2.f0 FROM m2; --
-- AFTER_SORT --
200 OK
f1,t0,f0
f1,t0,false

-- EXECUTE SQL: SELECT ALL m2.f1, m2.t0, m2.f0 FROM m2 WHERE (CAST(0.5535707011698111 AS STRING)) NOT IN ('', '~([h1義|') UNION ALL SELECT m2.f1, m2.t0, m2.f0 FROM m2 WHERE NOT ((CAST(0.5535707011698111 AS STRING)) NOT IN ('', '~([h1義|')) UNION ALL SELECT m2.f1, m2.t0, m2.f0 FROM m2 WHERE ((CAST(0.5535707011698111 AS STRING)) NOT IN ('', '~([h1義|')) IS NULL; --
-- AFTER_SORT --
200 OK
f1,t0,f0
f1,t0,false

-- EXECUTE SQL: SELECT ALL m2.f1 FROM m2; --
-- AFTER_SORT --
200 OK
f1
f1

-- EXECUTE SQL: SELECT m2.f1 FROM m2 WHERE CAST(+ (- (+ (-816339221))) AS BOOLEAN); --
-- AFTER_SORT --
200 OK
f1
f1

-- EXECUTE SQL: SELECT m2.f1 FROM m2 WHERE NOT (CAST(+ (- (+ (-816339221))) AS BOOLEAN)); --
-- AFTER_SORT --
200 OK


-- EXECUTE SQL: SELECT ALL m2.f1 FROM m2 WHERE (CAST(+ (- (+ (-816339221))) AS BOOLEAN)) IS NULL; --
-- AFTER_SORT --
200 OK


-- EXECUTE SQL: SELECT ALL m1.f0, m1.f1 FROM m1; --
-- AFTER_SORT --
200 OK
f0,f1
,false
f0,false

-- EXECUTE SQL: SELECT ALL m1.f0, m1.f1 FROM m1 WHERE m1.f1; --
-- AFTER_SORT --
200 OK


-- EXECUTE SQL: SELECT ALL m1.f0, m1.f1 FROM m1 WHERE NOT (m1.f1); --
-- AFTER_SORT --
200 OK
f0,f1
,false
f0,false

-- EXECUTE SQL: SELECT m1.f0, m1.f1 FROM m1 WHERE (m1.f1) IS NULL; --
-- AFTER_SORT --
200 OK


-- EXECUTE SQL: SELECT ALL m1.t0, m1.f0, m1.f1 FROM m1; --
-- AFTER_SORT --
200 OK
t0,f0,f1
,,false
t0,f0,false

-- EXECUTE SQL: SELECT m1.t0, m1.f0, m1.f1 FROM m1 WHERE m1.f1 UNION ALL SELECT ALL m1.t0, m1.f0, m1.f1 FROM m1 WHERE NOT (m1.f1) UNION ALL SELECT ALL m1.t0, m1.f0, m1.f1 FROM m1 WHERE (m1.f1) IS NULL; --
-- AFTER_SORT --
200 OK
t0,f0,f1
,,false
t0,f0,false

-- EXECUTE SQL: SELECT ALL BOOL_AND(CAST(CAST((((m4.t2)>=(m4.t1))) IS NOT UNKNOWN AS STRING) AS BOOLEAN)) FROM m4; --
-- AFTER_SORT --
422 Unprocessable Entity
{"error_code":"010001","error_message":"Datafusion: Error during planning: Invalid function 'bool_and'"}
-- ERROR:  --

-- EXECUTE SQL: SELECT m0.t0, m0.f0, m0.f1 FROM m0; --
-- AFTER_SORT --
200 OK
t0,f0,f1
,,0.47166914414715877
,false,
,false,0.6326195071473769
,true,
,true,
,true,
,true,
,true,0.4131558313302025
,true,0.5469987105166848
,true,0.5540439337463335
,true,0.9622249970170084
916053861,,0.507623643211476
t0,false,0.0

-- EXECUTE SQL: SELECT m0.t0, m0.f0, m0.f1 FROM m0 WHERE (CAST(((((((((m0.f0)OR(m0.f0)))AND(m0.f0)))AND(m0.f0)))=(CAST(m0.t0 AS BOOLEAN))) AS BIGINT)) NOTNULL UNION ALL SELECT ALL m0.t0, m0.f0, m0.f1 FROM m0 WHERE NOT ((CAST(((((((((m0.f0)OR(m0.f0)))AND(m0.f0)))AND(m0.f0)))=(CAST(m0.t0 AS BOOLEAN))) AS BIGINT)) NOTNULL) UNION ALL SELECT ALL m0.t0, m0.f0, m0.f1 FROM m0 WHERE ((CAST(((((((((m0.f0)OR(m0.f0)))AND(m0.f0)))AND(m0.f0)))=(CAST(m0.t0 AS BOOLEAN))) AS BIGINT)) NOTNULL) IS NULL; --
-- AFTER_SORT --
422 Unprocessable Entity
{"error_code":"010009","error_message":"sql parser error: Expected end of statement, found: NOTNULL"}
-- ERROR:  --

-- EXECUTE SQL: SELECT ALL m1.f0, m1.f1, m1.t0 FROM m1; --
-- AFTER_SORT --
200 OK
f0,f1,t0
,false,
f0,false,t0

-- EXECUTE SQL: SELECT m1.f0, m1.f1, m1.t0 FROM m1 WHERE (NOT (CAST(CAST(m1.f1 AS BIGINT) AS BOOLEAN))) IS FALSE UNION ALL SELECT ALL m1.f0, m1.f1, m1.t0 FROM m1 WHERE NOT ((NOT (CAST(CAST(m1.f1 AS BIGINT) AS BOOLEAN))) IS FALSE) UNION ALL SELECT m1.f0, m1.f1, m1.t0 FROM m1 WHERE ((NOT (CAST(CAST(m1.f1 AS BIGINT) AS BOOLEAN))) IS FALSE) IS NULL; --
-- AFTER_SORT --
200 OK
f0,f1,t0
,false,
f0,false,t0

-- EXECUTE SQL: SELECT ALL m1.t0 FROM m1 WHERE CAST(m1.f0 AS BOOLEAN) UNION ALL SELECT m1.t0 FROM m1 WHERE NOT (CAST(m1.f0 AS BOOLEAN)) UNION ALL SELECT ALL m1.t0 FROM m1 WHERE (CAST(m1.f0 AS BOOLEAN)) IS NULL; --
-- AFTER_SORT --
422 Unprocessable Entity
{"error_code":"010002","error_message":"Arrow: Cast error: Cannot cast value 'f0' to value of Boolean type"}
-- ERROR:  --

-- EXECUTE SQL: SELECT ALL m0.t0, m0.f0 FROM m0; --
-- AFTER_SORT --
200 OK
t0,f0
,false
,false
,true
,true
,true
,true
,true
,true
,true
,true
t0,false

-- EXECUTE SQL: SELECT ALL m0.t0, m0.f0 FROM m0 WHERE (0.8444721799430347) NOT IN (0.6094674344995117, 0.10297882441723716); --
-- AFTER_SORT --
200 OK
t0,f0
,false
,false
,true
,true
,true
,true
,true
,true
,true
,true
t0,false

-- EXECUTE SQL: SELECT m0.t0, m0.f0 FROM m0 WHERE NOT ((0.8444721799430347) NOT IN (0.6094674344995117, 0.10297882441723716)); --
-- AFTER_SORT --
200 OK


-- EXECUTE SQL: SELECT m0.t0, m0.f0 FROM m0 WHERE ((0.8444721799430347) NOT IN (0.6094674344995117, 0.10297882441723716)) IS NULL; --
-- AFTER_SORT --
200 OK


-- EXECUTE SQL: SELECT ALL m0.f0, m0.t0 FROM m0; --
-- AFTER_SORT --
200 OK
f0,t0
false,
false,
false,t0
true,
true,
true,
true,
true,
true,
true,
true,

-- EXECUTE SQL: SELECT ALL m0.f0, m0.t0 FROM m0 WHERE (0.6143344472052209) NOT IN (0.38800259661722036, 0.4059673838843927, 0.593298996512974) UNION ALL SELECT m0.f0, m0.t0 FROM m0 WHERE NOT ((0.6143344472052209) NOT IN (0.38800259661722036, 0.4059673838843927, 0.593298996512974)) UNION ALL SELECT ALL m0.f0, m0.t0 FROM m0 WHERE ((0.6143344472052209) NOT IN (0.38800259661722036, 0.4059673838843927, 0.593298996512974)) IS NULL; --
-- AFTER_SORT --
200 OK
f0,t0
false,
false,
false,t0
true,
true,
true,
true,
true,
true,
true,
true,

-- EXECUTE SQL: SELECT ALL SUM(CAST(TRUE AS BIGINT)) FROM m1 ORDER BY m1.f0 ASC; --
-- AFTER_SORT --
422 Unprocessable Entity
{"error_code":"010001","error_message":"Datafusion: Schema error: No field named m1.f0. Valid fields are \"SUM(Boolean(true))\"."}
-- ERROR:  --

-- EXECUTE SQL: SELECT m0.f0, m0.f1, m0.t0 FROM m0; --
-- AFTER_SORT --
200 OK
f0,f1,t0
,0.47166914414715877,
,0.507623643211476,916053861
false,,
false,0.0,t0
false,0.6326195071473769,
true,,
true,,
true,,
true,,
true,0.4131558313302025,
true,0.5469987105166848,
true,0.5540439337463335,
true,0.9622249970170084,

-- EXECUTE SQL: SELECT m0.f0, m0.f1, m0.t0 FROM m0 WHERE NOT (CAST(CAST(- (1931145693) AS BIGINT) AS BOOLEAN)) UNION ALL SELECT ALL m0.f0, m0.f1, m0.t0 FROM m0 WHERE NOT (NOT (CAST(CAST(- (1931145693) AS BIGINT) AS BOOLEAN))) UNION ALL SELECT m0.f0, m0.f1, m0.t0 FROM m0 WHERE (NOT (CAST(CAST(- (1931145693) AS BIGINT) AS BOOLEAN))) IS NULL; --
-- AFTER_SORT --
200 OK
f0,f1,t0
,0.47166914414715877,
,0.507623643211476,916053861
false,,
false,0.0,t0
false,0.6326195071473769,
true,,
true,,
true,,
true,,
true,0.4131558313302025,
true,0.5469987105166848,
true,0.5540439337463335,
true,0.9622249970170084,

-- EXECUTE SQL: SELECT BIT_AND(- (- (CAST(CAST(m3.f1 AS STRING) AS BIGINT)))) FROM m3 GROUP BY CAST(0.13127864353966145 AS BIGINT), (CAST(((m3.f0)-(m3.f0)) AS BIGINT)) NOT IN (206859893, -714516645, 154574582, -189279528); --
-- AFTER_SORT --
422 Unprocessable Entity
{"error_code":"010001","error_message":"Datafusion: Error during planning: Invalid function 'bit_and'"}
-- ERROR:  --

-- EXECUTE SQL: SELECT m1.t0, m1.f0, m1.f1 FROM m1; --
-- AFTER_SORT --
200 OK
t0,f0,f1
,,false
t0,f0,false

-- EXECUTE SQL: SELECT m1.t0, m1.f0, m1.f1 FROM m1 WHERE m1.f1; --
-- AFTER_SORT --
200 OK


-- EXECUTE SQL: SELECT ALL m1.t0, m1.f0, m1.f1 FROM m1 WHERE NOT (m1.f1); --
-- AFTER_SORT --
200 OK
t0,f0,f1
,,false
t0,f0,false

-- EXECUTE SQL: SELECT m1.t0, m1.f0, m1.f1 FROM m1 WHERE (m1.f1) IS NULL; --
-- AFTER_SORT --
200 OK


-- EXECUTE SQL: SELECT ALL m3.t1, m3.f1, m3.t0, m3.f0 FROM m3; --
-- AFTER_SORT --
200 OK
t1,f1,t0,f0
t1,false,t0,0

-- EXECUTE SQL: SELECT m3.t1, m3.f1, m3.t0, m3.f0 FROM m3 WHERE CAST(CAST(0.8380333970340661 AS BIGINT) AS BOOLEAN); --
-- AFTER_SORT --
200 OK


-- EXECUTE SQL: SELECT ALL m0.t0, m0.f1, m0.f0 FROM m0; --
-- AFTER_SORT --
200 OK
t0,f1,f0
,,false
,,true
,,true
,,true
,,true
,0.4131558313302025,true
,0.47166914414715877,
,0.5469987105166848,true
,0.5540439337463335,true
,0.6326195071473769,false
,0.9622249970170084,true
916053861,0.507623643211476,
t0,0.0,false

-- EXECUTE SQL: SELECT m0.t0, m0.f1, m0.f0 FROM m0 WHERE NOT ((1151624598) NOT IN (-1893264820, 855322594)); --
-- AFTER_SORT --
200 OK


-- EXECUTE SQL: SELECT m0.t0, m0.f1, m0.f0 FROM m0 WHERE NOT (NOT ((1151624598) NOT IN (-1893264820, 855322594))); --
-- AFTER_SORT --
200 OK
t0,f1,f0
,,false
,,true
,,true
,,true
,,true
,0.4131558313302025,true
,0.47166914414715877,
,0.5469987105166848,true
,0.5540439337463335,true
,0.6326195071473769,false
,0.9622249970170084,true
916053861,0.507623643211476,
t0,0.0,false

-- EXECUTE SQL: SELECT m0.t0, m0.f1, m0.f0 FROM m0 WHERE (NOT ((1151624598) NOT IN (-1893264820, 855322594))) IS NULL; --
-- AFTER_SORT --
200 OK


-- EXECUTE SQL: SELECT ALL m1.f0, m1.f1, m1.t0 FROM m1; --
-- AFTER_SORT --
200 OK
f0,f1,t0
,false,
f0,false,t0

-- EXECUTE SQL: SELECT ALL m1.f0, m1.f1, m1.t0 FROM m1 WHERE CAST(+ (((((17118187)^(-595486666)))^(-483484156))) AS BOOLEAN) UNION ALL SELECT ALL m1.f0, m1.f1, m1.t0 FROM m1 WHERE NOT (CAST(+ (((((17118187)^(-595486666)))^(-483484156))) AS BOOLEAN)) UNION ALL SELECT ALL m1.f0, m1.f1, m1.t0 FROM m1 WHERE (CAST(+ (((((17118187)^(-595486666)))^(-483484156))) AS BOOLEAN)) IS NULL; --
-- AFTER_SORT --
200 OK
f0,f1,t0
,false,
f0,false,t0

-- EXECUTE SQL: SELECT ALL m2.f0, m2.f1 FROM m2; --
-- AFTER_SORT --
200 OK
f0,f1
false,f1

-- EXECUTE SQL: SELECT ALL m2.f0, m2.f1 FROM m2 WHERE m2.f0; --
-- AFTER_SORT --
200 OK


-- EXECUTE SQL: SELECT ALL m2.f0, m2.f1 FROM m2 WHERE NOT (m2.f0); --
-- AFTER_SORT --
200 OK
f0,f1
false,f1

-- EXECUTE SQL: SELECT ALL m2.f0, m2.f1 FROM m2 WHERE (m2.f0) IS NULL; --
-- AFTER_SORT --
200 OK


-- EXECUTE SQL: SELECT ALL MAX(0.8380110533784965) FROM m3; --
-- AFTER_SORT --
200 OK
MAX(Float64(0.8380110533784965))
0.8380110533784965

-- EXECUTE SQL: SELECT ALL COUNT(CAST(((CAST(((m2.f0)<(m2.f0)) AS BIGINT))*(CAST((('0.40560185446598973')||('0.5010374883053191')) AS BIGINT))) AS BIGINT)) FROM m2; --
-- AFTER_SORT --
422 Unprocessable Entity
{"error_code":"010001","error_message":"Datafusion: simplify_expressions\ncaused by\nInternal error: Optimizer rule 'simplify_expressions' failed due to unexpected error: Arrow error: Cast error: Cannot cast string '0.405601854465989730.5010374883053191' to value of Int64 type. This was likely caused by a bug in DataFusion's code and we would welcome that you file an bug report in our issue tracker"}
-- ERROR:  --

-- EXECUTE SQL: SELECT ALL MIN(-1.281952729E9) FROM m4; --
-- AFTER_SORT --
200 OK
MIN(Float64(-1281952729))
-1281952729.0

-- EXECUTE SQL: SELECT MIN(agg0) FROM (SELECT MIN(-1.281952729E9)  as agg0 FROM m4 WHERE TRUE UNION ALL SELECT ALL MIN(-1.281952729E9)  as agg0 FROM m4 WHERE NOT (TRUE) UNION ALL SELECT ALL MIN(-1.281952729E9)  as agg0 FROM m4 WHERE (TRUE) IS NULL) as asdf; --
-- AFTER_SORT --
200 OK
MIN(asdf.agg0)
-1281952729.0

-- EXECUTE SQL: SELECT BIT_AND(- (-898117395)) FROM m1; --
-- AFTER_SORT --
422 Unprocessable Entity
{"error_code":"010001","error_message":"Datafusion: Error during planning: Invalid function 'bit_and'"}
-- ERROR:  --

-- EXECUTE SQL: SELECT ALL m2.f1, m2.f0 FROM m2; --
-- AFTER_SORT --
200 OK
f1,f0
f1,false

-- EXECUTE SQL: SELECT ALL m2.f1, m2.f0 FROM m2 WHERE m2.f0; --
-- AFTER_SORT --
200 OK


-- EXECUTE SQL: SELECT ALL m2.f1, m2.f0 FROM m2 WHERE NOT (m2.f0); --
-- AFTER_SORT --
200 OK
f1,f0
f1,false

-- EXECUTE SQL: SELECT m2.f1, m2.f0 FROM m2 WHERE (m2.f0) IS NULL; --
-- AFTER_SORT --
200 OK


-- EXECUTE SQL: SELECT m2.f1, m2.t0 FROM m2; --
-- AFTER_SORT --
200 OK
f1,t0
f1,t0

-- EXECUTE SQL: SELECT ALL m2.f1, m2.t0 FROM m2 WHERE (((((((((((((((m2.f1) BETWEEN (m2.f1) AND (m2.f1))AND(((FALSE)OR(m2.f0)))))OR(NOT (m2.f0))))OR(((m2.f1)IS NOT DISTINCT FROM(m2.t0)))))OR(CAST(-2044174412 AS BOOLEAN))))OR(NOT (FALSE))))>(NOT (((((((m2.f0)AND(m2.f0)))OR(m2.f0)))AND(m2.f0))))))<=(CAST(CAST(- (64411633) AS STRING) AS BOOLEAN))); --
-- AFTER_SORT --
422 Unprocessable Entity
{"error_code":"010001","error_message":"Datafusion: simplify_expressions\ncaused by\nInternal error: Optimizer rule 'simplify_expressions' failed due to unexpected error: Arrow error: Cast error: Cannot cast value '-64411633' to value of Boolean type. This was likely caused by a bug in DataFusion's code and we would welcome that you file an bug report in our issue tracker"}
-- ERROR:  --

-- EXECUTE SQL: SELECT ALL SUM(CAST(0.871191940974261 AS BIGINT)) FROM m0; --
-- AFTER_SORT --
200 OK
SUM(Float64(0.871191940974261))
0

-- EXECUTE SQL: SELECT ALL BOOL_AND(NOT ((- (-217143237)) NOT IN (-65550593, 111116366))) FROM m0; --
-- AFTER_SORT --
422 Unprocessable Entity
{"error_code":"010001","error_message":"Datafusion: Error during planning: Invalid function 'bool_and'"}
-- ERROR:  --

-- EXECUTE SQL: SELECT ALL BIT_OR(+ (CAST(0.49920816779304045 AS BIGINT))) FROM m4; --
-- AFTER_SORT --
422 Unprocessable Entity
{"error_code":"010001","error_message":"Datafusion: Error during planning: Invalid function 'bit_or'"}
-- ERROR:  --

-- EXECUTE SQL: SELECT BIT_OR(agg0) FROM (SELECT BIT_OR(+ (CAST(0.49920816779304045 AS BIGINT)))  as agg0 FROM m4 WHERE TRUE UNION ALL SELECT BIT_OR(+ (CAST(0.49920816779304045 AS BIGINT)))  as agg0 FROM m4 WHERE NOT (TRUE) UNION ALL SELECT ALL BIT_OR(+ (CAST(0.49920816779304045 AS BIGINT)))  as agg0 FROM m4 WHERE (TRUE) IS NULL) as asdf; --
-- AFTER_SORT --
422 Unprocessable Entity
{"error_code":"010001","error_message":"Datafusion: Error during planning: Invalid function 'bit_or'"}
-- ERROR:  --

-- EXECUTE SQL: SELECT ALL * FROM m4; --
-- AFTER_SORT --
200 OK
time,t0,t1,t2,f0
1970-01-01T00:00:00.000000000,t0,t1,t2,0

-- EXECUTE SQL: SELECT ALL * FROM m4 WHERE (+ (CAST(CAST(TRUE AS BIGINT) AS BIGINT))) IS NULL UNION ALL SELECT ALL * FROM m4 WHERE NOT ((+ (CAST(CAST(TRUE AS BIGINT) AS BIGINT))) IS NULL) UNION ALL SELECT ALL * FROM m4 WHERE ((+ (CAST(CAST(TRUE AS BIGINT) AS BIGINT))) IS NULL) IS NULL; --
-- AFTER_SORT --
200 OK
time,t0,t1,t2,f0
1970-01-01T00:00:00.000000000,t0,t1,t2,0

-- EXECUTE SQL: SELECT SUM(797300273) FROM m2; --
-- AFTER_SORT --
200 OK
SUM(Int64(797300273))
797300273

-- EXECUTE SQL: SELECT ALL m3.f1, m3.f0, m3.t0, m3.t1 FROM m3 ORDER BY m3.t1 DESC; --
-- AFTER_SORT --
200 OK
f1,f0,t0,t1
false,0,t0,t1

-- EXECUTE SQL: SELECT ALL m3.f1, m3.f0, m3.t0, m3.t1 FROM m3 WHERE (CAST(m3.f0 AS BIGINT)) NOT IN (1272157913, -623262149); --
-- AFTER_SORT --
200 OK
f1,f0,t0,t1
false,0,t0,t1

-- EXECUTE SQL: SELECT m3.f1, m3.f0, m3.t0, m3.t1 FROM m3 WHERE NOT ((CAST(m3.f0 AS BIGINT)) NOT IN (1272157913, -623262149)); --
-- AFTER_SORT --
200 OK


-- EXECUTE SQL: SELECT ALL m3.f1, m3.f0, m3.t0, m3.t1 FROM m3 WHERE ((CAST(m3.f0 AS BIGINT)) NOT IN (1272157913, -623262149)) IS NULL; --
-- AFTER_SORT --
200 OK


-- EXECUTE SQL: SELECT ALL m4.t1, m4.t0, m4.f0, m4.t2 FROM m4; --
-- AFTER_SORT --
200 OK
t1,t0,f0,t2
t1,t0,0,t2

-- EXECUTE SQL: SELECT ALL m4.t1, m4.t0, m4.f0, m4.t2 FROM m4 WHERE NOT (NOT ((((((((m4.f0) NOTNULL)AND(CAST(TRUE AS BOOLEAN))))AND(NOT (FALSE))))OR(((TRUE)AND(TRUE)))))) UNION ALL SELECT ALL m4.t1, m4.t0, m4.f0, m4.t2 FROM m4 WHERE NOT (NOT (NOT ((((((((m4.f0) NOTNULL)AND(CAST(TRUE AS BOOLEAN))))AND(NOT (FALSE))))OR(((TRUE)AND(TRUE))))))) UNION ALL SELECT ALL m4.t1, m4.t0, m4.f0, m4.t2 FROM m4 WHERE (NOT (NOT ((((((((m4.f0) NOTNULL)AND(CAST(TRUE AS BOOLEAN))))AND(NOT (FALSE))))OR(((TRUE)AND(TRUE))))))) IS NULL; --
-- AFTER_SORT --
422 Unprocessable Entity
{"error_code":"010009","error_message":"sql parser error: Expected ), found: NOTNULL"}
-- ERROR:  --

-- EXECUTE SQL: SELECT m4.f0, m4.t0, m4.t1 FROM m4; --
-- AFTER_SORT --
200 OK
f0,t0,t1
0,t0,t1

-- EXECUTE SQL: SELECT m4.f0, m4.t0, m4.t1 FROM m4 WHERE ((m4.t2) NOT IN ('B', '?Rnco艷')) NOT IN (FALSE, FALSE, FALSE) UNION ALL SELECT m4.f0, m4.t0, m4.t1 FROM m4 WHERE NOT (((m4.t2) NOT IN ('B', '?Rnco艷')) NOT IN (FALSE, FALSE, FALSE)) UNION ALL SELECT ALL m4.f0, m4.t0, m4.t1 FROM m4 WHERE (((m4.t2) NOT IN ('B', '?Rnco艷')) NOT IN (FALSE, FALSE, FALSE)) IS NULL; --
-- AFTER_SORT --
200 OK
f0,t0,t1
0,t0,t1

-- EXECUTE SQL: SELECT ALL m3.t1, m3.f1, m3.f0 FROM m3; --
-- AFTER_SORT --
200 OK
t1,f1,f0
t1,false,0

-- EXECUTE SQL: SELECT ALL m4.f0, m4.t0 FROM m4; --
-- AFTER_SORT --
200 OK
f0,t0
0,t0

-- EXECUTE SQL: SELECT m4.f0, m4.t0 FROM m4 WHERE CAST(0.5303511540129969 AS BOOLEAN) UNION ALL SELECT m4.f0, m4.t0 FROM m4 WHERE NOT (CAST(0.5303511540129969 AS BOOLEAN)) UNION ALL SELECT m4.f0, m4.t0 FROM m4 WHERE (CAST(0.5303511540129969 AS BOOLEAN)) IS NULL; --
-- AFTER_SORT --
200 OK
f0,t0
0,t0

-- EXECUTE SQL: SELECT ALL m0.t0, m0.f0 FROM m0; --
-- AFTER_SORT --
200 OK
t0,f0
,false
,false
,true
,true
,true
,true
,true
,true
,true
,true
t0,false

-- EXECUTE SQL: SELECT ALL m0.t0, m0.f0 FROM m0 WHERE NOT (((CAST(CAST(-1873429940 AS BIGINT) AS STRING))LIKE(((CAST(m0.f0 AS STRING))||(((m0.t0)||(1860831107))))))); --
-- AFTER_SORT --
200 OK
t0,f0
t0,false

-- EXECUTE SQL: SELECT m3.t0, m3.f0, m3.t1 FROM m3; --
-- AFTER_SORT --
200 OK
t0,f0,t1
t0,0,t1

-- EXECUTE SQL: SELECT m3.t0, m3.f0, m3.t1 FROM m3 WHERE TRUE UNION ALL SELECT ALL m3.t0, m3.f0, m3.t1 FROM m3 WHERE NOT (TRUE) UNION ALL SELECT m3.t0, m3.f0, m3.t1 FROM m3 WHERE (TRUE) IS NULL; --
-- AFTER_SORT --
200 OK
t0,f0,t1
t0,0,t1

-- EXECUTE SQL: SELECT m1.t0, m1.f0 FROM m1; --
-- AFTER_SORT --
200 OK
t0,f0
t0,f0

-- EXECUTE SQL: SELECT ALL m1.t0, m1.f0 FROM m1 WHERE CAST(CAST(+ (- (-410308362)) AS BIGINT) AS BOOLEAN); --
-- AFTER_SORT --
200 OK
t0,f0
t0,f0

-- EXECUTE SQL: SELECT ALL m0.f0, m0.t0 FROM m0 ORDER BY m0.t0 DESC; --
-- AFTER_SORT --
200 OK
f0,t0
false,
false,
false,t0
true,
true,
true,
true,
true,
true,
true,
true,

-- EXECUTE SQL: SELECT ALL m0.f0, m0.t0 FROM m0 WHERE (CAST(NOT (((m0.t0)LIKE(m0.t0))) AS BIGINT)) BETWEEN SYMMETRIC (0.6166842807970822) AND (- (CAST(CAST(m0.f1 AS BOOLEAN) AS BIGINT))) UNION ALL SELECT m0.f0, m0.t0 FROM m0 WHERE NOT ((CAST(NOT (((m0.t0)LIKE(m0.t0))) AS BIGINT)) BETWEEN SYMMETRIC (0.6166842807970822) AND (- (CAST(CAST(m0.f1 AS BOOLEAN) AS BIGINT)))) UNION ALL SELECT ALL m0.f0, m0.t0 FROM m0 WHERE ((CAST(NOT (((m0.t0)LIKE(m0.t0))) AS BIGINT)) BETWEEN SYMMETRIC (0.6166842807970822) AND (- (CAST(CAST(m0.f1 AS BOOLEAN) AS BIGINT)))) IS NULL; --
-- AFTER_SORT --
422 Unprocessable Entity
{"error_code":"010001","error_message":"Datafusion: Error during planning: Invalid function 'symmetric'"}
-- ERROR:  --

-- EXECUTE SQL: SELECT BOOL_OR(CAST(((1498176990)/(CAST(0.013198073302153945 AS BIGINT))) AS BOOLEAN)) FROM m0; --
-- AFTER_SORT --
422 Unprocessable Entity
{"error_code":"010001","error_message":"Datafusion: Error during planning: Invalid function 'bool_or'"}
-- ERROR:  --

-- EXECUTE SQL: SELECT ALL m1.f0 FROM m1 ORDER BY m1.f0 DESC; --
-- AFTER_SORT --
200 OK
f0
f0

-- EXECUTE SQL: SELECT ALL m1.f0 FROM m1 WHERE CAST(CAST(0.5590183968399077 AS STRING) AS BOOLEAN); --
-- AFTER_SORT --
422 Unprocessable Entity
{"error_code":"010001","error_message":"Datafusion: simplify_expressions\ncaused by\nInternal error: Optimizer rule 'simplify_expressions' failed due to unexpected error: Arrow error: Cast error: Cannot cast value '0.5590183968399077' to value of Boolean type. This was likely caused by a bug in DataFusion's code and we would welcome that you file an bug report in our issue tracker"}
-- ERROR:  --

-- EXECUTE SQL: SELECT ALL m4.t0, m4.t1, m4.f0, m4.t2 FROM m4; --
-- AFTER_SORT --
200 OK
t0,t1,f0,t2
t0,t1,0,t2

-- EXECUTE SQL: SELECT m4.t0, m4.t1, m4.f0, m4.t2 FROM m4 WHERE (TRUE) IS TRUE UNION ALL SELECT ALL m4.t0, m4.t1, m4.f0, m4.t2 FROM m4 WHERE NOT ((TRUE) IS TRUE) UNION ALL SELECT ALL m4.t0, m4.t1, m4.f0, m4.t2 FROM m4 WHERE ((TRUE) IS TRUE) IS NULL; --
-- AFTER_SORT --
200 OK
t0,t1,f0,t2
t0,t1,0,t2

-- EXECUTE SQL: SELECT ALL BOOL_AND((- (+ (m3.f0))) IN (-2034004639, -1209273618)) FROM m3; --
-- AFTER_SORT --
422 Unprocessable Entity
{"error_code":"010001","error_message":"Datafusion: Error during planning: Invalid function 'bool_and'"}
-- ERROR:  --

-- EXECUTE SQL: SELECT ALL * FROM m4 ORDER BY m4.t2 DESC; --
-- AFTER_SORT --
200 OK
time,t0,t1,t2,f0
1970-01-01T00:00:00.000000000,t0,t1,t2,0

-- EXECUTE SQL: SELECT ALL * FROM m4 WHERE TRUE; --
-- AFTER_SORT --
200 OK
time,t0,t1,t2,f0
1970-01-01T00:00:00.000000000,t0,t1,t2,0

-- EXECUTE SQL: SELECT * FROM m4 WHERE NOT (TRUE); --
-- AFTER_SORT --
200 OK


-- EXECUTE SQL: SELECT ALL * FROM m4 WHERE (TRUE) IS NULL; --
-- AFTER_SORT --
200 OK


-- EXECUTE SQL: SELECT ALL MIN(CAST(+ (((((-1020629854)-(94972736)))/(CAST(616702680 AS BIGINT)))) AS BOOLEAN)) FROM m2; --
-- AFTER_SORT --
422 Unprocessable Entity
{"error_code":"010001","error_message":"Datafusion: Internal error: Min/Max accumulator not implemented for type Boolean. This was likely caused by a bug in DataFusion's code and we would welcome that you file an bug report in our issue tracker"}
-- ERROR:  --

-- EXECUTE SQL: SELECT ALL m1.f1, m1.f0, m1.t0 FROM m1; --
-- AFTER_SORT --
200 OK
f1,f0,t0
false,,
false,f0,t0

-- EXECUTE SQL: SELECT ALL m1.f1, m1.f0, m1.t0 FROM m1 WHERE (((((NOT ((m1.f1) IS NOT UNKNOWN))AND(CAST(+ (1526963605) AS BOOLEAN))))AND((-1029718495) IN (326575169)))) IS TRUE; --
-- AFTER_SORT --
200 OK


-- EXECUTE SQL: SELECT ALL m1.f1, m1.f0, m1.t0 FROM m1 WHERE NOT ((((((NOT ((m1.f1) IS NOT UNKNOWN))AND(CAST(+ (1526963605) AS BOOLEAN))))AND((-1029718495) IN (326575169)))) IS TRUE); --
-- AFTER_SORT --
200 OK
f1,f0,t0
false,,
false,f0,t0

-- EXECUTE SQL: SELECT ALL m1.f1, m1.f0, m1.t0 FROM m1 WHERE ((((((NOT ((m1.f1) IS NOT UNKNOWN))AND(CAST(+ (1526963605) AS BOOLEAN))))AND((-1029718495) IN (326575169)))) IS TRUE) IS NULL; --
-- AFTER_SORT --
200 OK

