-- WRITE LINE PROTOCOL --
test_insert_subquery,ta=a1,tb=b1 fa=1,fb=2 3
-- LINE PROTOCOL END --
422 Unprocessable Entity
{"error_code":"050014","error_message":"write expired time data not permit"}
-- ERROR:  --

-- WRITE LINE PROTOCOL --
test_insert_subquery,ta=a1,tb=b1 fa=1,fb=2 1667456411000000000
-- LINE PROTOCOL END --
200 OK

-- EXECUTE SQL: insert public.test_insert_subquery(TIME, ta, tb, fa, fb) select column1, column2, column3, column4, column5 from (values (1667456411000000007, '7a', '7b', 7, 7)); --
-- AFTER_SORT --
200 OK
rows
1

-- EXECUTE SQL: select * from public.test_insert_subquery order by fa, fb; --
-- AFTER_SORT --
200 OK
time,ta,tb,fa,fb
2022-11-03T06:20:11.000000000,a1,b1,1.0,2.0
2022-11-03T06:20:11.000000007,7a,7b,7.0,7.0

-- EXECUTE SQL: insert public.test_insert_subquery(TIME, ta, tb, fa, fb) select TIME, ta, tb, fa, fb from (values (1667456411000000008, '8a', '8b', 8, 8)) as t (TIME, ta, tb, fa, fb); --
-- AFTER_SORT --
200 OK
rows
1

-- EXECUTE SQL: select * from public.test_insert_subquery order by fa, fb; --
-- AFTER_SORT --
200 OK
time,ta,tb,fa,fb
2022-11-03T06:20:11.000000000,a1,b1,1.0,2.0
2022-11-03T06:20:11.000000007,7a,7b,7.0,7.0
2022-11-03T06:20:11.000000008,8a,8b,8.0,8.0

-- EXECUTE SQL: insert public.test_insert_subquery(TIME, ta, tb, fa, fb) select * from (values (1667456411000000009, '9a', '9b', 9, 9)) as t (TIME, ta, tb, fa, fb); --
-- AFTER_SORT --
200 OK
rows
1

-- EXECUTE SQL: select * from public.test_insert_subquery order by fa, fb; --
-- AFTER_SORT --
200 OK
time,ta,tb,fa,fb
2022-11-03T06:20:11.000000000,a1,b1,1.0,2.0
2022-11-03T06:20:11.000000007,7a,7b,7.0,7.0
2022-11-03T06:20:11.000000008,8a,8b,8.0,8.0
2022-11-03T06:20:11.000000009,9a,9b,9.0,9.0

-- EXECUTE SQL: insert public.test_insert_subquery select * from (values (1667456411000000009, '9a', '9b', 9, 9)) as t (TIME, ta, tb, fa, fb); --
-- AFTER_SORT --
200 OK
rows
1

-- EXECUTE SQL: select * from public.test_insert_subquery order by fa, fb; --
-- AFTER_SORT --
200 OK
time,ta,tb,fa,fb
2022-11-03T06:20:11.000000000,a1,b1,1.0,2.0
2022-11-03T06:20:11.000000007,7a,7b,7.0,7.0
2022-11-03T06:20:11.000000008,8a,8b,8.0,8.0
2022-11-03T06:20:11.000000009,9a,9b,9.0,9.0

-- EXECUTE SQL: insert public.test_insert_subquery select TIME, ta from (values (1667456411000000010, '10a', '10b', 10, 10)) as t (TIME, ta, tb, fa, fb); --
-- AFTER_SORT --
422 Unprocessable Entity
{"error_code":"010045","error_message":"Semantic error: Insert columns and Source columns not match"}
-- ERROR:  --

-- EXECUTE SQL: select * from public.test_insert_subquery order by fa, fb; --
-- AFTER_SORT --
200 OK
time,ta,tb,fa,fb
2022-11-03T06:20:11.000000000,a1,b1,1.0,2.0
2022-11-03T06:20:11.000000007,7a,7b,7.0,7.0
2022-11-03T06:20:11.000000008,8a,8b,8.0,8.0
2022-11-03T06:20:11.000000009,9a,9b,9.0,9.0

-- EXECUTE SQL: insert public.test_insert_subquery(TIME, fa) select TIME, ta from (values (1667456411000000010, '10a', '10b', 10, 10)) as t (TIME, ta, tb, fa, fb); --
-- AFTER_SORT --
422 Unprocessable Entity
{"error_code":"010002","error_message":"Arrow: Cast error: Cannot cast string '10a' to value of Float64 type"}
-- ERROR:  --

-- EXECUTE SQL: select * from public.test_insert_subquery order by fa, fb; --
-- AFTER_SORT --
200 OK
time,ta,tb,fa,fb
2022-11-03T06:20:11.000000000,a1,b1,1.0,2.0
2022-11-03T06:20:11.000000007,7a,7b,7.0,7.0
2022-11-03T06:20:11.000000008,8a,8b,8.0,8.0
2022-11-03T06:20:11.000000009,9a,9b,9.0,9.0
