-- WRITE LINE PROTOCOL --
test,ta=a1,tb=b1 fa=1,fb=2 3
-- LINE PROTOCOL END --
422 Unprocessable Entity
{"error_code":"050014","error_message":"write expired time data not permit"}
-- ERROR:  --

-- WRITE LINE PROTOCOL --
test,ta=a1,tb=b1 fa=1,fb=2 1667456411000000000
-- LINE PROTOCOL END --
200 OK

-- EXECUTE SQL: insert public.test(TIME, ta, tb, fa, fb) values (1667456411000000007, '7a', '7b', 7, 7); --
-- AFTER_SORT --
200 OK
rows
1

-- EXECUTE SQL: select * from public.test order by fa, fb; --
-- AFTER_SORT --
200 OK
time,ta,tb,fa,fb
2022-11-03T06:20:11.000000000,a1,b1,1.0,2.0
2022-11-03T06:20:11.000000007,7a,7b,7.0,7.0

-- EXECUTE SQL: insert public.test(TIME, ta, tb, fa, fb) values (1667456411000000008, '8a', '8b', 8, 8), (1667456411000000009, '9a', '9b', 9, 9), (1667456411000000010, '10a', '10b', 10, 10); --
-- AFTER_SORT --
200 OK
rows
3

-- EXECUTE SQL: select * from public.test order by fa, fb; --
-- AFTER_SORT --
200 OK
time,ta,tb,fa,fb
2022-11-03T06:20:11.000000000,a1,b1,1.0,2.0
2022-11-03T06:20:11.000000007,7a,7b,7.0,7.0
2022-11-03T06:20:11.000000008,8a,8b,8.0,8.0
2022-11-03T06:20:11.000000009,9a,9b,9.0,9.0
2022-11-03T06:20:11.000000010,10a,10b,10.0,10.0

-- EXECUTE SQL: select time, ta, fa from public.test order by fa, fb; --
-- AFTER_SORT --
200 OK
time,ta,fa
2022-11-03T06:20:11.000000000,a1,1.0
2022-11-03T06:20:11.000000007,7a,7.0
2022-11-03T06:20:11.000000008,8a,8.0
2022-11-03T06:20:11.000000009,9a,9.0
2022-11-03T06:20:11.000000010,10a,10.0

-- EXECUTE SQL: select time, fa from public.test order by fa, fb; --
-- AFTER_SORT --
200 OK
time,fa
2022-11-03T06:20:11.000000000,1.0
2022-11-03T06:20:11.000000007,7.0
2022-11-03T06:20:11.000000008,8.0
2022-11-03T06:20:11.000000009,9.0
2022-11-03T06:20:11.000000010,10.0

-- EXECUTE SQL: select time, ta from public.test order by fa, fb; --
-- AFTER_SORT --
200 OK
time,ta
2022-11-03T06:20:11.000000000,a1
2022-11-03T06:20:11.000000007,7a
2022-11-03T06:20:11.000000008,8a
2022-11-03T06:20:11.000000009,9a
2022-11-03T06:20:11.000000010,10a

-- EXECUTE SQL: select time from public.test order by fa, fb; --
-- AFTER_SORT --
200 OK
time
2022-11-03T06:20:11.000000000
2022-11-03T06:20:11.000000007
2022-11-03T06:20:11.000000008
2022-11-03T06:20:11.000000009
2022-11-03T06:20:11.000000010

-- EXECUTE SQL: select ta from public.test order by fa, fb; --
-- AFTER_SORT --
200 OK
ta
10a
7a
8a
9a
a1

-- EXECUTE SQL: select fa from public.test order by fa, fb; --
-- AFTER_SORT --
200 OK
fa
1.0
10.0
7.0
8.0
9.0

-- EXECUTE SQL: select time, ta, fa, * from public.test order by fa, fb; --
-- AFTER_SORT --
422 Unprocessable Entity
{"error_code":"010001","error_message":"Datafusion: Error during planning: Projections require unique expression names but the expression \"public.test.time\" at position 0 and \"public.test.time\" at position 3 have the same name. Consider aliasing (\"AS\") one of them."}
-- ERROR:  --

-- EXECUTE SQL: CREATE TABLE air ( visibility DOUBLE, temperature DOUBLE, presssure DOUBLE, TAGS(station,region) ); --
200 OK


-- EXECUTE SQL: INSERT INTO air (TIME, station, visibility, temperature, presssure) VALUES ('2022-10-19 06:40:00', 'XiaoMaiDao', 55, 68, 76); --
-- AFTER_SORT --
200 OK
rows
1

-- EXECUTE SQL: INSERT INTO air (TIME, station, visibility, temperature, presssure) VALUES ('2022-10-19 06:41:00', NULL, 56, 69, 77); --
-- AFTER_SORT --
200 OK
rows
1

-- EXECUTE SQL: INSERT INTO air (TIME, station, visibility, temperature, presssure) VALUES ('2022-10-19 06:42:00', 'XiaoMaiDao', NULL, NULL, NULL); --
-- AFTER_SORT --
422 Unprocessable Entity
{"error_code":"020002","error_message":"Fields can't be empty"}
-- ERROR:  --

-- EXECUTE SQL: INSERT INTO air (TIME, station, visibility, temperature, presssure) VALUES ('2022-10-19 06:43:00', NULL, NULL, NULL, NULL); --
-- AFTER_SORT --
422 Unprocessable Entity
{"error_code":"020002","error_message":"Fields can't be empty"}
-- ERROR:  --
