-- EXECUTE SQL: DROP DATABASE IF EXISTS only_time_col; --
200 OK


-- EXECUTE SQL: CREATE DATABASE only_time_col WITH TTL '100000d'; --
200 OK


-- EXECUTE SQL: drop table if exists m2; --
200 OK


-- EXECUTE SQL: CREATE TABLE IF NOT EXISTS m2(f0 BIGINT , f1 DOUBLE , TAGS(t0, t1, t2) ); --
200 OK


-- EXECUTE SQL: INSERT m2(TIME, f0, f1, t0, t1) VALUES(101, 111, 444, 'tag11', 'tag21'); --
-- AFTER_SORT --
200 OK
rows
1

-- EXECUTE SQL: INSERT m2(TIME, f0, f1, t0, t1) VALUES(102, 222, 333, 'tag12', 'tag22'); --
-- AFTER_SORT --
200 OK
rows
1

-- EXECUTE SQL: INSERT m2(TIME, f0, f1, t0, t1) VALUES(103, 333, 222, 'tag13', 'tag23'); --
-- AFTER_SORT --
200 OK
rows
1

-- EXECUTE SQL: INSERT m2(TIME, f0, f1, t0, t1) VALUES(104, 444, 111, 'tag14', 'tag24'); --
-- AFTER_SORT --
200 OK
rows
1

-- EXECUTE SQL: select time from m2; --
-- AFTER_SORT --
200 OK
time
1970-01-01T00:00:00.000000101
1970-01-01T00:00:00.000000102
1970-01-01T00:00:00.000000103
1970-01-01T00:00:00.000000104

-- EXECUTE SQL: select time, t0 from m2; --
-- AFTER_SORT --
200 OK
time,t0
1970-01-01T00:00:00.000000101,tag11
1970-01-01T00:00:00.000000102,tag12
1970-01-01T00:00:00.000000103,tag13
1970-01-01T00:00:00.000000104,tag14

-- EXECUTE SQL: select time, t0, t1 from m2; --
-- AFTER_SORT --
200 OK
time,t0,t1
1970-01-01T00:00:00.000000101,tag11,tag21
1970-01-01T00:00:00.000000102,tag12,tag22
1970-01-01T00:00:00.000000103,tag13,tag23
1970-01-01T00:00:00.000000104,tag14,tag24

-- EXECUTE SQL: select time, f0 from m2; --
-- AFTER_SORT --
200 OK
time,f0
1970-01-01T00:00:00.000000101,111
1970-01-01T00:00:00.000000102,222
1970-01-01T00:00:00.000000103,333
1970-01-01T00:00:00.000000104,444

-- EXECUTE SQL: select time, f1 from m2; --
-- AFTER_SORT --
200 OK
time,f1
1970-01-01T00:00:00.000000101,444.0
1970-01-01T00:00:00.000000102,333.0
1970-01-01T00:00:00.000000103,222.0
1970-01-01T00:00:00.000000104,111.0

