-- EXECUTE SQL: drop tenant if exists test_ts_tenant1; --
200 OK


-- EXECUTE SQL: drop user if exists test_ts_u1; --
200 OK


-- EXECUTE SQL: drop user if exists test_ts_u2; --
200 OK


-- EXECUTE SQL: create tenant if not exists test_ts_tenant1; --
200 OK


-- EXECUTE SQL: create tenant test_ts_tenant1 with comment='this is test_ts_tenant1'; --
422 Unprocessable Entity
{"error_code":"030009","error_message":"The tenant test_ts_tenant1 already exists"}
-- ERROR:  --

-- EXECUTE SQL: create tenant if not exists test_ts_tenant1 with comment='this is test_ts_tenant1'; --
200 OK


-- EXECUTE SQL: select * from cluster_schema.tenants where tenant_name in ('test_ts_tenant1'); --
200 OK
tenant_name,tenant_options
test_ts_tenant1,"{""comment"":null,""limiter_config"":null}"

-- EXECUTE SQL: alter tenant test_ts_tenant1 set comment='Ig.UZn꓃DH~Bgc.ᵵh7uaV*1lE/}\,J씟\h#f^Kr잿z'; --
200 OK

-- EXECUTE SQL: select * from cluster_schema.tenants where tenant_name in ('test_ts_tenant1'); --
200 OK
tenant_name,tenant_options
test_ts_tenant1,"{""comment"":""Ig.UZn꓃DH~Bgc.ᵵh7uaV*1lE/}\\,J씟\\h#f^Kr잿z"",""limiter_config"":null}"

-- EXECUTE SQL: ALTER TENANT test_ts_tenant1 unSET COMMENT; --
200 OK

-- EXECUTE SQL: select * from cluster_schema.tenants where tenant_name in ('test_ts_tenant1'); --
200 OK
tenant_name,tenant_options
test_ts_tenant1,"{""comment"":null,""limiter_config"":null}"

-- EXECUTE SQL: create user if not exists test_ts_u1; --
200 OK


-- EXECUTE SQL: create user if not exists test_ts_u2; --
200 OK


-- EXECUTE SQL: alter tenant cnosdb add user test_ts_u1 as owner; --
200 OK


-- EXECUTE SQL: alter tenant cnosdb add user test_ts_u2 as member; --
200 OK


-- EXECUTE SQL: alter tenant test_ts_tenant1 add user test_ts_u1 as owner; --
200 OK


-- EXECUTE SQL: alter tenant test_ts_tenant1 add user test_ts_u2 as member; --
200 OK


-- EXECUTE SQL: select * from cluster_schema.tenants where tenant_name in ('test_ts_tenant1'); --
-- AFTER_SORT --
200 OK
tenant_name,tenant_options
test_ts_tenant1,"{""comment"":null,""limiter_config"":null}"

-- EXECUTE SQL: drop tenant cnosdb; --
422 Unprocessable Entity
{"error_code":"010064","error_message":"Tenant \"cnosdb\" forbid drop"}
-- ERROR:  --

-- EXECUTE SQL: alter tenant test_ts_tenant1 set comment = 'hello world'; --
200 OK


-- EXECUTE SQL: alter tenant test_ts_tenant1 set _limiter = '{"object_config":{"max_users_number":1,"max_databases":3,"max_shard_number":2,"max_replicate_number":2,"max_retention_time":30},"request_config":{"data_in":{"remote_bucket":{"max":100,"initial":0,"refill":100,"interval":100},"local_bucket":{"max":100,"initial":0}},"data_out":{"remote_bucket":{"max":100,"initial":0,"refill":100,"interval":100},"local_bucket":{"max":100,"initial":0}},"queries":null,"writes":null}}'; --
200 OK


-- EXECUTE SQL: select * from cluster_schema.tenants where tenant_name in ('test_ts_tenant1'); --
-- AFTER_SORT --
200 OK
tenant_name,tenant_options
test_ts_tenant1,"{""comment"":""hello world"",""limiter_config"":{""object_config"":{""max_users_number"":1,""max_databases"":3,""max_shard_number"":2,""max_replicate_number"":2,""max_retention_time"":30},""request_config"":{""data_in"":{""remote_bucket"":{""max"":100,""initial"":0,""refill"":100,""interval"":100},""local_bucket"":{""max"":100,""initial"":0}},""data_out"":{""remote_bucket"":{""max"":100,""initial"":0,""refill"":100,""interval"":100},""local_bucket"":{""max"":100,""initial"":0}},""queries"":null,""writes"":null}}}"

-- EXECUTE SQL: alter tenant test_ts_tenant1 unset comment; --
200 OK


-- EXECUTE SQL: alter tenant test_ts_tenant1 unset _limiter; --
200 OK


-- EXECUTE SQL: select * from cluster_schema.tenants where tenant_name in ('test_ts_tenant1'); --
-- AFTER_SORT --
200 OK
tenant_name,tenant_options
test_ts_tenant1,"{""comment"":null,""limiter_config"":null}"

-- EXECUTE SQL: select * from cluster_schema.tenants where tenant_name in ('test_ts_tenant1'); --
-- AFTER_SORT --
200 OK


-- EXECUTE SQL: select * from cluster_schema.tenants where tenant_name in ('test_ts_tenant1'); --
-- AFTER_SORT --
200 OK


-- EXECUTE SQL: select * from cluster_schema.tenants where tenant_name in ('test_ts_tenant1'); --
-- AFTER_SORT --
422 Unprocessable Entity
{"error_code":"010001","error_message":"Datafusion: Error during planning: Table not found, tenant: test_ts_tenant1 db: cluster_schema, table: tenants"}
-- ERROR:  --

-- EXECUTE SQL: select * from cluster_schema.tenants where tenant_name in ('test_ts_tenant1'); --
-- AFTER_SORT --
422 Unprocessable Entity
{"error_code":"010001","error_message":"Datafusion: Error during planning: Table not found, tenant: test_ts_tenant1 db: cluster_schema, table: tenants"}
-- ERROR:  --

-- EXECUTE SQL: select * from cluster_schema.tenants where tenant_name in ('test_ts_tenant1'); --
-- AFTER_SORT --
422 Unprocessable Entity
{"error_code":"010001","error_message":"Datafusion: Error during planning: Table not found, tenant: test_ts_tenant1 db: cluster_schema, table: tenants"}
-- ERROR:  --
