-- EXECUTE SQL: drop tenant if exists test_dbs_tenant1; --
200 OK


-- EXECUTE SQL: drop user if exists test_dbs_u1; --
200 OK


-- EXECUTE SQL: drop user if exists test_dbs_u2; --
200 OK


-- EXECUTE SQL: create tenant if not exists test_dbs_tenant1; --
200 OK


-- EXECUTE SQL: create user if not exists test_dbs_u1; --
200 OK


-- EXECUTE SQL: create user if not exists test_dbs_u2; --
200 OK


-- EXECUTE SQL: alter tenant test_dbs_tenant1 add user test_dbs_u1 as owner; --
200 OK


-- EXECUTE SQL: alter tenant test_dbs_tenant1 add user test_dbs_u2 as member; --
200 OK


-- EXECUTE SQL: drop database if exists test_dbs_db1; --
200 OK


-- EXECUTE SQL: drop database if exists test_dbs_db2; --
200 OK


-- EXECUTE SQL: create database if not exists test_dbs_db1; --
200 OK


-- EXECUTE SQL: create database if not exists test_dbs_db2; --
200 OK


-- EXECUTE SQL: select * from information_schema.DATABASES; --
-- AFTER_SORT --
200 OK
tenant_name,database_name,ttl,shard,vnode_duration,replica,percision
test_dbs_tenant1,test_dbs_db1,365 Days,1,365 Days,1,NS
test_dbs_tenant1,test_dbs_db2,365 Days,1,365 Days,1,NS

-- EXECUTE SQL: select * from information_schema.DATABASES; --
-- AFTER_SORT --
200 OK
tenant_name,database_name,ttl,shard,vnode_duration,replica,percision
test_dbs_tenant1,test_dbs_db1,365 Days,1,365 Days,1,NS
test_dbs_tenant1,test_dbs_db2,365 Days,1,365 Days,1,NS

-- EXECUTE SQL: select * from information_schema.DATABASES; --
-- AFTER_SORT --
200 OK
tenant_name,database_name,ttl,shard,vnode_duration,replica,percision
test_dbs_tenant1,test_dbs_db1,365 Days,1,365 Days,1,NS
test_dbs_tenant1,test_dbs_db2,365 Days,1,365 Days,1,NS
