statement ok
--#DATABASE=sqlancer3

statement ok
DROP DATABASE IF EXISTS sqlancer3;

statement ok
CREATE DATABASE sqlancer3 WITH TTL '100000d';


statement ok
CREATE TABLE IF NOT EXISTS m0(f0 DOUBLE , TAGS(t0) ); -- 4ms;

statement ok
CREATE TABLE m1(f0 STRING , f1 boolean , f2 BIGINT, TAGS(t0)); -- 2ms;

statement ok
CREATE TABLE IF NOT EXISTS m2(f0 BIGINT , f1 DOUBLE , TAGS(t0, t1, t2) ); -- 1ms;

statement ok
CREATE TABLE m3(f0 BIGINT, TAGS(t0, t1)); -- 1ms;

statement ok
CREATE TABLE IF NOT EXISTS m4(f0 boolean, TAGS(t0, t1)); -- 1ms;


statement ok
INSERT m1(TIME, f2) VALUES(3894556692135729687, -803836627), (4555921208464455397, -25284663); -- 0ms;

statement ok
INSERT m1(TIME, f0) VALUES(1191631107457969673, '9195442692708162668'); -- 0ms;

statement ok
INSERT m1(TIME, f1, f0, t0) VALUES(2645614256296351398, FALSE, '7276138141691785489', '4'), (4523696464976555956, TRUE, 'IG', ''), (1252859358085287398, TRUE, '0.12602752741440792', 'pR'), (6971753681441287817, FALSE, 'Y', ''); -- 1ms;

statement error Arrow error: Io error: Status \{ code: Internal, message: "Build logical plan: Datafusion: Error during planning: Inconsistent data type across values list at row 1 column 2", metadata: MetadataMap \{ headers: \{"content\-type": "application/grpc", "date": "[^"]+", "content\-length": "0"\} \}, source: None \}
INSERT m0(TIME, t0, f0) VALUES(6214471789042217854, 'iYBxT', 297153453615660224), (5904826656202847053, '-1970168186', 0.09671730158049773873329968409962020814418792724609375); -- 0ms;

statement ok
INSERT m3(TIME, t0, f0, t1) VALUES(7880390032659694555, '174906244', -370874632, '*'); -- 0ms;

statement ok
INSERT m3(TIME, t0, f0, t1) VALUES(7381709403680827764, 'c]_tcQrM', -1598798851, '	0'), (3862455659464635599, '{\', 796269585, '1889832286'); -- 0ms;

statement error Arrow error: Io error: Status \{ code: Internal, message: "Could not chunk result: Coordinator: Fields can't be empty", metadata: MetadataMap \{ headers: \{"content\-type": "application/grpc", "date": "[^"]+", "content\-length": "0"\} \}, source: None \}
INSERT m3(TIME, t1, t0) VALUES(8357345634210517894, 'T!', 't'); -- 0ms;

statement error Arrow error: Io error: Status \{ code: Internal, message: "Build logical plan: Datafusion: Error during planning: Inconsistent data type across values list at row 1 column 1", metadata: MetadataMap \{ headers: \{"content\-type": "application/grpc", "date": "[^"]+", "content\-length": "0"\} \}, source: None \}
INSERT m0(TIME, f0) VALUES(4963944696064243826, 4872214110337414144), (8906039179956143515, 0.8770889075333576645476796329603530466556549072265625); -- 0ms;

statement ok
INSERT m1(TIME, t0, f0, f2, f1) VALUES(5979869772620384424, '8N] ', 'M', 10435154, FALSE), (184428283612200364, 'B', ',p', -1628140570, TRUE); -- 0ms;

statement ok
INSERT m2(TIME, f0, t2, t0) VALUES(5830511419206974812, 297153453615660218, '<[#n3Lb', '~!k'); -- 0ms;

statement error Arrow error: Io error: Status \{ code: Internal, message: "Could not chunk result: Coordinator: Fields can't be empty", metadata: MetadataMap \{ headers: \{"content\-type": "application/grpc", "date": "[^"]+", "content\-length": "0"\} \}, source: None \}
INSERT m4(TIME, t0) VALUES(1641279124618714342, '*Yk'), (6904427846636587726, 'Ff(u'), (8501508840232273345, 'CB<7E]'), (4535575739230910918, '9065525203050843594'); -- 0ms;

statement ok
INSERT m2(TIME, f0, f1, t0) VALUES(8033277448126677494, -719146430, 0.637860522993480838493951523560099303722381591796875, 'sGh[2[*?Q'); -- 1ms;

statement ok
INSERT m3(TIME, f0) VALUES(7874484282556631665, -184853823), (6101230550563449153, -2085716189); -- 0ms;

statement ok
INSERT m4(TIME, t1, f0) VALUES(8297020634243142773, '', FALSE); -- 2ms;

statement ok
INSERT m3(TIME, f0) VALUES(3415710888110090697, -1134968677), (7304141719206898387, -374901666); -- 0ms;

statement ok
INSERT m0(TIME, f0) VALUES(4690298394886424922, 0.7365373850922811715946636468288488686084747314453125); -- 0ms;

statement ok
INSERT m2(TIME, t2, f1, t0) VALUES(6848635358907743076, '7825004207928641098', 0.02312444644650846203859373417799361050128936767578125, 'n'), (6623331093118139075, 'sW', 0.54727668609854573933404253693879581987857818603515625, '4683132071972081202'); -- 0ms;

statement ok
INSERT m0(TIME, f0, t0) VALUES(335803738395517921, 0.89109831434395025961947567338938824832439422607421875, '5468993521555465265'), (5199351520241642214, 0.90467186621861117590270850996603257954120635986328125, '_fq'), (6554383159332105564, 0.1057444892614516351869724530843086540699005126953125, '2090966948559537515'); -- 0ms;

statement ok
INSERT m2(TIME, t2, f1) VALUES(1499579400425111068, 'a7|*擘~3', 0.3542197858214863881443079662858508527278900146484375); -- 0ms;

statement error Arrow error: Io error: Status \{ code: Internal, message: "Could not chunk result: Coordinator: Fields can't be empty", metadata: MetadataMap \{ headers: \{"content\-type": "application/grpc", "date": "[^"]+", "content\-length": "0"\} \}, source: None \}
INSERT m2(TIME, t0, t2) VALUES(3792508435101275658, 't5sd/,D?7', ',d'); -- 0ms;

statement error Arrow error: Io error: Status \{ code: Internal, message: "Build logical plan: Datafusion: Error during planning: Inconsistent data type across values list at row 1 column 1", metadata: MetadataMap \{ headers: \{"content\-type": "application/grpc", "date": "[^"]+", "content\-length": "0"\} \}, source: None \}
INSERT m0(TIME, f0) VALUES(1128201073465455417, 0.7520663873197779292212317159282974898815155029296875), (8928495096372163377, 419303373304867648), (7728172917082845593, 418797746943372864); -- 0ms;

statement ok
INSERT m4(TIME, f0, t1) VALUES(5982797077631075636, TRUE, 'cU'), (2674927179624648828, TRUE, 'm?gbg&)'), (6545945525773293536, TRUE, '-719146430'); -- 0ms;

statement ok
INSERT m3(TIME, f0, t0, t1) VALUES(8447938245664699102, -534737513, '2939042495407010978', 'os'), (2036477998970597255, 9065525203050843594, '0.002147298221788496', '2350431228203406322'), (5449945498274322724, -603220388, '0.4140742380785405', '1067185949319247413'); -- 0ms;

statement ok
INSERT m1(TIME, f1) VALUES(3445745323472776741, FALSE), (4004885874743297811, FALSE); -- 1ms;

statement ok
INSERT m2(TIME, t0, f1) VALUES(7255535569352092297, '0.14928332458710802', -179769313486231570814527423731704356798070567525844996598917476803157260780028538760589558632766878171540458953514382464234321326889464182768467546703537516986049910576551282076245490090389328944075868508455133942304583236903222948165808559332123348274797826204144723168738177180919299881250404026184124858368); -- 0ms;

statement ok
INSERT m4(TIME, f0, t1) VALUES(1953013087506775363, TRUE, '['); -- 0ms;

statement ok
INSERT m1(TIME, t0, f1, f0) VALUES(575690160965763765, '', TRUE, 'N粶i!cm+R.'), (5765025904647749526, '''9', FALSE, 'Y'), (2066691294277386248, 'ꆪswp', FALSE, '\WY%'); -- 0ms;

statement ok
INSERT m2(TIME, f1, t1, t2) VALUES(7557516538735531689, 0.5452035260832379659490243284380994737148284912109375, 'I', 'A'); -- 0ms;

statement ok
INSERT m0(TIME, f0, t0) VALUES(3073736359632055652, 0.29942238016120981125567368508200161159038543701171875, 'R'), (3029728115798971109, 0.12530605778114434212255901002208702266216278076171875, 'gh+1'), (2445970975255359552, 0.33339264393462475499774200216052122414112091064453125, '0.20625602818030442'); -- 1ms;

statement ok
INSERT m1(TIME, f1) VALUES(4405135655254137840, TRUE), (5010135736173590510, TRUE); -- 0ms;

statement error Arrow error: Io error: Status \{ code: Internal, message: "Could not chunk result: Coordinator: Fields can't be empty", metadata: MetadataMap \{ headers: \{"content\-type": "application/grpc", "date": "[^"]+", "content\-length": "0"\} \}, source: None \}
INSERT m0(TIME, t0) VALUES(7830195537671872289, ''), (2960157668810740158, '0.08834751653967488'); -- 0ms;

statement ok
INSERT m3(TIME, f0, t1) VALUES(5760405580491443116, 951192745, '[%^TQVy8'); -- 0ms;

statement ok
INSERT m1(TIME, f2, f0) VALUES(341303125816519819, NULL, '3309273192353118515'), (5491711760282782714, 1700015934, 'Vb5P落ꦀ'); -- 0ms;

statement ok
INSERT m3(TIME, f0, t0) VALUES(6634512753791616118, 1296743770, 'O~'); -- 0ms;

statement error Arrow error: Io error: Status \{ code: Internal, message: "Could not chunk result: Coordinator: Fields can't be empty", metadata: MetadataMap \{ headers: \{"content\-type": "application/grpc", "date": "[^"]+", "content\-length": "0"\} \}, source: None \}
INSERT m0(TIME, t0) VALUES(681590122943006574, ''); -- 1ms;

statement ok
INSERT m0(TIME, f0) VALUES(7034851862018480562, 0.7802602952255794921399001395911909639835357666015625); -- 0ms;

statement ok
INSERT m1(TIME, f0) VALUES(4632089311642511003, ''), (1284932644367558414, 's'); -- 0ms;

statement ok
INSERT m4(TIME, f0) VALUES(8628134510828718363, TRUE), (5632091374246825572, TRUE); -- 0ms;

statement ok
INSERT m0(TIME, t0, f0) VALUES(8573280033733946014, 'z', 0.45063825268152390979281562977121211588382720947265625); -- 0ms;

statement error Arrow error: Io error: Status \{ code: Internal, message: "Could not chunk result: Coordinator: Fields can't be empty", metadata: MetadataMap \{ headers: \{"content\-type": "application/grpc", "date": "[^"]+", "content\-length": "0"\} \}, source: None \}
INSERT m1(TIME, t0) VALUES(9025730320552868594, NULL); -- 0ms;

statement ok
INSERT m2(TIME, t2, f1, f0, t0) VALUES(3116582321238022207, '', 1692022416413118976, 19144301, ''); -- 0ms;

statement error Arrow error: Io error: Status \{ code: Internal, message: "Execute logical plan: Datafusion: Optimizer rule 'simplify_expressions' failed\\ncaused by\\nArrow error: Parser error: Error parsing timestamp from '0': timestamp must contain at least 10 characters", metadata: MetadataMap \{ headers: \{"content\-type": "application/grpc", "date": "[^"]+", "content\-length": "0"\} \}, source: None \}
INSERT m1(TIME, f0, t0, f2) VALUES(781110224327458166, 'H2', '8670501299282427160', 1319671597), (8229853073388016459, ',#', '>XT', CAST(CAST(CAST(NOT (TRUE) AS STRING) AS TIMESTAMP) AS BIGINT)); -- 0ms;

statement ok
INSERT m0(TIME, f0, t0) VALUES(1324315595308255006, 0.8266616373816801921492469773511402308940887451171875, '.'); -- 0ms;

statement error Arrow error: Io error: Status \{ code: Internal, message: "Could not chunk result: Coordinator: Fields can't be empty", metadata: MetadataMap \{ headers: \{"content\-type": "application/grpc", "date": "[^"]+", "content\-length": "0"\} \}, source: None \}
INSERT m3(TIME, t0) VALUES(5961690929868572693, 'Rn3'), (6927680728977609390, '0.46917222743479703'); -- 0ms;

statement ok
INSERT m1(TIME, t0, f1, f0, f2) VALUES(567722332927164807, '.1''㔱鎫c9', TRUE, '\g', -1359365092); -- 0ms;


# select t0 from m0;
# select t0 from m1;
# select t0, t1, t2 from m2;
# select t0, t1 from m3;
# select t0, t1 from m4;

query error Arrow error: Io error: Status \{ code: Internal, message: "Build logical plan: Datafusion: Error during planning: Projection references non\-aggregate values: Expression m0\.f0 could not be resolved from available columns: nullif\(to_timestamp\(Int64\(6636546679321595330\)\),to_timestamp\(Int64\(8689896046418229165\)\)\), \(\- to_timestamp\(Int64\(3346426503103871098\)\) IN \(Map \{ iter: Iter\(\[ScalarFunction\(ScalarFunction \{ fun: ToTimestamp, args: \[Literal\(Int64\(8796381831174491673\)\)\] \}\), ScalarFunction\(ScalarFunction \{ fun: ToTimestamp, args: \[Literal\(Int64\(7388672143893169360\)\)\] \}\)\]\) \}\)\), SUM\(ceil\(\(\- substr\(m0\.t0,Int64\(5506560410096687103\),Int64\(\-874633900\)\)\)\)\)", metadata: MetadataMap \{ headers: \{"content\-type": "application/grpc", "date": "[^"]+", "content\-length": "0"\} \}, source: None \}
SELECT SUM(ceil(- (CAST(substr(m0.t0, 5506560410096687103, -874633900) AS DOUBLE)))), m0.f0 FROM m0 GROUP BY CAST(nullif(to_timestamp(6636546679321595330), to_timestamp(8689896046418229165)) AS TIMESTAMP), - (CAST(CAST((to_timestamp(3346426503103871098)) IN (to_timestamp(8796381831174491673), to_timestamp(7388672143893169360)) AS STRING) AS BIGINT));



query error Arrow error: Io error: Status \{ code: Internal, message: "Build logical plan: Datafusion: Error during planning: Projection references non\-aggregate values: Expression m4\.t1 could not be resolved from available columns: NOT initcap\(m4\.t1\) \|\| Int64\(4806347167177714688\) = nullif\(to_timestamp\(Int64\(107728388379031552\)\),to_timestamp\(Int64\(3482166282762044550\)\)\), starts_with\(m4\.t1,m4\.t1 \|\| m4\.t1\) > m4\.t0 LIKE rtrim\(m4\.t0\) \|\| CAST\(m4\.t0 AS Boolean\) , character_length\(m4\.t1 \|\| m4\.t0 \|\| Int64\(2090966948559537515\) / Int64\(\-1719817956\)\), m4\.f0 \|\| upper\(m4\.t0\) = lower\(m4\.t1\) \|\| to_timestamp\(Int64\(1613777282\)\), MAX\(nullif\(to_timestamp\(Int64\(174906244\)\),nullif\(to_timestamp\(Int64\(5704606850934287052\)\),to_timestamp\(Int64\(3294723711390345895\)\)\)\)\)", metadata: MetadataMap \{ headers: \{"content\-type": "application/grpc", "date": "[^"]+", "content\-length": "0"\} \}, source: None \}
SELECT ALL nullif(MAX(nullif(to_timestamp(174906244), nullif(to_timestamp(5704606850934287052), to_timestamp(3294723711390345895)))), CAST(((5518954738899453223)+(948275388)) AS TIMESTAMP)), NTH_VALUE(CAST(0.67586811981509653524113900857628323137760162353515625 AS BIGINT), CAST(CAST(sha256(m4.t1, -470329022) AS DOUBLE) AS BIGINT)) OVER () FROM m4 GROUP BY NOT (((((initcap(m4.t1))||(4806347167177714688)))=(CAST(nullif(to_timestamp(107728388379031552), to_timestamp(3482166282762044550)) AS STRING)))), ((starts_with(CAST(m4.t1 AS STRING), ((m4.t1)||(m4.t1))))>(((m4.t0)LIKE(((rtrim(m4.t0))||(CAST(m4.t0 AS BOOLEAN))))))), length(((((m4.t1)||(m4.t0)))||(((2090966948559537515)/(-1719817956))))), ((((CAST(CAST(m4.f0 AS BIGINT) AS STRING))||(((upper(m4.t0))=(lower(m4.t1))))))||(to_timestamp(1613777282)));


query error Arrow error: Io error: Status \{ code: Internal, message: "Execute logical plan: Datafusion: Schema error: No field named m0\.t0\. Valid fields are \\"SUM\(\(\- round\(m0\.f0\)\)\)\\"\.", metadata: MetadataMap \{ headers: \{"content\-type": "application/grpc", "date": "[^"]+", "content\-length": "0"\} \}, source: None \}
SELECT ALL SUM(- (round(m0.f0))) FROM m0 ORDER BY m0.t0 DESC, m0.t0 ASC;

query T rowsort
SELECT ALL m2.f0, m2.t1, m2.f1, m2.t0 FROM m2;
----
-719146430 "NULL" 0.6378605229934808 "sGh[2[*?Q"
19144301 "NULL" 1.692022416413119e18 ""
297153453615660218 "NULL" NULL "~!k"
NULL "I" 0.545203526083238 "NULL"
NULL "NULL" -1.7976931348623157e308 "0.14928332458710802"
NULL "NULL" 0.023124446446508462 "n"
NULL "NULL" 0.3542197858214864 "NULL"
NULL "NULL" 0.5472766860985457 "4683132071972081202"

query T rowsort
SELECT m2.f0, m2.t1, m2.f1, m2.t0 FROM m2 WHERE CAST(m2.f1 AS BOOLEAN);
----
-719146430 "NULL" 0.6378605229934808 "sGh[2[*?Q"
19144301 "NULL" 1.692022416413119e18 ""
NULL "I" 0.545203526083238 "NULL"
NULL "NULL" -1.7976931348623157e308 "0.14928332458710802"
NULL "NULL" 0.023124446446508462 "n"
NULL "NULL" 0.3542197858214864 "NULL"
NULL "NULL" 0.5472766860985457 "4683132071972081202"

query T rowsort
SELECT ALL SUM(+ (CAST(- (m3.f0) AS BIGINT))) FROM m3;
----
-9065525199206977955

query error Arrow error: Io error: Status \{ code: Internal, message: "Execute logical plan: Datafusion: Optimizer rule 'simplify_expressions' failed\\ncaused by\\nArrow error: Cast error: Cannot cast string '2118\-06\-08T03:31:43\.763482212' to value of Int64 type", metadata: MetadataMap \{ headers: \{"content\-type": "application/grpc", "date": "[^"]+", "content\-length": "0"\} \}, source: None \}
SELECT SUM(agg0) FROM (SELECT SUM(+ (CAST(- (m3.f0) AS BIGINT)))  as agg0 FROM m3 WHERE CAST(CAST(CAST(to_timestamp(4684102303763482212) AS STRING) AS BIGINT) AS BOOLEAN) UNION ALL SELECT ALL SUM(+ (CAST(- (m3.f0) AS BIGINT)))  as agg0 FROM m3 WHERE NOT (CAST(CAST(CAST(to_timestamp(4684102303763482212) AS STRING) AS BIGINT) AS BOOLEAN)) UNION ALL SELECT ALL SUM(+ (CAST(- (m3.f0) AS BIGINT)))  as agg0 FROM m3 WHERE (CAST(CAST(CAST(to_timestamp(4684102303763482212) AS STRING) AS BIGINT) AS BOOLEAN)) IS NULL) as asdf;


query T rowsort
SELECT SUM(0.225436451820135719259496909216977655887603759765625) FROM m4;
----
1.57805516274095


query T rowsort
SELECT ALL m1.f0, m1.f2, m1.f1, m1.t0 FROM m1;
----
"" NULL NULL "NULL"
",p" -1628140570 true "B"
"0.12602752741440792" NULL true "pR"
"3309273192353118515" NULL NULL "NULL"
"7276138141691785489" NULL false "4"
"9195442692708162668" NULL NULL "NULL"
"IG" NULL true ""
"M" 10435154 false "8N] "
"NULL" -25284663 NULL "NULL"
"NULL" -803836627 NULL "NULL"
"NULL" NULL false "NULL"
"NULL" NULL false "NULL"
"NULL" NULL true "NULL"
"NULL" NULL true "NULL"
"N粶i!cm+R." NULL true ""
"Vb5P落ꦀ" 1700015934 NULL "NULL"
"Y" NULL false ""
"Y" NULL false "'9"
"\WY%" NULL false "ꆪswp"
"\g" -1359365092 true ".1'㔱鎫c9"
"s" NULL NULL "NULL"

query T rowsort
SELECT m1.f0, m1.f2, m1.f1, m1.t0 FROM m1 WHERE CAST(NOT (((CAST(8241995052092137898 AS STRING))LIKE(upper(m1.t0)))) AS BOOLEAN) UNION ALL SELECT ALL m1.f0, m1.f2, m1.f1, m1.t0 FROM m1 WHERE NOT (CAST(NOT (((CAST(8241995052092137898 AS STRING))LIKE(upper(m1.t0)))) AS BOOLEAN)) UNION ALL SELECT ALL m1.f0, m1.f2, m1.f1, m1.t0 FROM m1 WHERE (CAST(NOT (((CAST(8241995052092137898 AS STRING))LIKE(upper(m1.t0)))) AS BOOLEAN)) IS NULL;
----
"" NULL NULL "NULL"
",p" -1628140570 true "B"
"0.12602752741440792" NULL true "pR"
"3309273192353118515" NULL NULL "NULL"
"7276138141691785489" NULL false "4"
"9195442692708162668" NULL NULL "NULL"
"IG" NULL true ""
"M" 10435154 false "8N] "
"NULL" -25284663 NULL "NULL"
"NULL" -803836627 NULL "NULL"
"NULL" NULL false "NULL"
"NULL" NULL false "NULL"
"NULL" NULL true "NULL"
"NULL" NULL true "NULL"
"N粶i!cm+R." NULL true ""
"Vb5P落ꦀ" 1700015934 NULL "NULL"
"Y" NULL false ""
"Y" NULL false "'9"
"\WY%" NULL false "ꆪswp"
"\g" -1359365092 true ".1'㔱鎫c9"
"s" NULL NULL "NULL"

# SELECT ALL m2.t1 FROM m2;

query error Arrow error: Io error: Status \{ code: Internal, message: "Build logical plan: Datafusion: Error during planning: The function Sum does not support inputs of type Null\.", metadata: MetadataMap \{ headers: \{"content\-type": "application/grpc", "date": "[^"]+", "content\-length": "0"\} \}, source: None \}
SELECT ALL SUM(NULL) FROM m1;

# SELECT MIN(m4.t1) FROM m4;
query error Arrow error: Io error: Status \{ code: Internal, message: "Build logical plan: Datafusion: Error during planning: No function matches the given name and argument types 'sha224\(Utf8, Int64\)'\. You might need to add explicit type casts\.\\n\\tCandidate functions:\\n\\tsha224\(Utf8/LargeUtf8/Binary/LargeBinary\)", metadata: MetadataMap \{ headers: \{"content\-type": "application/grpc", "date": "[^"]+", "content\-length": "0"\} \}, source: None \}
SELECT MIN(agg0) FROM (SELECT MIN(m4.t1)  as agg0 FROM m4 WHERE ((sha224(sha512(m4.t0, 7825004207928641098), CAST(to_timestamp(6166461196672324057) AS BIGINT)))LIKE(sha224(CAST(m4.f0 AS STRING), ((-588630698)+(1114418113))))) UNION ALL SELECT ALL MIN(m4.t1)  as agg0 FROM m4 WHERE NOT (((sha224(sha512(m4.t0, 7825004207928641098), CAST(to_timestamp(6166461196672324057) AS BIGINT)))LIKE(sha224(CAST(m4.f0 AS STRING), ((-588630698)+(1114418113)))))) UNION ALL SELECT ALL MIN(m4.t1)  as agg0 FROM m4 WHERE (((sha224(sha512(m4.t0, 7825004207928641098), CAST(to_timestamp(6166461196672324057) AS BIGINT)))LIKE(sha224(CAST(m4.f0 AS STRING), ((-588630698)+(1114418113)))))) IS NULL) as asdf;

query T rowsort
SELECT m1.f0 FROM m1;
----
""
",p"
"0.12602752741440792"
"3309273192353118515"
"7276138141691785489"
"9195442692708162668"
"IG"
"M"
"NULL"
"NULL"
"NULL"
"NULL"
"NULL"
"NULL"
"N粶i!cm+R."
"Vb5P落ꦀ"
"Y"
"Y"
"\WY%"
"\g"
"s"

query T rowsort
SELECT ALL m1.f0 FROM m1 WHERE (NOT ((m1.f0) BETWEEN (lower(m1.t0)) AND (lower(m1.f0)))) IS NOT UNKNOWN;
----
",p"
"0.12602752741440792"
"7276138141691785489"
"IG"
"M"
"N粶i!cm+R."
"Y"
"Y"
"\WY%"
"\g"

query T rowsort
SELECT m1.f0 FROM m1 WHERE NOT ((NOT ((m1.f0) BETWEEN (lower(m1.t0)) AND (lower(m1.f0)))) IS NOT UNKNOWN);
----

query T rowsort
SELECT ALL m1.f0 FROM m1 WHERE ((NOT ((m1.f0) BETWEEN (lower(m1.t0)) AND (lower(m1.f0)))) IS NOT UNKNOWN) IS NULL;
----

query error Arrow error: Io error: Status \{ code: Internal, message: "Build logical plan: Datafusion: Error during planning: Projection references non\-aggregate values: Expression m0\.f0 could not be resolved from available columns: to_timestamp\(Int64\(5459906083315282827\)\) IS NULL, Float64\(0\.30663777479646737\), STDDEV\(ceil\(to_timestamp\(Int64\(1320641161201321637\)\)\) \* lower\(m0\.t0\)\)", metadata: MetadataMap \{ headers: \{"content\-type": "application/grpc", "date": "[^"]+", "content\-length": "0"\} \}, source: None \}
SELECT ALL + (STDDEV_SAMP(((ceil(CAST(to_timestamp(1320641161201321637) AS BIGINT)))*(CAST(lower(m0.t0) AS BIGINT))))), NTILE(CAST(((CAST((FALSE) IN (TRUE, TRUE) AS DOUBLE))+(((0.852307151245902172576052180374972522258758544921875)-(atan2(0.3335158584936499526207853705273009836673736572265625, m0.f0))))) AS BIGINT)) OVER () FROM m0 GROUP BY (to_timestamp(5459906083315282827)) IS NULL, 0.30663777479646736612295399027061648666858673095703125;

query T rowsort
SELECT ALL MIN(((m1.f0)||(nullif(NULL, to_timestamp(m1.f2))))) FROM m1;
----
"NULL"

query T rowsort
SELECT MIN(agg0) FROM (SELECT MIN(((m1.f0)||(nullif(NULL, to_timestamp(m1.f2)))))  as agg0 FROM m1 WHERE ((((CAST(lower(m1.f0) AS STRING))||(exp(m1.f2))))IS NOT DISTINCT FROM(CAST(CAST(nullif(m1.f2, 0.59078528022690213195033948068157769739627838134765625) AS BOOLEAN) AS STRING))) UNION ALL SELECT MIN(((m1.f0)||(nullif(NULL, to_timestamp(m1.f2)))))  as agg0 FROM m1 WHERE NOT (((((CAST(lower(m1.f0) AS STRING))||(exp(m1.f2))))IS NOT DISTINCT FROM(CAST(CAST(nullif(m1.f2, 0.59078528022690213195033948068157769739627838134765625) AS BOOLEAN) AS STRING)))) UNION ALL SELECT ALL MIN(((m1.f0)||(nullif(NULL, to_timestamp(m1.f2)))))  as agg0 FROM m1 WHERE (((((CAST(lower(m1.f0) AS STRING))||(exp(m1.f2))))IS NOT DISTINCT FROM(CAST(CAST(nullif(m1.f2, 0.59078528022690213195033948068157769739627838134765625) AS BOOLEAN) AS STRING)))) IS NULL) as asdf;
----
"NULL"

query T rowsort
SELECT ALL * FROM m2;
----
2017-07-09T05:50:00.425111068 "NULL" "NULL" "a7|*擘~3" NULL 0.3542197858214864
2068-10-04T13:18:41.238022207 "" "NULL" "" 19144301 1.692022416413119e18
2154-10-05T18:30:19.206974812 "~!k" "NULL" "<[#n3Lb" 297153453615660218 NULL
2179-11-19T22:11:33.118139075 "4683132071972081202" "NULL" "sW" NULL 0.5472766860985457
2187-01-09T14:42:38.907743076 "n" "NULL" "7825004207928641098" NULL 0.023124446446508462
2199-12-02T02:32:49.352092297 "0.14928332458710802" "NULL" "NULL" NULL -1.7976931348623157e308
2209-06-28T06:08:58.735531689 "NULL" "I" "A" NULL 0.545203526083238
2224-07-25T17:57:28.126677494 "sGh[2[*?Q" "NULL" "NULL" -719146430 0.6378605229934808

query error Arrow error: Io error: Status \{ code: Internal, message: "Execute logical plan: Datafusion: type_coercion\\ncaused by\\nError during planning: Coercion from \[Utf8, Int64\] to the signature Uniform\(1, \[Utf8, LargeUtf8, Binary, LargeBinary\]\) failed\.", metadata: MetadataMap \{ headers: \{"content\-type": "application/grpc", "date": "[^"]+", "content\-length": "0"\} \}, source: None \}
SELECT ALL * FROM m2 WHERE starts_with(sha384(upper(m2.t2), CAST(m2.f1 AS BIGINT)), ((((CAST(m2.f0 AS STRING))||(0.8832662158527682105813028101692907512187957763671875)))||(to_hex(m2.t1)))) UNION ALL SELECT * FROM m2 WHERE NOT (starts_with(sha384(upper(m2.t2), CAST(m2.f1 AS BIGINT)), ((((CAST(m2.f0 AS STRING))||(0.8832662158527682105813028101692907512187957763671875)))||(to_hex(m2.t1))))) UNION ALL SELECT * FROM m2 WHERE (starts_with(sha384(upper(m2.t2), CAST(m2.f1 AS BIGINT)), ((((CAST(m2.f0 AS STRING))||(0.8832662158527682105813028101692907512187957763671875)))||(to_hex(m2.t1))))) IS NULL;


query T rowsort
SELECT ALL * FROM m0 ORDER BY m0.f0 ASC;
----
1980-08-22T14:48:58.395517921 "5468993521555465265" 0.8910983143439503
2011-12-19T17:26:35.308255006 "." 0.8266616373816802
2047-07-05T20:22:55.255359552 "0.20625602818030442" 0.33339264393462475
2066-01-03T07:08:35.798971109 "gh+1" 0.12530605778114434
2067-05-27T15:39:19.632055652 "R" 0.2994223801612098
2118-08-18T20:39:54.886424922 "NULL" 0.7365373850922812
2134-10-05T16:18:40.241642214 "_fq" 0.9046718662186112
2177-09-12T21:59:19.332105564 "2090966948559537515" 0.10574448926145164
2192-12-03T21:31:02.018480562 "NULL" 0.7802602952255795
2241-09-04T18:40:33.733946014 "z" 0.4506382526815239

query T rowsort
SELECT * FROM m0 WHERE CAST(((lower(m0.t0))LIKE(((CAST(to_timestamp(5320242264547123554) AS STRING))||(NOT (TRUE))))) AS BOOLEAN);
----

query T rowsort
SELECT ALL m2.t2, m2.f0, m2.t0 FROM m2;
----
"" 19144301 ""
"7825004207928641098" NULL "n"
"<[#n3Lb" 297153453615660218 "~!k"
"A" NULL "NULL"
"NULL" -719146430 "sGh[2[*?Q"
"NULL" NULL "0.14928332458710802"
"a7|*擘~3" NULL "NULL"
"sW" NULL "4683132071972081202"

query error Arrow error: Io error: Status \{ code: Internal, message: "Execute logical plan: Datafusion: Optimizer rule 'simplify_expressions' failed\\ncaused by\\nThis feature is not implemented: Unsupported CAST from Boolean to Timestamp\(Nanosecond, None\)", metadata: MetadataMap \{ headers: \{"content\-type": "application/grpc", "date": "[^"]+", "content\-length": "0"\} \}, source: None \}
SELECT m2.t2, m2.f0, m2.t0 FROM m2 WHERE (((CAST(+ (m2.f1) AS STRING)) BETWEEN (chr(m2.f0)) AND (CAST(CAST(FALSE AS TIMESTAMP) AS STRING)))AND((CAST(m2.f0 AS BIGINT)) IN (1936408406, 765459938))) UNION ALL SELECT m2.t2, m2.f0, m2.t0 FROM m2 WHERE NOT ((((CAST(+ (m2.f1) AS STRING)) BETWEEN (chr(m2.f0)) AND (CAST(CAST(FALSE AS TIMESTAMP) AS STRING)))AND((CAST(m2.f0 AS BIGINT)) IN (1936408406, 765459938)))) UNION ALL SELECT ALL m2.t2, m2.f0, m2.t0 FROM m2 WHERE ((((CAST(+ (m2.f1) AS STRING)) BETWEEN (chr(m2.f0)) AND (CAST(CAST(FALSE AS TIMESTAMP) AS STRING)))AND((CAST(m2.f0 AS BIGINT)) IN (1936408406, 765459938)))) IS NULL;

query T rowsort
SELECT ALL MIN(to_timestamp(3261280258043984262)) FROM m2;
----
2073-05-06T07:10:58.043984262

query T rowsort
SELECT ALL m1.f1, m1.f2, m1.t0 FROM m1;
----
NULL -25284663 "NULL"
NULL -803836627 "NULL"
NULL 1700015934 "NULL"
NULL NULL "NULL"
NULL NULL "NULL"
NULL NULL "NULL"
NULL NULL "NULL"
false 10435154 "8N] "
false NULL ""
false NULL "'9"
false NULL "4"
false NULL "NULL"
false NULL "NULL"
false NULL "ꆪswp"
true -1359365092 ".1'㔱鎫c9"
true -1628140570 "B"
true NULL ""
true NULL ""
true NULL "NULL"
true NULL "NULL"
true NULL "pR"

query T rowsort
SELECT m1.f1, m1.f2, m1.t0 FROM m1 WHERE ((CAST(atan2(m1.f2, 0.77022502777861479028587154971319250762462615966796875) AS BOOLEAN))AND((((((m1.t0)||(m1.f1)))||(m1.f2))) BETWEEN (upper(m1.f0)) AND (CAST(to_timestamp(1359896436152285429) AS STRING)))) UNION ALL SELECT m1.f1, m1.f2, m1.t0 FROM m1 WHERE NOT (((CAST(atan2(m1.f2, 0.77022502777861479028587154971319250762462615966796875) AS BOOLEAN))AND((((((m1.t0)||(m1.f1)))||(m1.f2))) BETWEEN (upper(m1.f0)) AND (CAST(to_timestamp(1359896436152285429) AS STRING))))) UNION ALL SELECT ALL m1.f1, m1.f2, m1.t0 FROM m1 WHERE (((CAST(atan2(m1.f2, 0.77022502777861479028587154971319250762462615966796875) AS BOOLEAN))AND((((((m1.t0)||(m1.f1)))||(m1.f2))) BETWEEN (upper(m1.f0)) AND (CAST(to_timestamp(1359896436152285429) AS STRING))))) IS NULL;
----
NULL NULL "NULL"
NULL NULL "NULL"
NULL NULL "NULL"
NULL NULL "NULL"
false 10435154 "8N] "
false NULL ""
false NULL "'9"
false NULL "4"
false NULL "NULL"
false NULL "NULL"
false NULL "ꆪswp"
true -1359365092 ".1'㔱鎫c9"
true -1628140570 "B"
true NULL ""
true NULL ""
true NULL "NULL"
true NULL "NULL"
true NULL "pR"

query error Arrow error: Io error: Status \{ code: Internal, message: "Build logical plan: Datafusion: Error during planning: No function matches the given name and argument types 'sha256\(Utf8, Int64\)'\. You might need to add explicit type casts\.\\n\\tCandidate functions:\\n\\tsha256\(Utf8/LargeUtf8/Binary/LargeBinary\)", metadata: MetadataMap \{ headers: \{"content\-type": "application/grpc", "date": "[^"]+", "content\-length": "0"\} \}, source: None \}
SELECT ALL AVG(CAST(((((nullif(m2.f1, m2.f0))+(nullif(m2.f1, m2.f1))))=(0.99233385904324056259184771988657303154468536376953125)) AS BIGINT)), ((((CAST(ltrim(m2.t1) AS STRING))||(NOT (NOT (TRUE)))))IS DISTINCT FROM(CAST(upper(m2.t1) AS STRING))), NOT (((+ (((m2.f1)+(m2.f1))))>=(CAST(substr(m2.t1, m2.f0, m2.f0) AS DOUBLE)))), date_trunc(((m2.t1)||(to_timestamp(1240279466745701328))), to_timestamp(2181689795025935092)) FROM m2 GROUP BY upper(sha256(m2.t2, m2.f0));

query error Arrow error: Io error: Status \{ code: Internal, message: "Build logical plan: Datafusion: Error during planning: Projection references non\-aggregate values: Expression m3\.f0 could not be resolved from available columns: Int64\(\-210833064\) % m3\.f0, m3\.t1, to_timestamp\(Int64\(4806347167177714527\)\), MIN\(to_timestamp\(Int64\(948275388\)\)\)", metadata: MetadataMap \{ headers: \{"content\-type": "application/grpc", "date": "[^"]+", "content\-length": "0"\} \}, source: None \}
SELECT to_timestamp(m3.f0), MIN(to_timestamp(948275388)), LEAD(asin(((+ (0.16096530951067844483759472495876252651214599609375))-(9108280184819435520))), + (((((abs(m3.f0))/(+ (m3.f0))))/(CAST(CAST(8241995052092137472 AS TIMESTAMP) AS BIGINT)))), 0.4140742380785404908039026850019581615924835205078125) OVER ( ORDER BY m3.t0 ASC, m3.t0 ASC, m3.t0 DESC) FROM m3 WHERE ((lower(CAST(m3.f0 AS STRING)))<=(CAST(cos(CAST(to_timestamp(699625037573723935) AS BIGINT)) AS STRING))) GROUP BY CAST(CAST(+ (((-210833064)%(m3.f0))) AS TIMESTAMP) AS DOUBLE), m3.t1, to_timestamp(4806347167177714527);

query T rowsort
SELECT ALL m0.f0, m0.t0 FROM m0;
----
0.10574448926145164 "2090966948559537515"
0.12530605778114434 "gh+1"
0.2994223801612098 "R"
0.33339264393462475 "0.20625602818030442"
0.4506382526815239 "z"
0.7365373850922812 "NULL"
0.7802602952255795 "NULL"
0.8266616373816802 "."
0.8910983143439503 "5468993521555465265"
0.9046718662186112 "_fq"

query T rowsort
SELECT ALL m0.f0, m0.t0 FROM m0 WHERE NOT (starts_with(((m0.t0)||(to_timestamp(5276657375400990514))), lower(m0.t0)));
----
0.2994223801612098 "R"

query error Arrow error: Io error: Status \{ code: Internal, message: "Build logical plan: Datafusion: Error during planning: Projection references non\-aggregate values: Expression m3\.t0 could not be resolved from available columns: CAST\(Boolean\(false\) AS Utf8\) LIKE upper\(m3\.t1\) AND starts_with\(Utf8\(\\"y\\nq<R\\"\),m3\.t0\) IS FALSE, m3\.f0 \+ m3\.f0 BETWEEN bit_length\(m3\.t0\) % to_timestamp\(Int64\(4683132071972081202\)\) AND Utf8\(\\"㛉dㅪd\\tD\*\+\\"\) \|\| Boolean\(true\) \|\| Float64\(0\.005494377250232496\), APPROX_DISTINCT\(m3\.f0 \- Int64\(2229757221744742322\)\)", metadata: MetadataMap \{ headers: \{"content\-type": "application/grpc", "date": "[^"]+", "content\-length": "0"\} \}, source: None \}
SELECT ALL CAST(APPROX_DISTINCT(((m3.f0)-(2229757221744742322))) AS BIGINT), CAST(CAST(CAST(sha384(m3.t0, m3.f0) AS STRING) AS STRING) AS DOUBLE), FIRST_VALUE(NOT (((upper(m3.t0))LIKE(CAST(CAST(FALSE AS BIGINT) AS STRING))))) OVER () FROM m3 GROUP BY ((((CAST(FALSE AS STRING))LIKE(upper(m3.t1))))AND((starts_with('y
q<R', m3.t0)) IS FALSE)), (((m3.f0)+(CAST(CAST(m3.f0 AS TIMESTAMP) AS BIGINT)))) BETWEEN (CAST(((bit_length(m3.t0))%(CAST(to_timestamp(4683132071972081202) AS BIGINT))) AS BIGINT)) AND (CAST((((('㛉dㅪd	D*+')||(TRUE)))||(CAST(0.00549437725023249612377185258083045482635498046875 AS STRING))) AS BIGINT));

query T rowsort
SELECT ALL MIN(to_timestamp(+ (nullif(-1663925346, 2112139127)))) FROM m4;
----
1969-12-31T23:59:58.336074654

query T rowsort
SELECT MIN(agg0) FROM (SELECT ALL MIN(to_timestamp(+ (nullif(-1663925346, 2112139127))))  as agg0 FROM m4 WHERE ((CAST((((('')||(1971431738)))>=(((m4.t0)||(to_timestamp(5639148217950766739))))) AS STRING))LIKE(((((translate(m4.t0, m4.t0, m4.t0))||(CAST(0.97684269811624557799945023361942730844020843505859375 AS BIGINT))))||(ltrim(m4.t1))))) UNION ALL SELECT ALL MIN(to_timestamp(+ (nullif(-1663925346, 2112139127))))  as agg0 FROM m4 WHERE NOT (((CAST((((('')||(1971431738)))>=(((m4.t0)||(to_timestamp(5639148217950766739))))) AS STRING))LIKE(((((translate(m4.t0, m4.t0, m4.t0))||(CAST(0.97684269811624557799945023361942730844020843505859375 AS BIGINT))))||(ltrim(m4.t1)))))) UNION ALL SELECT ALL MIN(to_timestamp(+ (nullif(-1663925346, 2112139127))))  as agg0 FROM m4 WHERE (((CAST((((('')||(1971431738)))>=(((m4.t0)||(to_timestamp(5639148217950766739))))) AS STRING))LIKE(((((translate(m4.t0, m4.t0, m4.t0))||(CAST(0.97684269811624557799945023361942730844020843505859375 AS BIGINT))))||(ltrim(m4.t1)))))) IS NULL) as asdf;
----
1969-12-31T23:59:58.336074654


query T rowsort
SELECT ALL SUM(((nullif(char_length(m4.t0), CAST(m4.f0 AS BIGINT)))%(((- (nullif(2939004359518327875, -1421620855)))*(ascii(m4.t1)))))) FROM m4;
----
NULL

query error Arrow error: Io error: Status \{ code: Internal, message: "Build logical plan: Datafusion: Error during planning: Projection references non\-aggregate values: Expression m1\.t0 could not be resolved from available columns: to_timestamp\(to_timestamp\(Int64\(4762738657699443295\)\)\), lower\(\(\- m1\.f2\)\), MIN\(to_timestamp\(Int64\(8215830469954068344\)\)\)", metadata: MetadataMap \{ headers: \{"content\-type": "application/grpc", "date": "[^"]+", "content\-length": "0"\} \}, source: None \}
SELECT ALL MIN(to_timestamp(8215830469954068344)), upper(((CAST(to_timestamp(173633157790148330) AS STRING))||(CAST(m1.t0 AS DOUBLE)))), 0.71849287129644701099806525235180743038654327392578125, CAST(PERCENT_RANK() OVER () AS BIGINT) FROM m1 WHERE ((char_length(CAST(m1.f1 AS STRING)))IS NOT DISTINCT FROM(- (((- (-2001444450))-(CAST(m1.f2 AS BIGINT)))))) GROUP BY to_timestamp(CAST(to_timestamp(4762738657699443295) AS BIGINT)), lower(CAST(- (m1.f2) AS STRING));

query T rowsort
SELECT ALL * FROM m2;
----
2017-07-09T05:50:00.425111068 "NULL" "NULL" "a7|*擘~3" NULL 0.3542197858214864
2068-10-04T13:18:41.238022207 "" "NULL" "" 19144301 1.692022416413119e18
2154-10-05T18:30:19.206974812 "~!k" "NULL" "<[#n3Lb" 297153453615660218 NULL
2179-11-19T22:11:33.118139075 "4683132071972081202" "NULL" "sW" NULL 0.5472766860985457
2187-01-09T14:42:38.907743076 "n" "NULL" "7825004207928641098" NULL 0.023124446446508462
2199-12-02T02:32:49.352092297 "0.14928332458710802" "NULL" "NULL" NULL -1.7976931348623157e308
2209-06-28T06:08:58.735531689 "NULL" "I" "A" NULL 0.545203526083238
2224-07-25T17:57:28.126677494 "sGh[2[*?Q" "NULL" "NULL" -719146430 0.6378605229934808

query error Arrow error: Io error: Status \{ code: Internal, message: "Execute logical plan: Datafusion: type_coercion\\ncaused by\\nError during planning: Coercion from \[Utf8, Utf8\] to the signature OneOf\(\[Exact\(\[Utf8, Utf8, Utf8\]\)\]\) failed\.", metadata: MetadataMap \{ headers: \{"content\-type": "application/grpc", "date": "[^"]+", "content\-length": "0"\} \}, source: None \}
SELECT ALL * FROM m2 WHERE ((CAST(replace(m2.t2, m2.t1) AS DOUBLE))!=(CAST(CAST(CAST(to_timestamp(7187937939800865567) AS TIMESTAMP) AS BOOLEAN) AS DOUBLE))) UNION ALL SELECT * FROM m2 WHERE NOT (((CAST(replace(m2.t2, m2.t1) AS DOUBLE))!=(CAST(CAST(CAST(to_timestamp(7187937939800865567) AS TIMESTAMP) AS BOOLEAN) AS DOUBLE)))) UNION ALL SELECT ALL * FROM m2 WHERE (((CAST(replace(m2.t2, m2.t1) AS DOUBLE))!=(CAST(CAST(CAST(to_timestamp(7187937939800865567) AS TIMESTAMP) AS BOOLEAN) AS DOUBLE)))) IS NULL;

query T rowsort
SELECT ALL COUNT(+ (CAST(CAST(CAST(m3.f0 AS STRING) AS DOUBLE) AS BIGINT))) FROM m3;
----
12

query error Arrow error: Io error: Status \{ code: Internal, message: "Build logical plan: Datafusion: Error during planning: Projection references non\-aggregate values: Expression m4\.t1 could not be resolved from available columns: round\(round\(Float64\(0\.062146536800250285\)\)\), \(\- character_length\(m4\.t0\) \- Int64\(\-1846698508\)\), MIN\(to_timestamp\(Int64\(274674721044742811\)\)\)", metadata: MetadataMap \{ headers: \{"content\-type": "application/grpc", "date": "[^"]+", "content\-length": "0"\} \}, source: None \}
SELECT MIN(CAST(to_timestamp(274674721044742811) AS TIMESTAMP)), ((CAST(CAST(CAST(1359896436152285429 AS TIMESTAMP) AS TIMESTAMP) AS STRING))LIKE(m4.t1)), NOT (CAST(round(0.61858251292625665573865489932359196245670318603515625) AS BOOLEAN)), btrim(LAG(CAST(CAST(+ (((0.60249446260118888485379784469841979444026947021484375)+(0.4482139243283487228808326108264736831188201904296875))) AS STRING) AS STRING), + (((CAST(((m4.t0)LIKE(m4.t0)) AS BIGINT))-(CAST(initcap(m4.t1) AS BIGINT)))), CAST(CAST(+ (length(m4.t1)) AS BIGINT) AS STRING)) OVER (), m4.t0) FROM m4 GROUP BY round(round(0.062146536800250284926505628391169011592864990234375)), - (((length(m4.t0))-(+ (-1846698508))));

query T rowsort
SELECT MAX(9128294059941661696) FROM m4;
----
9128294059941661696


query T rowsort
SELECT SUM(((length(m1.f0))*(+ (abs(m1.f2))))) FROM m1;
----
1.6185542082e10

query error Arrow error: Io error: Status \{ code: Internal, message: "Execute logical plan: Datafusion: type_coercion\\ncaused by\\nError during planning: Coercion from \[Utf8\] to the signature Uniform\(1, \[Int64\]\) failed\.", metadata: MetadataMap \{ headers: \{"content\-type": "application/grpc", "date": "[^"]+", "content\-length": "0"\} \}, source: None \}
SELECT SUM(agg0) FROM (SELECT ALL SUM(((length(m1.f0))*(+ (abs(m1.f2)))))  as agg0 FROM m1 WHERE ((CAST(to_hex(m1.t0) AS BOOLEAN))IS DISTINCT FROM((((CAST(-783543705 AS BIGINT))+(+ (m1.f2)))) BETWEEN (((strpos(m1.t0, m1.f0))%(- (m1.f2)))) AND (length(m1.t0)))) UNION ALL SELECT ALL SUM(((length(m1.f0))*(+ (abs(m1.f2)))))  as agg0 FROM m1 WHERE NOT (((CAST(to_hex(m1.t0) AS BOOLEAN))IS DISTINCT FROM((((CAST(-783543705 AS BIGINT))+(+ (m1.f2)))) BETWEEN (((strpos(m1.t0, m1.f0))%(- (m1.f2)))) AND (length(m1.t0))))) UNION ALL SELECT SUM(((length(m1.f0))*(+ (abs(m1.f2)))))  as agg0 FROM m1 WHERE (((CAST(to_hex(m1.t0) AS BOOLEAN))IS DISTINCT FROM((((CAST(-783543705 AS BIGINT))+(+ (m1.f2)))) BETWEEN (((strpos(m1.t0, m1.f0))%(- (m1.f2)))) AND (length(m1.t0))))) IS NULL) as asdf;

query error Arrow error: Io error: Status \{ code: Internal, message: "Execute logical plan: Datafusion: type_coercion\\ncaused by\\nError during planning: Coercion from \[Utf8, Int64\] to the signature Uniform\(1, \[Utf8, LargeUtf8, Binary, LargeBinary\]\) failed\.", metadata: MetadataMap \{ headers: \{"content\-type": "application/grpc", "date": "[^"]+", "content\-length": "0"\} \}, source: None \}
SELECT ALL SUM(CAST(CAST(sha256(m4.t0, 1624066570) AS BIGINT) AS BIGINT)) FROM m4;

query T rowsort
SELECT ALL m0.t0, m0.f0 FROM m0;
----
"." 0.8266616373816802
"0.20625602818030442" 0.33339264393462475
"2090966948559537515" 0.10574448926145164
"5468993521555465265" 0.8910983143439503
"NULL" 0.7365373850922812
"NULL" 0.7802602952255795
"R" 0.2994223801612098
"_fq" 0.9046718662186112
"gh+1" 0.12530605778114434
"z" 0.4506382526815239

query T rowsort
SELECT m0.t0, m0.f0 FROM m0 WHERE ((((CAST(312746383 AS STRING))>=(CAST(TRUE AS STRING)))) IS UNKNOWN) IS FALSE UNION ALL SELECT m0.t0, m0.f0 FROM m0 WHERE NOT (((((CAST(312746383 AS STRING))>=(CAST(TRUE AS STRING)))) IS UNKNOWN) IS FALSE) UNION ALL SELECT m0.t0, m0.f0 FROM m0 WHERE (((((CAST(312746383 AS STRING))>=(CAST(TRUE AS STRING)))) IS UNKNOWN) IS FALSE) IS NULL;
----
"." 0.8266616373816802
"0.20625602818030442" 0.33339264393462475
"2090966948559537515" 0.10574448926145164
"5468993521555465265" 0.8910983143439503
"NULL" 0.7365373850922812
"NULL" 0.7802602952255795
"R" 0.2994223801612098
"_fq" 0.9046718662186112
"gh+1" 0.12530605778114434
"z" 0.4506382526815239

query T rowsort
SELECT MIN(CAST(((length('0.7330390595711117'))-(floor(0.46917222743479702895541549878544174134731292724609375))) AS STRING)) FROM m4;
----
"18.0"

query T rowsort
SELECT ALL m0.t0, m0.f0 FROM m0;
----
"." 0.8266616373816802
"0.20625602818030442" 0.33339264393462475
"2090966948559537515" 0.10574448926145164
"5468993521555465265" 0.8910983143439503
"NULL" 0.7365373850922812
"NULL" 0.7802602952255795
"R" 0.2994223801612098
"_fq" 0.9046718662186112
"gh+1" 0.12530605778114434
"z" 0.4506382526815239

query T rowsort
SELECT m0.t0, m0.f0 FROM m0 WHERE (TRUE) IS NOT UNKNOWN UNION ALL SELECT ALL m0.t0, m0.f0 FROM m0 WHERE NOT ((TRUE) IS NOT UNKNOWN) UNION ALL SELECT m0.t0, m0.f0 FROM m0 WHERE ((TRUE) IS NOT UNKNOWN) IS NULL;
----
"." 0.8266616373816802
"0.20625602818030442" 0.33339264393462475
"2090966948559537515" 0.10574448926145164
"5468993521555465265" 0.8910983143439503
"NULL" 0.7365373850922812
"NULL" 0.7802602952255795
"R" 0.2994223801612098
"_fq" 0.9046718662186112
"gh+1" 0.12530605778114434
"z" 0.4506382526815239

query T rowsort
SELECT ALL SUM(CAST(CAST(CAST((0.64602196661171096270237512726453132927417755126953125) NOT IN (0.87008433725922296186894300262792967259883880615234375) AS BIGINT) AS BIGINT) AS DOUBLE)) FROM m3;
----
12.0

query error Arrow error: Io error: Status \{ code: Internal, message: "Execute logical plan: Datafusion: Schema error: No field named m4\.f0\. Valid fields are \\"SUM\(ceil\(strpos\(m4\.t0,m4\.t1\) \+ floor\(Float64\(0\.11052835832118024\)\)\)\)\\"\.", metadata: MetadataMap \{ headers: \{"content\-type": "application/grpc", "date": "[^"]+", "content\-length": "0"\} \}, source: None \}
SELECT SUM(ceil(((strpos(m4.t0, m4.t1))+(floor(0.11052835832118024228520880569703876972198486328125))))) FROM m4 ORDER BY m4.f0 DESC;

query T rowsort
SELECT ALL m1.t0 FROM m1 ORDER BY m1.f2 ASC;
----
""
""
""
"'9"
".1'㔱鎫c9"
"4"
"8N] "
"B"
"NULL"
"NULL"
"NULL"
"NULL"
"NULL"
"NULL"
"NULL"
"NULL"
"NULL"
"NULL"
"NULL"
"pR"
"ꆪswp"

query T rowsort
SELECT m1.t0 FROM m1 WHERE ((((((((m1.t0)||(to_timestamp(73830588280500569))))||(to_timestamp(6628811948108261554))))||(+ (+ (541394655)))))LIKE(((CAST(- (m1.f2) AS STRING))||(NOT (starts_with(m1.t0, m1.t0))))));
----

query T rowsort
SELECT m4.f0 FROM m4;
----
false
true
true
true
true
true
true

query T rowsort
SELECT ALL m4.f0 FROM m4 WHERE NOT ((m4.f0) BETWEEN (NOT (starts_with(m4.t1, m4.t0))) AND (((m4.t1) BETWEEN (m4.t0) AND (m4.t0)) IS UNKNOWN)) UNION ALL SELECT ALL m4.f0 FROM m4 WHERE NOT (NOT ((m4.f0) BETWEEN (NOT (starts_with(m4.t1, m4.t0))) AND (((m4.t1) BETWEEN (m4.t0) AND (m4.t0)) IS UNKNOWN))) UNION ALL SELECT ALL m4.f0 FROM m4 WHERE (NOT ((m4.f0) BETWEEN (NOT (starts_with(m4.t1, m4.t0))) AND (((m4.t1) BETWEEN (m4.t0) AND (m4.t0)) IS UNKNOWN))) IS NULL;
----

query error Arrow error: Io error: Status \{ code: Internal, message: "Build logical plan: Datafusion: Error during planning: Projection references non\-aggregate values: Expression m2\.t0 could not be resolved from available columns: cos\(m2\.f1\), m2\.t2 \|\| to_timestamp\(Int64\(7016260509048686491\)\), nullif\(m2\.f1 / m2\.f1,m2\.f1\), MIN\(starts_with\(upper\(m2\.t1\),to_timestamp\(Int64\(5329338907013094354\)\) \|\| m2\.t2 BETWEEN m2\.t1 AND m2\.t1\)\)", metadata: MetadataMap \{ headers: \{"content\-type": "application/grpc", "date": "[^"]+", "content\-length": "0"\} \}, source: None \}
SELECT CAST(MIN(CAST(starts_with(upper(m2.t1), ((CAST(to_timestamp(5329338907013094354) AS STRING))||((m2.t2) BETWEEN (m2.t1) AND (m2.t1)))) AS TIMESTAMP)) AS TIMESTAMP), CAST(CAST(((lower(m2.t0))||(((m2.t0)||(m2.t0)))) AS BIGINT) AS BIGINT), m2.f0 FROM m2 GROUP BY cos(CAST(CAST(m2.f1 AS STRING) AS BIGINT)), CAST(CAST(CAST(((m2.t2)||(to_timestamp(7016260509048686491))) AS TIMESTAMP) AS STRING) AS BOOLEAN), + (nullif(((m2.f1)/(m2.f1)), + (m2.f1)));

query T rowsort
SELECT ALL m4.f0, m4.t1, m4.t0 FROM m4;
----
false "" "NULL"
true "-719146430" "NULL"
true "NULL" "NULL"
true "NULL" "NULL"
true "[" "NULL"
true "cU" "NULL"
true "m?gbg&)" "NULL"


query T rowsort
SELECT m0.t0, m0.f0 FROM m0;
----
"." 0.8266616373816802
"0.20625602818030442" 0.33339264393462475
"2090966948559537515" 0.10574448926145164
"5468993521555465265" 0.8910983143439503
"NULL" 0.7365373850922812
"NULL" 0.7802602952255795
"R" 0.2994223801612098
"_fq" 0.9046718662186112
"gh+1" 0.12530605778114434
"z" 0.4506382526815239

query error Arrow error: Io error: Status \{ code: Internal, message: "Execute logical plan: Datafusion: type_coercion\\ncaused by\\nError during planning: Coercion from \[Utf8\] to the signature Uniform\(1, \[Int64\]\) failed\.", metadata: MetadataMap \{ headers: \{"content\-type": "application/grpc", "date": "[^"]+", "content\-length": "0"\} \}, source: None \}
SELECT ALL m0.t0, m0.f0 FROM m0 WHERE ((((((((concat(((m0.t0)||(to_timestamp(8045103356967544002))), upper(m0.t0)))LIKE(CAST(CAST(m0.t0 AS STRING) AS STRING))))AND((((CAST(-1320466659 AS BIGINT))!=(CAST(1599185161 AS DOUBLE)))) IS FALSE)))AND((to_hex(m0.t0)) BETWEEN (((to_hex(m0.t0))%(CAST(419303373304867652 AS BIGINT)))) AND (CAST(((m0.t0)||(m0.t0)) AS DOUBLE)))))AND(((((CAST(to_timestamp(4247525786209231690) AS STRING))||(- (-520455625))))LIKE(((CAST(-257581535 AS STRING))||(upper(m0.t0)))))));

query error Arrow error: Io error: Status \{ code: Internal, message: "Build logical plan: Datafusion: Error during planning: Projection references non\-aggregate values: Expression m2\.t2 could not be resolved from available columns: Int64\(19144301\), MIN\(to_timestamp\(Int64\(1043735653746950409\)\)\)", metadata: MetadataMap \{ headers: \{"content\-type": "application/grpc", "date": "[^"]+", "content\-length": "0"\} \}, source: None \}
SELECT MIN(to_timestamp(1043735653746950409)), 0.50107962728563271159742953386739827692508697509765625, ((CAST(to_hex(m2.t2) AS STRING))LIKE(((CAST(concat(m2.t2, m2.t2) AS STRING))||(starts_with(m2.t0, m2.t2))))), ((CAST(CAST(ceil(m2.f0) AS TIMESTAMP) AS STRING))LIKE(((CAST(0.0049477715104695452197347549372352659702301025390625 AS STRING))||(0.9587377467691562404894511928432621061801910400390625)))), FIRST_VALUE(((CAST(to_timestamp(1680261172) AS STRING))||(+ (CAST(+ (m2.f0) AS BIGINT))))) OVER () FROM m2 GROUP BY 19144301;

query T rowsort
SELECT ALL m3.t1, m3.f0, m3.t0 FROM m3;
----
"	0" -1598798851 "c]_tcQrM"
"*" -370874632 "174906244"
"1067185949319247413" -603220388 "0.4140742380785405"
"1889832286" 796269585 "{\"
"2350431228203406322" 9065525203050843594 "0.002147298221788496"
"NULL" -1134968677 "NULL"
"NULL" -184853823 "NULL"
"NULL" -2085716189 "NULL"
"NULL" -374901666 "NULL"
"NULL" 1296743770 "O~"
"[%^TQVy8" 951192745 "NULL"
"os" -534737513 "2939042495407010978"

query T rowsort
SELECT ALL m3.t1, m3.f0, m3.t0 FROM m3 WHERE ((lower(CAST(m3.t0 AS STRING)))<(CAST((- (m3.f0)) IS NOT NULL AS STRING))) UNION ALL SELECT ALL m3.t1, m3.f0, m3.t0 FROM m3 WHERE NOT (((lower(CAST(m3.t0 AS STRING)))<(CAST((- (m3.f0)) IS NOT NULL AS STRING)))) UNION ALL SELECT ALL m3.t1, m3.f0, m3.t0 FROM m3 WHERE (((lower(CAST(m3.t0 AS STRING)))<(CAST((- (m3.f0)) IS NOT NULL AS STRING)))) IS NULL;
----
"	0" -1598798851 "c]_tcQrM"
"*" -370874632 "174906244"
"1067185949319247413" -603220388 "0.4140742380785405"
"1889832286" 796269585 "{\"
"2350431228203406322" 9065525203050843594 "0.002147298221788496"
"NULL" -1134968677 "NULL"
"NULL" -184853823 "NULL"
"NULL" -2085716189 "NULL"
"NULL" -374901666 "NULL"
"NULL" 1296743770 "O~"
"[%^TQVy8" 951192745 "NULL"
"os" -534737513 "2939042495407010978"

query error Arrow error: Io error: Status \{ code: Internal, message: "Build logical plan: Datafusion: Error during planning: Unsupported argument types\. Can not evaluate Null \|\| Boolean", metadata: MetadataMap \{ headers: \{"content\-type": "application/grpc", "date": "[^"]+", "content\-length": "0"\} \}, source: None \}
SELECT ALL ltrim(((((MIN(((right(upper(m0.t0), 1721224210))||((upper(m0.t0)) NOT IN ('GR', '')))))||(to_timestamp(4832591025207161096))))||(CAST(to_timestamp(9223372036854775807) AS STRING)))), ((((lower(NULL))||((CAST(m0.t0 AS STRING)) BETWEEN (sha256(m0.t0, 1946618017)) AND (((m0.t0)||(to_timestamp(2939004359518327875)))))))||(CAST(((nullif(948275388, -253158273))%(CAST(to_timestamp(2229757221744742322) AS BIGINT))) AS STRING))), CAST(m0.t0 AS TIMESTAMP) FROM m0 WHERE (((lower(m0.t0))||(octet_length(m0.t0)))) BETWEEN (((CAST((FALSE) IS NOT UNKNOWN AS STRING))||(character_length(((m0.t0)||(-465469556)))))) AND (concat(CAST(to_timestamp(4365821167746067140) AS STRING), right(m0.t0, 9065525203050843594))) GROUP BY to_timestamp(3443699519440721009);

query error Arrow error: Io error: Status \{ code: Internal, message: "Execute logical plan: Datafusion: Internal error: Unsupported data type Ok\(UInt64\) for function to_timestamp_seconds\. This was likely caused by a bug in DataFusion's code and we would welcome that you file an bug report in our issue tracker", metadata: MetadataMap \{ headers: \{"content\-type": "application/grpc", "date": "[^"]+", "content\-length": "0"\} \}, source: None \}
SELECT to_timestamp_seconds(APPROX_DISTINCT(- (((abs(m2.f0))%(+ (char_length(m2.t0))))))), PERCENT_RANK() OVER () FROM m2 GROUP BY ((CAST(CAST(+ (m2.f0) AS STRING) AS BIGINT))!=(- (((+ (m2.f0))%(((m2.f0)+(m2.f0)))))));

query T rowsort
SELECT ALL SUM(0.147487829370250178584456079988740384578704833984375) FROM m4;
----
1.0324148055917513

query T rowsort
SELECT SUM(agg0) FROM (SELECT ALL SUM(0.147487829370250178584456079988740384578704833984375)  as agg0 FROM m4 WHERE ((lower(CAST(-886021223 AS STRING)))LIKE(upper(CAST(to_timestamp(75250690674324403) AS STRING)))) UNION ALL SELECT SUM(0.147487829370250178584456079988740384578704833984375)  as agg0 FROM m4 WHERE NOT (((lower(CAST(-886021223 AS STRING)))LIKE(upper(CAST(to_timestamp(75250690674324403) AS STRING))))) UNION ALL SELECT ALL SUM(0.147487829370250178584456079988740384578704833984375)  as agg0 FROM m4 WHERE (((lower(CAST(-886021223 AS STRING)))LIKE(upper(CAST(to_timestamp(75250690674324403) AS STRING))))) IS NULL) as asdf;
----
1.0324148055917513

query error Arrow error: Io error: Status \{ code: Internal, message: "Execute logical plan: Datafusion: type_coercion\\ncaused by\\nError during planning: Coercion from \[Utf8\] to the signature Uniform\(1, \[Int64\]\) failed\.", metadata: MetadataMap \{ headers: \{"content\-type": "application/grpc", "date": "[^"]+", "content\-length": "0"\} \}, source: None \}
SELECT ALL MAX(CAST(((((m2.f0)*(floor(m2.f1))))-(to_hex(((m2.t0)||(m2.f0))))) AS TIMESTAMP)), CAST(PERCENT_RANK() OVER () AS STRING) FROM m2 GROUP BY ((((((CAST(m2.f1 AS STRING))||(0.39756258998699911533236672767088748514652252197265625)))||(nullif(m2.f0, m2.f0))))||(((CAST(lower(m2.t0) AS BIGINT))*(m2.f0)))), upper(CAST(upper('0.18376543680646096') AS STRING)), abs(+ (CAST(m2.f1 AS BIGINT))), upper(((upper(m2.t0))||(((m2.t2)>=(m2.t0)))));

query T rowsort
SELECT MIN(+ (CAST(((0.22481903897713806372848921455442905426025390625)+(746518992)) AS BIGINT))) FROM m3;
----
746518992

query T rowsort
SELECT SUM(1025561311408145024) FROM m3;
----
-6140008336811811328

# SELECT SUM(agg0) FROM (SELECT SUM(1025561311408145024)  as agg0 FROM m3 WHERE CAST(((btrim(m3.t1, m3.t1))||((('')>(substr(m3.t0, m3.f0, m3.f0))))) AS BOOLEAN) GROUP BY ((lower(((m3.t1)||(to_timestamp(6885523128782352370)))))>(((((((m3.t0)||(to_timestamp(5901555110772389986))))||(+ (m3.f0))))||(((abs(-682635667))/(CAST(TRUE AS BIGINT))))))), (((abs(0.41713529943645977215993525533122010529041290283203125))/(((1905482740356971090)*(m3.f0))))) IN (0.77499041932336443228024336349335499107837677001953125), ((CAST(starts_with(m3.t1, m3.t0) AS STRING))||(CAST(((m3.f0)-(signum(m3.f0))) AS BIGINT))) UNION ALL SELECT ALL SUM(1025561311408145024)  as agg0 FROM m3 WHERE NOT (CAST(((btrim(m3.t1, m3.t1))||((('')>(substr(m3.t0, m3.f0, m3.f0))))) AS BOOLEAN)) UNION ALL SELECT ALL SUM(1025561311408145024)  as agg0 FROM m3 WHERE (CAST(((btrim(m3.t1, m3.t1))||((('')>(substr(m3.t0, m3.f0, m3.f0))))) AS BOOLEAN)) IS NULL) as asdf;

query T rowsort
SELECT * FROM m4;
----
2031-11-21T07:38:07.506775363 "NULL" "[" true
2054-10-06T19:19:39.624648828 "NULL" "m?gbg&)" true
2148-06-22T05:49:34.246825572 "NULL" "NULL" true
2159-08-03T08:04:37.631075636 "NULL" "cU" true
2177-06-07T06:12:05.773293536 "NULL" "-719146430" true
2232-12-03T07:57:14.243142773 "NULL" "" false
2243-06-01T16:01:50.828718363 "NULL" "NULL" true

query error Arrow error: Io error: Status \{ code: Internal, message: "Execute logical plan: Datafusion: Optimizer rule 'simplify_expressions' failed\\ncaused by\\nArrow error: Cast error: Cannot cast value '2012\-04\-22t04:33:32\.426862162nan' to value of Boolean type", metadata: MetadataMap \{ headers: \{"content\-type": "application/grpc", "date": "[^"]+", "content\-length": "0"\} \}, source: None \}
SELECT ALL * FROM m4 WHERE (((((-1322939285) IN (791521572)) IS FALSE) IS FALSE)=(CAST(((CAST(to_timestamp(1335069212426862162) AS STRING))||(acos(-1825578999))) AS BOOLEAN))) UNION ALL SELECT ALL * FROM m4 WHERE NOT ((((((-1322939285) IN (791521572)) IS FALSE) IS FALSE)=(CAST(((CAST(to_timestamp(1335069212426862162) AS STRING))||(acos(-1825578999))) AS BOOLEAN)))) UNION ALL SELECT * FROM m4 WHERE ((((((-1322939285) IN (791521572)) IS FALSE) IS FALSE)=(CAST(((CAST(to_timestamp(1335069212426862162) AS STRING))||(acos(-1825578999))) AS BOOLEAN)))) IS NULL;

# SELECT ALL COUNT(length(CAST(upper(m0.t0) AS STRING))) FROM m0;

query error Arrow error: Io error: Status \{ code: Internal, message: "Build logical plan: Datafusion: Error during planning: No function matches the given name and argument types 'date_part\(Timestamp\(Nanosecond, None\), Int64\)'\. You might need to add explicit type casts\.\\n\\tCandidate functions:\\n\\tdate_part\(Utf8, Date32\)\\n\\tdate_part\(Utf8, Date64\)\\n\\tdate_part\(Utf8, Timestamp\(Second, None\)\)\\n\\tdate_part\(Utf8, Timestamp\(Microsecond, None\)\)\\n\\tdate_part\(Utf8, Timestamp\(Millisecond, None\)\)\\n\\tdate_part\(Utf8, Timestamp\(Nanosecond, None\)\)\\n\\tdate_part\(Utf8, Timestamp\(Nanosecond, Some\(\\"\+00:00\\"\)\)\)", metadata: MetadataMap \{ headers: \{"content\-type": "application/grpc", "date": "[^"]+", "content\-length": "0"\} \}, source: None \}
SELECT ALL COUNT(((+ (date_part(to_timestamp(5506560410096687103), 646540991)))/(((ascii(m0.t0))/(CAST(((1083032359)-(2350431228203406322)) AS BIGINT)))))) FROM m0;

query error Arrow error: Io error: Status \{ code: Internal, message: "Execute logical plan: Datafusion: type_coercion\\ncaused by\\nError during planning: Coercion from \[Utf8, Int64\] to the signature Uniform\(1, \[Utf8, LargeUtf8, Binary, LargeBinary\]\) failed\.", metadata: MetadataMap \{ headers: \{"content\-type": "application/grpc", "date": "[^"]+", "content\-length": "0"\} \}, source: None \}
SELECT ALL MIN(((CAST(((sha512(m4.t0, 5276657375400990514))||(0.64238298924366510345151937144692055881023406982421875)) AS STRING))||(((lower(m4.t0))||(CAST(nullif(to_timestamp(3545666633212459310), to_timestamp(4806347167177714527)) AS BOOLEAN)))))) FROM m4;

query error Arrow error: Io error: Status \{ code: Internal, message: "Build logical plan: Datafusion: Error during planning: Projection references non\-aggregate values: Expression m2\.f0 could not be resolved from available columns: \(\- m2\.f0\) \+ m2\.f0, VARIANCE\(m2\.t0 \|\| Boolean\(false\) \|\| lower\(m2\.t0\)\)", metadata: MetadataMap \{ headers: \{"content\-type": "application/grpc", "date": "[^"]+", "content\-length": "0"\} \}, source: None \}
SELECT to_timestamp(3639623551466415807), VAR(CAST(((((CAST(m2.t0 AS STRING))||(FALSE)))||(CAST(lower(m2.t0) AS BOOLEAN))) AS BIGINT)), ((((CAST(((TRUE)OR(TRUE)) AS DOUBLE))+(- (power(m2.f0, m2.f0)))))/(((((abs(m2.f0))/(((m2.f0)+(m2.f0)))))+(CAST(((-863538341)-(m2.f0)) AS DOUBLE))))), CAST(CAST(((m2.t1)LIKE(((m2.t0)||(m2.f0)))) AS DOUBLE) AS STRING), (FALSE) IS UNKNOWN FROM m2 GROUP BY CAST(((CAST(- (m2.f0) AS BIGINT))+(+ (+ (m2.f0)))) AS BOOLEAN);

query T rowsort
SELECT ALL m1.f2, m1.t0, m1.f1 FROM m1;
----
-1359365092 ".1'㔱鎫c9" true
-1628140570 "B" true
-25284663 "NULL" NULL
-803836627 "NULL" NULL
10435154 "8N] " false
1700015934 "NULL" NULL
NULL "" false
NULL "" true
NULL "" true
NULL "'9" false
NULL "4" false
NULL "NULL" NULL
NULL "NULL" NULL
NULL "NULL" NULL
NULL "NULL" NULL
NULL "NULL" false
NULL "NULL" false
NULL "NULL" true
NULL "NULL" true
NULL "pR" true
NULL "ꆪswp" false

query T rowsort
SELECT ALL m1.f2, m1.t0, m1.f1 FROM m1 WHERE ((NOT ((m1.f1) IS FALSE))OR(((CAST(CAST(to_timestamp(8351189039879735387) AS TIMESTAMP) AS STRING))LIKE(upper(m1.t0))))) UNION ALL SELECT ALL m1.f2, m1.t0, m1.f1 FROM m1 WHERE NOT (((NOT ((m1.f1) IS FALSE))OR(((CAST(CAST(to_timestamp(8351189039879735387) AS TIMESTAMP) AS STRING))LIKE(upper(m1.t0)))))) UNION ALL SELECT m1.f2, m1.t0, m1.f1 FROM m1 WHERE (((NOT ((m1.f1) IS FALSE))OR(((CAST(CAST(to_timestamp(8351189039879735387) AS TIMESTAMP) AS STRING))LIKE(upper(m1.t0)))))) IS NULL;
----
-1359365092 ".1'㔱鎫c9" true
-1628140570 "B" true
-25284663 "NULL" NULL
-803836627 "NULL" NULL
10435154 "8N] " false
1700015934 "NULL" NULL
NULL "" false
NULL "" true
NULL "" true
NULL "'9" false
NULL "4" false
NULL "NULL" NULL
NULL "NULL" NULL
NULL "NULL" NULL
NULL "NULL" NULL
NULL "NULL" true
NULL "NULL" true
NULL "pR" true
NULL "ꆪswp" false

query T rowsort
SELECT ALL SUM(0.1791777327083228232851297434535808861255645751953125) FROM m2;
----
1.4334218616665826

query T rowsort
SELECT SUM(agg0) FROM (SELECT SUM(0.1791777327083228232851297434535808861255645751953125)  as agg0 FROM m2 WHERE ((CAST((((m2.t2)||(to_timestamp(835455493559101443)))) BETWEEN (CAST(FALSE AS STRING)) AND (((m2.t1)||(m2.f0))) AS STRING))IS DISTINCT FROM(CAST(CAST(NULL AS BOOLEAN) AS STRING))) UNION ALL SELECT SUM(0.1791777327083228232851297434535808861255645751953125)  as agg0 FROM m2 WHERE NOT (((CAST((((m2.t2)||(to_timestamp(835455493559101443)))) BETWEEN (CAST(FALSE AS STRING)) AND (((m2.t1)||(m2.f0))) AS STRING))IS DISTINCT FROM(CAST(CAST(NULL AS BOOLEAN) AS STRING)))) UNION ALL SELECT SUM(0.1791777327083228232851297434535808861255645751953125)  as agg0 FROM m2 WHERE (((CAST((((m2.t2)||(to_timestamp(835455493559101443)))) BETWEEN (CAST(FALSE AS STRING)) AND (((m2.t1)||(m2.f0))) AS STRING))IS DISTINCT FROM(CAST(CAST(NULL AS BOOLEAN) AS STRING)))) IS NULL) as asdf;
----
NULL

query T rowsort
SELECT MIN(upper(ltrim(m4.t0))), 8241995052092137472, to_timestamp(1420762474) FROM m4 WHERE m4.f0 GROUP BY to_timestamp(1245061781115829928);
----
"NULL" 8241995052092137472 1970-01-01T00:00:01.420762474

query error Arrow error: Io error: Status \{ code: Internal, message: "Execute logical plan: Datafusion: Schema error: No field named m3\.t0\. Valid fields are \\"SUM\(Float64\(0\.8673060733213789\)\)\\"\.", metadata: MetadataMap \{ headers: \{"content\-type": "application/grpc", "date": "[^"]+", "content\-length": "0"\} \}, source: None \}
SELECT SUM(CAST(0.867306073321378878659970723674632608890533447265625 AS BIGINT)) FROM m3 ORDER BY m3.t0 ASC, m3.t1 DESC;

query error Arrow error: Io error: Status \{ code: Internal, message: "Execute logical plan: Datafusion: Schema error: No field named m4\.f0\. Valid fields are \\"SUM\(Int64\(6173720494491910995\) / Int64\(\-722951146\) \+ \(\- Int64\(2286332161917287486\)\)\)\\"\.", metadata: MetadataMap \{ headers: \{"content\-type": "application/grpc", "date": "[^"]+", "content\-length": "0"\} \}, source: None \}
SELECT ALL SUM(+ (CAST(((((6173720494491910995)/(-722951146)))+(- (2286332161917287486))) AS BIGINT))) FROM m4 ORDER BY m4.f0 ASC;

query T rowsort
SELECT MIN(to_timestamp(7882183390362573604)) FROM m3;
----
2219-10-11T23:23:10.362573604

# SELECT MIN(CAST(upper(((m2.t1)||(m2.t0))) AS STRING)) FROM m2;
query error Arrow error: Io error: Status \{ code: Internal, message: "Build logical plan: Datafusion: Error during planning: Projection references non\-aggregate values: Expression m2\.f0 could not be resolved from available columns: abs\(m2\.f0 \* m2\.f0\), MIN\(lower\(m2\.t0\)\)", metadata: MetadataMap \{ headers: \{"content\-type": "application/grpc", "date": "[^"]+", "content\-length": "0"\} \}, source: None \}
SELECT ALL MIN(lower(CAST(CAST(m2.t0 AS TIMESTAMP) AS STRING))), nullif(- (((m2.f0)%(-947921437))), ((CAST(m2.f0 AS BIGINT))+(signum(m2.f0)))), CAST(+ (nullif(LAST_VALUE(((abs(((m2.f1)+(m2.f1))))*(0.06312681672765962925808480576961301267147064208984375))) OVER (), m2.f0)) AS BIGINT) FROM m2 WHERE TRUE GROUP BY abs(CAST(((m2.f0)*(m2.f0)) AS DOUBLE));

# SELECT ALL COUNT(+ (CAST((CAST(to_timestamp(2356460173941980803) AS STRING)) BETWEEN (((m0.t0)||(-111984518))) AND (((m0.t0)||(to_timestamp(6203228890358326043)))) AS BIGINT))) FROM m0;
query error Arrow error: Io error: Status \{ code: Internal, message: "Build logical plan: Datafusion: Error during planning: No function matches the given name and argument types 'sha512\(Utf8, Int64\)'\. You might need to add explicit type casts\.\\n\\tCandidate functions:\\n\\tsha512\(Utf8/LargeUtf8/Binary/LargeBinary\)", metadata: MetadataMap \{ headers: \{"content\-type": "application/grpc", "date": "[^"]+", "content\-length": "0"\} \}, source: None \}
SELECT APPROX_DISTINCT(((((CAST(((((m4.t0)||(m4.f0)))LIKE(sha512(m4.t0, 1770468937))) AS BOOLEAN))OR(NOT ((1696028320) IN (1915148417, -1489213323)))))AND((('叫')LIKE(((((m4.t1)||(to_timestamp(8807354785024705230))))||(to_timestamp_seconds(-2017585442)))))))), (((((lower(m4.t0))||(CAST(m4.f0 AS DOUBLE))))LIKE(CAST(date_part(to_timestamp(1690585311883110656), 19144301) AS STRING)))) IS UNKNOWN, to_timestamp(787781639252801600) FROM m4 GROUP BY ((CAST(sha224(m4.t0, -210259778) AS BIGINT))+(CAST(((- (-438802549))*(+ (937422807))) AS BIGINT)));


query error Arrow error: Io error: Status \{ code: Internal, message: "Build logical plan: Datafusion: Error during planning: No function matches the given name and argument types 'sha256\(Utf8, Int64\)'\. You might need to add explicit type casts\.\\n\\tCandidate functions:\\n\\tsha256\(Utf8/LargeUtf8/Binary/LargeBinary\)", metadata: MetadataMap \{ headers: \{"content\-type": "application/grpc", "date": "[^"]+", "content\-length": "0"\} \}, source: None \}
SELECT ALL APPROX_DISTINCT(starts_with(sha256(m0.t0, -1540518692), lower(m0.t0))), - (DENSE_RANK() OVER ()) FROM m0 WHERE (tan(((m0.f0)/(-1681275164)))) BETWEEN (+ (((char_length(m0.t0))%(length(m0.t0))))) AND (nullif(CAST(TRUE AS DOUBLE), CAST(m0.f0 AS DOUBLE))) GROUP BY - (((((to_hex(m0.t0))%(- (-1733128081))))+(+ (((-231246403)%(-2126164981))))));

query error Arrow error: Io error: Status \{ code: Internal, message: "Execute logical plan: Datafusion: type_coercion\\ncaused by\\nError during planning: Coercion from \[Utf8, Int64\] to the signature Uniform\(1, \[Utf8, LargeUtf8, Binary, LargeBinary\]\) failed\.", metadata: MetadataMap \{ headers: \{"content\-type": "application/grpc", "date": "[^"]+", "content\-length": "0"\} \}, source: None \}
SELECT APPROX_DISTINCT(((nullif(0.28749989613174353753066725403186865150928497314453125, CAST(m0.f0 AS DOUBLE)))/(CAST(to_timestamp(3343272712533009394) AS DOUBLE)))), to_timestamp(3388760805158141239) FROM m0 GROUP BY CAST(sha224(CAST(-797615534 AS STRING), ((297153453615660218)-(-1995025255))) AS DOUBLE), to_timestamp(5468993521555465265);

query error Arrow error: Io error: Status \{ code: Internal, message: "Execute logical plan: Datafusion: Optimizer rule 'simplify_expressions' failed\\ncaused by\\nArrow error: Cast error: Cannot cast string 'MK\-' to value of Int64 type", metadata: MetadataMap \{ headers: \{"content\-type": "application/grpc", "date": "[^"]+", "content\-length": "0"\} \}, source: None \}
SELECT -1628140570, APPROX_DISTINCT(nullif(((ceil(-330630430))+(CAST('MK-' AS BIGINT))), CAST(CAST(to_timestamp(5468993521555465265) AS BOOLEAN) AS BIGINT))), to_timestamp(5822706182570567155) FROM m4 GROUP BY ((+ (+ (nullif(-1896535425, NULL))))-(CAST(abs(CAST(to_timestamp(3736111119423100286) AS BIGINT)) AS BIGINT)));

# SELECT COUNT(length(CAST(lower(m4.t0) AS STRING))) FROM m4;
query error Arrow error: Io error: Status \{ code: Internal, message: "Execute logical plan: Datafusion: type_coercion\\ncaused by\\nError during planning: Coercion from \[Utf8, Int64\] to the signature Uniform\(1, \[Utf8, LargeUtf8, Binary, LargeBinary\]\) failed\.", metadata: MetadataMap \{ headers: \{"content\-type": "application/grpc", "date": "[^"]+", "content\-length": "0"\} \}, source: None \}
SELECT ALL COUNT(CAST(CAST(sha224(m2.t0, m2.f0) AS BOOLEAN) AS BIGINT)) FROM m2;

# SELECT COUNT(CAST(CAST((((('0.8094767692308924')||(m3.t0)))||(to_timestamp(1277316360868259377))) AS TIMESTAMP) AS BIGINT)) FROM (select t0 from m3 order by t0);
query error Arrow error: Io error: Status \{ code: Internal, message: "Build logical plan: Datafusion: Error during planning: No function matches the given name and argument types 'split_part\(Utf8, Int64\)'\. You might need to add explicit type casts\.\\n\\tCandidate functions:\\n\\tsplit_part\(Utf8, Utf8, Int64\)\\n\\tsplit_part\(LargeUtf8, Utf8, Int64\)\\n\\tsplit_part\(Utf8, LargeUtf8, Int64\)\\n\\tsplit_part\(LargeUtf8, LargeUtf8, Int64\)", metadata: MetadataMap \{ headers: \{"content\-type": "application/grpc", "date": "[^"]+", "content\-length": "0"\} \}, source: None \}
SELECT APPROX_DISTINCT(starts_with(CAST(nullif(m3.f0, m3.f0) AS STRING), ((split_part(m3.t1, m3.f0))||(CAST((TRUE) IS TRUE AS BIGINT))))), LAST_VALUE(CAST(to_timestamp(1986281025171801323) AS BIGINT)) OVER () FROM m3 GROUP BY CAST(to_timestamp(399147416573161272) AS BIGINT);

query T rowsort
SELECT ALL m2.t2, m2.t0, m2.f0 FROM m2;
----
"" "" 19144301
"7825004207928641098" "n" NULL
"<[#n3Lb" "~!k" 297153453615660218
"A" "NULL" NULL
"NULL" "0.14928332458710802" NULL
"NULL" "sGh[2[*?Q" -719146430
"a7|*擘~3" "NULL" NULL
"sW" "4683132071972081202" NULL

query T rowsort
SELECT ALL m2.t2, m2.t0, m2.f0 FROM m2 WHERE ((to_timestamp(5637442142334377942)) IN (to_timestamp(1411002248829855741), to_timestamp(6197186186686642568))) IS UNKNOWN UNION ALL SELECT m2.t2, m2.t0, m2.f0 FROM m2 WHERE NOT (((to_timestamp(5637442142334377942)) IN (to_timestamp(1411002248829855741), to_timestamp(6197186186686642568))) IS UNKNOWN) UNION ALL SELECT ALL m2.t2, m2.t0, m2.f0 FROM m2 WHERE (((to_timestamp(5637442142334377942)) IN (to_timestamp(1411002248829855741), to_timestamp(6197186186686642568))) IS UNKNOWN) IS NULL;
----
"" "" 19144301
"7825004207928641098" "n" NULL
"<[#n3Lb" "~!k" 297153453615660218
"A" "NULL" NULL
"NULL" "0.14928332458710802" NULL
"NULL" "sGh[2[*?Q" -719146430
"a7|*擘~3" "NULL" NULL
"sW" "4683132071972081202" NULL

query T rowsort
SELECT COUNT(((- (abs(m3.f0)))%(CAST(to_timestamp(5532910437542032780) AS BIGINT)))) FROM m3;
----
12

query T rowsort
SELECT ALL m4.t0, m4.f0, m4.t1 FROM m4;
----
"NULL" false ""
"NULL" true "-719146430"
"NULL" true "NULL"
"NULL" true "NULL"
"NULL" true "["
"NULL" true "cU"
"NULL" true "m?gbg&)"


query T rowsort
SELECT m4.t1, m4.f0 FROM m4 ORDER BY m4.t0 DESC;
----
"" false
"-719146430" true
"NULL" true
"NULL" true
"[" true
"cU" true
"m?gbg&)" true

query error Arrow error: Io error: Status \{ code: Internal, message: "Execute logical plan: Datafusion: type_coercion\\ncaused by\\nError during planning: Coercion from \[Timestamp\(Nanosecond, None\), Int64\] to the signature OneOf\(\[Exact\(\[Utf8, Date32\]\), Exact\(\[Utf8, Date64\]\), Exact\(\[Utf8, Timestamp\(Second, None\)\]\), Exact\(\[Utf8, Timestamp\(Microsecond, None\)\]\), Exact\(\[Utf8, Timestamp\(Millisecond, None\)\]\), Exact\(\[Utf8, Timestamp\(Nanosecond, None\)\]\), Exact\(\[Utf8, Timestamp\(Nanosecond, Some\(\\"\+00:00\\"\)\)\]\)\]\) failed\.", metadata: MetadataMap \{ headers: \{"content\-type": "application/grpc", "date": "[^"]+", "content\-length": "0"\} \}, source: None \}
SELECT ALL m4.t1, m4.f0 FROM m4 WHERE (((upper(m4.t1))||(((date_part(to_timestamp(5984014646628397753), 305913132851513758))%(CAST(0.96451449702410518849404752472764812409877777099609375 AS BIGINT)))))) BETWEEN (CAST(to_timestamp(3149809037486110809) AS STRING)) AND (((((CAST(to_timestamp(231137900224185803) AS STRING))||(CAST(578740877 AS BIGINT))))||(ascii(m4.t1))));

query T rowsort
SELECT m1.t0, m1.f2, m1.f0, m1.f1 FROM m1;
----
"" NULL "IG" true
"" NULL "N粶i!cm+R." true
"" NULL "Y" false
"'9" NULL "Y" false
".1'㔱鎫c9" -1359365092 "\g" true
"4" NULL "7276138141691785489" false
"8N] " 10435154 "M" false
"B" -1628140570 ",p" true
"NULL" -25284663 "NULL" NULL
"NULL" -803836627 "NULL" NULL
"NULL" 1700015934 "Vb5P落ꦀ" NULL
"NULL" NULL "" NULL
"NULL" NULL "3309273192353118515" NULL
"NULL" NULL "9195442692708162668" NULL
"NULL" NULL "NULL" false
"NULL" NULL "NULL" false
"NULL" NULL "NULL" true
"NULL" NULL "NULL" true
"NULL" NULL "s" NULL
"pR" NULL "0.12602752741440792" true
"ꆪswp" NULL "\WY%" false

query T rowsort
SELECT ALL m1.t0, m1.f2, m1.f0, m1.f1 FROM m1 WHERE (((CAST(m1.f2 AS STRING))=(lower(m1.t0)))) IS NULL;
----
"" NULL "IG" true
"" NULL "N粶i!cm+R." true
"" NULL "Y" false
"'9" NULL "Y" false
"4" NULL "7276138141691785489" false
"NULL" -25284663 "NULL" NULL
"NULL" -803836627 "NULL" NULL
"NULL" 1700015934 "Vb5P落ꦀ" NULL
"NULL" NULL "" NULL
"NULL" NULL "3309273192353118515" NULL
"NULL" NULL "9195442692708162668" NULL
"NULL" NULL "NULL" false
"NULL" NULL "NULL" false
"NULL" NULL "NULL" true
"NULL" NULL "NULL" true
"NULL" NULL "s" NULL
"pR" NULL "0.12602752741440792" true
"ꆪswp" NULL "\WY%" false

query T rowsort
SELECT ALL m1.f1, m1.t0, m1.f0 FROM m1;
----
NULL "NULL" ""
NULL "NULL" "3309273192353118515"
NULL "NULL" "9195442692708162668"
NULL "NULL" "NULL"
NULL "NULL" "NULL"
NULL "NULL" "Vb5P落ꦀ"
NULL "NULL" "s"
false "" "Y"
false "'9" "Y"
false "4" "7276138141691785489"
false "8N] " "M"
false "NULL" "NULL"
false "NULL" "NULL"
false "ꆪswp" "\WY%"
true "" "IG"
true "" "N粶i!cm+R."
true ".1'㔱鎫c9" "\g"
true "B" ",p"
true "NULL" "NULL"
true "NULL" "NULL"
true "pR" "0.12602752741440792"

query T rowsort
SELECT ALL m1.f1, m1.t0, m1.f0 FROM m1 WHERE (0.1637306217148586373610896771424449980258941650390625) NOT IN (0.1378121591295953241029792479821480810642242431640625);
----
NULL "NULL" ""
NULL "NULL" "3309273192353118515"
NULL "NULL" "9195442692708162668"
NULL "NULL" "NULL"
NULL "NULL" "NULL"
NULL "NULL" "Vb5P落ꦀ"
NULL "NULL" "s"
false "" "Y"
false "'9" "Y"
false "4" "7276138141691785489"
false "8N] " "M"
false "NULL" "NULL"
false "NULL" "NULL"
false "ꆪswp" "\WY%"
true "" "IG"
true "" "N粶i!cm+R."
true ".1'㔱鎫c9" "\g"
true "B" ",p"
true "NULL" "NULL"
true "NULL" "NULL"
true "pR" "0.12602752741440792"

query T rowsort
SELECT m1.f1, m1.t0, m1.f0 FROM m1 WHERE NOT ((0.1637306217148586373610896771424449980258941650390625) NOT IN (0.1378121591295953241029792479821480810642242431640625));
----

query T rowsort
SELECT m1.f1, m1.t0, m1.f0 FROM m1 WHERE ((0.1637306217148586373610896771424449980258941650390625) NOT IN (0.1378121591295953241029792479821480810642242431640625)) IS NULL;
----


query T rowsort
SELECT MAX(CAST(to_timestamp(8533946640730015167) AS STRING)) FROM m4;
----
"2240-06-06T12:44:00.730015167"

query error Arrow error: Io error: Status \{ code: Internal, message: "Build logical plan: Datafusion: Error during planning: Projection references non\-aggregate values: Expression m4\.t0 could not be resolved from available columns: date_trunc\(lower\(m4\.t1\),nullif\(to_timestamp\(Int64\(1817508803306234552\)\),to_timestamp\(Int64\(8274834987112747415\)\)\)\), MAX\(to_timestamp\(Int64\(6228398798481774743\)\)\)", metadata: MetadataMap \{ headers: \{"content\-type": "application/grpc", "date": "[^"]+", "content\-length": "0"\} \}, source: None \}
SELECT MAX(to_timestamp(6228398798481774743)), ((upper(CAST(to_timestamp(6334441178718470838) AS STRING)))LIKE(CAST(left(-1574710339, m4.t0) AS STRING))), NTH_VALUE(((CAST(CAST(char_length(m4.t0) AS TIMESTAMP) AS STRING))||(((lower(m4.t0))||(((+ (-1162562121))*(CAST('GLdTN|' AS BIGINT))))))), - (((((ceil(2711922066700874240))%(+ (-1713600363))))/(-772474719)))) OVER () FROM m4 GROUP BY date_trunc(lower(m4.t1), nullif(to_timestamp(1817508803306234552), to_timestamp(8274834987112747415)));

query T rowsort
SELECT m2.f0 FROM m2;
----
-719146430
19144301
297153453615660218
NULL
NULL
NULL
NULL
NULL

query T rowsort
SELECT ALL m2.f0 FROM m2 WHERE ((m2.t1)LIKE(CAST(m2.f0 AS STRING))) UNION ALL SELECT m2.f0 FROM m2 WHERE NOT (((m2.t1)LIKE(CAST(m2.f0 AS STRING)))) UNION ALL SELECT m2.f0 FROM m2 WHERE (((m2.t1)LIKE(CAST(m2.f0 AS STRING)))) IS NULL;
----
-719146430
19144301
297153453615660218
NULL
NULL
NULL
NULL
NULL

query T rowsort
SELECT m4.f0, m4.t0, m4.t1 FROM m4;
----
false "NULL" ""
true "NULL" "-719146430"
true "NULL" "NULL"
true "NULL" "NULL"
true "NULL" "["
true "NULL" "cU"
true "NULL" "m?gbg&)"

query T rowsort
SELECT m4.f0, m4.t0, m4.t1 FROM m4 WHERE ((((((CAST(m4.t1 AS STRING))||(m4.t1)))>=(CAST(+ (706552087) AS STRING))))<=(CAST(((m4.f0) IN (TRUE, FALSE)) BETWEEN (starts_with(m4.t1, 'G[')) AND (((((m4.f0)OR(FALSE)))AND(m4.f0))) AS BOOLEAN)));
----
false "NULL" ""
true "NULL" "-719146430"
true "NULL" "["
true "NULL" "cU"
true "NULL" "m?gbg&)"

query error Arrow error: Io error: Status \{ code: Internal, message: "Build logical plan: Datafusion: Error during planning: Projection references non\-aggregate values: Expression m0\.t0 could not be resolved from available columns: m0\.t0, AVG\(signum\(\(\- m0\.f0\)\) / Int64\(\-1953357040\) % bit_length\(Utf8\(\\"\\n4Hjgt\\"\)\)\)", metadata: MetadataMap \{ headers: \{"content\-type": "application/grpc", "date": "[^"]+", "content\-length": "0"\} \}, source: None \}
SELECT ALL AVG(((signum(- (m0.f0)))/(((-1953357040)%(bit_length('
4Hjgt')))))), character_length(CAST(((m0.t0)LIKE('꼣')) AS STRING)), (CAST(m0.t0 AS STRING)) BETWEEN (m0.t0) AND (FIRST_VALUE(((CAST(CAST((FALSE) IS NOT UNKNOWN AS BIGINT) AS STRING))||(CAST(starts_with(m0.t0, m0.t0) AS DOUBLE)))) OVER ()) FROM m0 GROUP BY CAST(CAST(m0.t0 AS BIGINT) AS BIGINT);

query T rowsort
SELECT m0.f0, m0.t0 FROM m0;
----
0.10574448926145164 "2090966948559537515"
0.12530605778114434 "gh+1"
0.2994223801612098 "R"
0.33339264393462475 "0.20625602818030442"
0.4506382526815239 "z"
0.7365373850922812 "NULL"
0.7802602952255795 "NULL"
0.8266616373816802 "."
0.8910983143439503 "5468993521555465265"
0.9046718662186112 "_fq"

query error Arrow error: Io error: Status \{ code: Internal, message: "Execute logical plan: Datafusion: type_coercion\\ncaused by\\nError during planning: Coercion from \[Utf8, Int64\] to the signature Uniform\(1, \[Utf8, LargeUtf8, Binary, LargeBinary\]\) failed\.", metadata: MetadataMap \{ headers: \{"content\-type": "application/grpc", "date": "[^"]+", "content\-length": "0"\} \}, source: None \}
SELECT ALL m0.f0, m0.t0 FROM m0 WHERE CAST(((sha512(m0.t0, 342978812))LIKE(CAST(+ (m0.f0) AS STRING))) AS BOOLEAN);


statement error Arrow error: Io error: Status \{ code: Internal, message: "Build logical plan: sql parser error: Expected an SQL statement, found: c쏴Qt", metadata: MetadataMap \{ headers: \{"content\-type": "application/grpc", "date": "[^"]+", "content\-length": "0"\} \}, source: None \}
c쏴Qt', 'bf(h', 'a
SELECT ALL MIN(CAST(CAST(CAST(- (1738394718) AS DOUBLE) AS STRING) AS STRING)) FROM m0;


query T rowsort
SELECT m3.f0, m3.t0 FROM m3 ORDER BY m3.t0 ASC, m3.f0 DESC;
----
-1134968677 "NULL"
-1598798851 "c]_tcQrM"
-184853823 "NULL"
-2085716189 "NULL"
-370874632 "174906244"
-374901666 "NULL"
-534737513 "2939042495407010978"
-603220388 "0.4140742380785405"
1296743770 "O~"
796269585 "{\"
9065525203050843594 "0.002147298221788496"
951192745 "NULL"

query T rowsort
SELECT ALL m3.f0, m3.t0 FROM m3 WHERE CAST(+ (CAST(+ (0.01960700690734540341253477890859358012676239013671875) AS BIGINT)) AS BOOLEAN);
----

query T rowsort
SELECT SUM(log10(((- (0))+(- (5611604645754141134))))) FROM m4;
----
NaN

query T rowsort
SELECT COUNT(+ (abs(((m3.f0)%(m3.f0))))) FROM m3;
----
12

query error Arrow error: Io error: Status \{ code: Internal, message: "Execute logical plan: Datafusion: type_coercion\\ncaused by\\nError during planning: Coercion from \[Utf8, Utf8\] to the signature OneOf\(\[Exact\(\[Utf8, Utf8, Utf8\]\)\]\) failed\.", metadata: MetadataMap \{ headers: \{"content\-type": "application/grpc", "date": "[^"]+", "content\-length": "0"\} \}, source: None \}
SELECT SUM(agg0) FROM (SELECT COUNT(+ (abs(((m3.f0)%(m3.f0)))))  as agg0 FROM m3 WHERE starts_with(replace(((m3.t0)||(0.9983656595303163072685492807067930698394775390625)), lower(m3.t1)), CAST(CAST(((m3.f0)%(m3.f0)) AS BIGINT) AS STRING)) UNION ALL SELECT COUNT(+ (abs(((m3.f0)%(m3.f0)))))  as agg0 FROM m3 WHERE NOT (starts_with(replace(((m3.t0)||(0.9983656595303163072685492807067930698394775390625)), lower(m3.t1)), CAST(CAST(((m3.f0)%(m3.f0)) AS BIGINT) AS STRING))) UNION ALL SELECT ALL COUNT(+ (abs(((m3.f0)%(m3.f0)))))  as agg0 FROM m3 WHERE (starts_with(replace(((m3.t0)||(0.9983656595303163072685492807067930698394775390625)), lower(m3.t1)), CAST(CAST(((m3.f0)%(m3.f0)) AS BIGINT) AS STRING))) IS NULL) as asdf;


query T rowsort
SELECT ALL * FROM m3;
----
2034-07-14T08:19:58.970597255 "0.002147298221788496" "2350431228203406322" 9065525203050843594
2078-03-28T16:34:48.110090697 "NULL" "NULL" -1134968677
2092-05-24T08:20:59.464635599 "{\" "1889832286" 796269585
2142-09-14T01:44:58.274322724 "0.4140742380785405" "1067185949319247413" -603220388
2152-07-16T08:39:40.491443116 "NULL" "[%^TQVy8" 951192745
2163-05-05T02:15:50.563449153 "NULL" "NULL" -2085716189
2180-03-28T08:12:33.791616118 "O~" "NULL" 1296743770
2201-06-17T16:15:19.206898387 "NULL" "NULL" -374901666
2203-12-02T10:50:03.680827764 "c]_tcQrM" "	0" -1598798851
2219-07-14T20:44:42.556631665 "NULL" "NULL" -184853823
2219-09-21T05:13:52.659694555 "174906244" "*" -370874632
2237-09-15T01:30:45.664699102 "2939042495407010978" "os" -534737513

query T rowsort
SELECT * FROM m3 WHERE (CAST(NOT (NOT (FALSE)) AS BOOLEAN)) IS FALSE;
----
2034-07-14T08:19:58.970597255 "0.002147298221788496" "2350431228203406322" 9065525203050843594
2078-03-28T16:34:48.110090697 "NULL" "NULL" -1134968677
2092-05-24T08:20:59.464635599 "{\" "1889832286" 796269585
2142-09-14T01:44:58.274322724 "0.4140742380785405" "1067185949319247413" -603220388
2152-07-16T08:39:40.491443116 "NULL" "[%^TQVy8" 951192745
2163-05-05T02:15:50.563449153 "NULL" "NULL" -2085716189
2180-03-28T08:12:33.791616118 "O~" "NULL" 1296743770
2201-06-17T16:15:19.206898387 "NULL" "NULL" -374901666
2203-12-02T10:50:03.680827764 "c]_tcQrM" "	0" -1598798851
2219-07-14T20:44:42.556631665 "NULL" "NULL" -184853823
2219-09-21T05:13:52.659694555 "174906244" "*" -370874632
2237-09-15T01:30:45.664699102 "2939042495407010978" "os" -534737513

query T rowsort
SELECT ALL * FROM m3 WHERE NOT ((CAST(NOT (NOT (FALSE)) AS BOOLEAN)) IS FALSE);
----

query T rowsort
SELECT * FROM m3 WHERE ((CAST(NOT (NOT (FALSE)) AS BOOLEAN)) IS FALSE) IS NULL;
----


query error Arrow error: Io error: Status \{ code: Internal, message: "Execute logical plan: Datafusion: Optimizer rule 'simplify_expressions' failed\\ncaused by\\nArrow error: Cast error: Cannot cast string '2049\-07\-22T03:35:27\.003615738' to value of Int64 type", metadata: MetadataMap \{ headers: \{"content\-type": "application/grpc", "date": "[^"]+", "content\-length": "0"\} \}, source: None \}
SELECT ALL COUNT(((CAST(CAST(CAST(to_timestamp(2510537727003615738) AS STRING) AS BIGINT) AS BIGINT))+(length(((m3.t0)||(0.34254464117794747313183734149788506329059600830078125)))))) FROM m3;

# SELECT m4.t1 FROM m4;
query T rowsort
SELECT m4.t1 FROM m4 WHERE NOT (m4.f0) UNION ALL SELECT m4.t1 FROM m4 WHERE NOT (NOT (m4.f0)) UNION ALL SELECT ALL m4.t1 FROM m4 WHERE (NOT (m4.f0)) IS NULL;
----
""
"-719146430"
"NULL"
"NULL"
"["
"cU"
"m?gbg&)"

query T rowsort
SELECT m4.t1, m4.t0, m4.f0 FROM m4;
----
"" "NULL" false
"-719146430" "NULL" true
"NULL" "NULL" true
"NULL" "NULL" true
"[" "NULL" true
"cU" "NULL" true
"m?gbg&)" "NULL" true

query T rowsort
SELECT ALL m4.t1, m4.t0, m4.f0 FROM m4 WHERE starts_with((((('%0T.')||(m4.f0)))||(upper(m4.t0))), ((m4.t0)||(to_timestamp(6708557946101536278)))) UNION ALL SELECT m4.t1, m4.t0, m4.f0 FROM m4 WHERE NOT (starts_with((((('%0T.')||(m4.f0)))||(upper(m4.t0))), ((m4.t0)||(to_timestamp(6708557946101536278))))) UNION ALL SELECT ALL m4.t1, m4.t0, m4.f0 FROM m4 WHERE (starts_with((((('%0T.')||(m4.f0)))||(upper(m4.t0))), ((m4.t0)||(to_timestamp(6708557946101536278))))) IS NULL;
----
"" "NULL" false
"-719146430" "NULL" true
"NULL" "NULL" true
"NULL" "NULL" true
"[" "NULL" true
"cU" "NULL" true
"m?gbg&)" "NULL" true

query T rowsort
SELECT ALL m4.t0, m4.f0 FROM m4;
----
"NULL" false
"NULL" true
"NULL" true
"NULL" true
"NULL" true
"NULL" true
"NULL" true

query T rowsort
SELECT ALL m4.t0, m4.f0 FROM m4 WHERE NOT (((NOT ((m4.f0) IS NOT UNKNOWN))OR(((CAST(FALSE AS STRING))LIKE(CAST(m4.t1 AS STRING))))));
----
"NULL" false
"NULL" true
"NULL" true
"NULL" true
"NULL" true

query T rowsort
SELECT ALL MIN(translate(CAST(((m0.t0)||(m0.f0)) AS STRING), m0.t0, ((md5(m0.t0))||(CAST(2514633243509548633 AS BIGINT))))) FROM m0;
----
"5058266616373816802"

query T rowsort
SELECT ALL m4.f0, m4.t0, m4.t1 FROM m4;
----
false "NULL" ""
true "NULL" "-719146430"
true "NULL" "NULL"
true "NULL" "NULL"
true "NULL" "["
true "NULL" "cU"
true "NULL" "m?gbg&)"


query T rowsort
SELECT m4.t1, m4.f0, m4.t0 FROM m4;
----
"" false "NULL"
"-719146430" true "NULL"
"NULL" true "NULL"
"NULL" true "NULL"
"[" true "NULL"
"cU" true "NULL"
"m?gbg&)" true "NULL"

query T rowsort
SELECT m4.t1, m4.f0, m4.t0 FROM m4 WHERE m4.f0;
----
"-719146430" true "NULL"
"NULL" true "NULL"
"NULL" true "NULL"
"[" true "NULL"
"cU" true "NULL"
"m?gbg&)" true "NULL"

query T rowsort
SELECT ALL m4.t1, m4.f0, m4.t0 FROM m4 WHERE NOT (m4.f0);
----
"" false "NULL"

query T rowsort
SELECT ALL m4.t1, m4.f0, m4.t0 FROM m4 WHERE (m4.f0) IS NULL;
----


# SELECT ALL MAX(+ (CAST(((CAST(TRUE AS STRING))||(+ (m3.f0))) AS DOUBLE))) FROM m3;
query T rowsort
SELECT ALL MIN(((((- (((2816775355401660872)*(-138267314))))%(CAST(CAST(5611604645754140672 AS BOOLEAN) AS BIGINT))))-(CAST(+ (((768014761)%(-1280188786))) AS BIGINT)))) FROM m4;
----
-768014761

query T rowsort
SELECT m3.f0, m3.t1, m3.t0 FROM m3;
----
-1134968677 "NULL" "NULL"
-1598798851 "	0" "c]_tcQrM"
-184853823 "NULL" "NULL"
-2085716189 "NULL" "NULL"
-370874632 "*" "174906244"
-374901666 "NULL" "NULL"
-534737513 "os" "2939042495407010978"
-603220388 "1067185949319247413" "0.4140742380785405"
1296743770 "NULL" "O~"
796269585 "1889832286" "{\"
9065525203050843594 "2350431228203406322" "0.002147298221788496"
951192745 "[%^TQVy8" "NULL"

query T rowsort
SELECT ALL m3.f0, m3.t1, m3.t0 FROM m3 WHERE FALSE;
----

query T rowsort
SELECT m3.f0, m3.t1, m3.t0 FROM m3 WHERE NOT (FALSE);
----
-1134968677 "NULL" "NULL"
-1598798851 "	0" "c]_tcQrM"
-184853823 "NULL" "NULL"
-2085716189 "NULL" "NULL"
-370874632 "*" "174906244"
-374901666 "NULL" "NULL"
-534737513 "os" "2939042495407010978"
-603220388 "1067185949319247413" "0.4140742380785405"
1296743770 "NULL" "O~"
796269585 "1889832286" "{\"
9065525203050843594 "2350431228203406322" "0.002147298221788496"
951192745 "[%^TQVy8" "NULL"

query T rowsort
SELECT m3.f0, m3.t1, m3.t0 FROM m3 WHERE (FALSE) IS NULL;
----

# SELECT AVG(((CAST(CAST(CAST(m1.t0 AS BIGINT) AS STRING) AS BIGINT))%(nullif(- (m1.f2), CAST(m1.t0 AS BIGINT))))), m1.f2 FROM m1 GROUP BY m1.f2, + (CAST(((m1.t0) IS NULL) IS NOT UNKNOWN AS BIGINT));
# SELECT SUM(CAST(lower(CAST(m0.f0 AS STRING)) AS BIGINT)) FROM m0;

query error Arrow error: Io error: Status \{ code: Internal, message: "Build logical plan: Datafusion: Error during planning: Projection references non\-aggregate values: Expression m0\.t0 could not be resolved from available columns: m0\.t0 \|\| Int64\(1252075524\), MIN\(upper\(Boolean\(true\)\) \|\| \(\- Int64\(399102672\)\) \* octet_length\(m0\.t0\) / nullif\(Int64\(9128294059941661688\),Int64\(467224302\)\)\)", metadata: MetadataMap \{ headers: \{"content\-type": "application/grpc", "date": "[^"]+", "content\-length": "0"\} \}, source: None \}
SELECT MIN(((upper(CAST(TRUE AS STRING)))||(((((- (399102672))*(octet_length(m0.t0))))/(nullif(9128294059941661688, 467224302)))))), to_timestamp(4855360540374673284), upper(CAST(((m0.t0)LIKE(m0.t0)) AS STRING)), LAST_VALUE((2939004359518327808) BETWEEN (- (((((4937133)/(4427397264085496521)))-(tan(m0.f0))))) AND (CAST(CAST(((-1544300553)+(m0.f0)) AS BIGINT) AS BIGINT))) OVER () FROM m0 WHERE starts_with(md5(((m0.t0)||(to_timestamp(8820075756143557622)))), lower(m0.t0)) GROUP BY ((m0.t0)||(CAST(CAST(CAST(1252075524 AS STRING) AS BOOLEAN) AS DOUBLE)));

# SELECT ALL m0.t0 FROM m0;
# SELECT ALL m0.t0 FROM m0 WHERE starts_with(CAST(to_timestamp(478977302) AS STRING), CAST(((to_timestamp(8006640204818161035)) IS NULL) IS NOT UNKNOWN AS STRING)) UNION ALL SELECT m0.t0 FROM m0 WHERE NOT (starts_with(CAST(to_timestamp(478977302) AS STRING), CAST(((to_timestamp(8006640204818161035)) IS NULL) IS NOT UNKNOWN AS STRING))) UNION ALL SELECT ALL m0.t0 FROM m0 WHERE (starts_with(CAST(to_timestamp(478977302) AS STRING), CAST(((to_timestamp(8006640204818161035)) IS NULL) IS NOT UNKNOWN AS STRING))) IS NULL;

query error Arrow error: Io error: Status \{ code: Internal, message: "Build logical plan: Datafusion: Error during planning: Projection references non\-aggregate values: Expression m4\.f0 could not be resolved from available columns: signum\(character_length\(m4\.t0\)\), to_timestamp\(Int64\(6170051412553477739\)\), APPROX_DISTINCT\(Float64\(0\.37075412005855635\) NOT IN \(Map \{ iter: Iter\(\[Literal\(Utf8\(\\"de䟾3\\"\)\), Literal\(Utf8\(\\"\\"\)\)\]\) \}\) IS NOT UNKNOWN\)", metadata: MetadataMap \{ headers: \{"content\-type": "application/grpc", "date": "[^"]+", "content\-length": "0"\} \}, source: None \}
SELECT ALL APPROX_DISTINCT(((CAST(0.37075412005855634678397336756461299955844879150390625 AS STRING)) NOT IN ('de䟾3', '')) IS NOT UNKNOWN), LAST_VALUE(CAST(((+ (CAST(0.09722155698417711544578878601896576583385467529296875 AS BIGINT)))/(((signum(0.15394007375210916332974875331274233758449554443359375))%(CAST(m4.f0 AS BIGINT))))) AS STRING)) OVER () FROM m4 WHERE starts_with(CAST(((m4.t1)||(to_timestamp(5752901325401212724))) AS STRING), CAST(m4.f0 AS STRING)) GROUP BY signum(+ (character_length(m4.t0))), CAST(to_timestamp(6170051412553477739) AS BOOLEAN);

query T rowsort
SELECT ALL m2.t1, m2.f0, m2.f1 FROM m2;
----
"I" NULL 0.545203526083238
"NULL" -719146430 0.6378605229934808
"NULL" 19144301 1.692022416413119e18
"NULL" 297153453615660218 NULL
"NULL" NULL -1.7976931348623157e308
"NULL" NULL 0.023124446446508462
"NULL" NULL 0.3542197858214864
"NULL" NULL 0.5472766860985457


# SELECT m4.t0 FROM m4;
query T rowsort
SELECT ALL m4.t0 FROM m4 WHERE (((CAST(((m4.t0)LIKE(m4.t0)) AS STRING)) BETWEEN (upper(m4.t0)) AND (CAST(cos(-1448295255) AS STRING)))OR((CAST(m4.f0 AS BIGINT)) IN (-59390195, 1934072806)));
----

# SELECT m2.t2, m2.t1, m2.t0 FROM m2;
# SELECT ALL m2.t2, m2.t1, m2.t0 FROM m2 WHERE CAST(CAST((to_timestamp(2627059993022097292)) NOT IN (to_timestamp(1388452519926934214)) AS STRING) AS BOOLEAN);
query T rowsort
SELECT to_timestamp(7372512014914329287), to_timestamp(2411196111338391027), (TRUE) IS NOT UNKNOWN FROM m3 WHERE (CAST(to_timestamp(321422374792865636) AS TIMESTAMP)) IN (to_timestamp(4466359844654811223)) GROUP BY 0.95081936819142998107423636611201800405979156494140625, CAST(starts_with(CAST(m3.t1 AS STRING), ((m3.t0)||(TRUE))) AS BOOLEAN), + (abs(length(m3.t0)));
----

query T rowsort
SELECT ALL MIN(2514633243509548544) FROM m3;
----
2514633243509548544

# SELECT MIN(agg0) FROM (SELECT ALL MIN(2514633243509548544)  as agg0 FROM m3 WHERE (((m3.t0)||(length(m3.t0)))) BETWEEN (((lower(m3.t1))||(CAST(CAST(0.9983656595303163072685492807067930698394775390625 AS BOOLEAN) AS BIGINT)))) AND (concat_ws(CAST(0.69918376838401974371350888759479857981204986572265625 AS STRING), CAST(to_timestamp(4679177771520246017) AS STRING))) UNION ALL SELECT ALL MIN(2514633243509548544)  as agg0 FROM m3 WHERE NOT ((((m3.t0)||(length(m3.t0)))) BETWEEN (((lower(m3.t1))||(CAST(CAST(0.9983656595303163072685492807067930698394775390625 AS BOOLEAN) AS BIGINT)))) AND (concat_ws(CAST(0.69918376838401974371350888759479857981204986572265625 AS STRING), CAST(to_timestamp(4679177771520246017) AS STRING)))) UNION ALL SELECT MIN(2514633243509548544)  as agg0 FROM m3 WHERE ((((m3.t0)||(length(m3.t0)))) BETWEEN (((lower(m3.t1))||(CAST(CAST(0.9983656595303163072685492807067930698394775390625 AS BOOLEAN) AS BIGINT)))) AND (concat_ws(CAST(0.69918376838401974371350888759479857981204986572265625 AS STRING), CAST(to_timestamp(4679177771520246017) AS STRING)))) IS NULL) as asdf;
# SELECT COUNT(+ (+ (((octet_length(m0.t0))*(ascii(m0.t0)))))) FROM m0;
# SELECT SUM(agg0) FROM (SELECT COUNT(+ (+ (((octet_length(m0.t0))*(ascii(m0.t0))))))  as agg0 FROM m0 WHERE NOT (CAST((CAST(-778818536 AS DOUBLE)) BETWEEN (sin(m0.f0)) AND (nullif(0.960536205831008516042857081629335880279541015625, m0.f0)) AS BOOLEAN)) UNION ALL SELECT COUNT(+ (+ (((octet_length(m0.t0))*(ascii(m0.t0))))))  as agg0 FROM m0 WHERE NOT (NOT (CAST((CAST(-778818536 AS DOUBLE)) BETWEEN (sin(m0.f0)) AND (nullif(0.960536205831008516042857081629335880279541015625, m0.f0)) AS BOOLEAN))) UNION ALL SELECT ALL COUNT(+ (+ (((octet_length(m0.t0))*(ascii(m0.t0))))))  as agg0 FROM m0 WHERE (NOT (CAST((CAST(-778818536 AS DOUBLE)) BETWEEN (sin(m0.f0)) AND (nullif(0.960536205831008516042857081629335880279541015625, m0.f0)) AS BOOLEAN))) IS NULL GROUP BY - (((length(m0.t0))+(m0.f0)))) as asdf;
query T rowsort
SELECT MAX(ascii(m1.f0)) FROM m1;
----
115

query T rowsort
SELECT MAX(agg0) FROM (SELECT MAX(ascii(m1.f0))  as agg0 FROM m1 WHERE (to_timestamp(1057164731485686238)) NOT IN (to_timestamp(7359464724405630432), to_timestamp(5599708812752730805)) UNION ALL SELECT ALL MAX(ascii(m1.f0))  as agg0 FROM m1 WHERE NOT ((to_timestamp(1057164731485686238)) NOT IN (to_timestamp(7359464724405630432), to_timestamp(5599708812752730805))) UNION ALL SELECT MAX(ascii(m1.f0))  as agg0 FROM m1 WHERE ((to_timestamp(1057164731485686238)) NOT IN (to_timestamp(7359464724405630432), to_timestamp(5599708812752730805))) IS NULL) as asdf;
----
115

query T rowsort
SELECT ALL m0.t0, m0.f0 FROM m0;
----
"." 0.8266616373816802
"0.20625602818030442" 0.33339264393462475
"2090966948559537515" 0.10574448926145164
"5468993521555465265" 0.8910983143439503
"NULL" 0.7365373850922812
"NULL" 0.7802602952255795
"R" 0.2994223801612098
"_fq" 0.9046718662186112
"gh+1" 0.12530605778114434
"z" 0.4506382526815239

query error Arrow error: Io error: Status \{ code: Internal, message: "Execute logical plan: Datafusion: Optimizer rule 'simplify_expressions' failed\\ncaused by\\nExecution error: requested character too large for encoding\.", metadata: MetadataMap \{ headers: \{"content\-type": "application/grpc", "date": "[^"]+", "content\-length": "0"\} \}, source: None \}
SELECT ALL m0.t0, m0.f0 FROM m0 WHERE CAST(((chr(-1451131455))||(((lower(m0.t0))||(bit_length(m0.t0))))) AS BOOLEAN);

query error Arrow error: Io error: Status \{ code: Internal, message: "Build logical plan: Datafusion: Error during planning: No function matches the given name and argument types 'sha384\(Int64, Int64\)'\. You might need to add explicit type casts\.\\n\\tCandidate functions:\\n\\tsha384\(Utf8/LargeUtf8/Binary/LargeBinary\)", metadata: MetadataMap \{ headers: \{"content\-type": "application/grpc", "date": "[^"]+", "content\-length": "0"\} \}, source: None \}
SELECT strpos(sha224(sha384(APPROX_DISTINCT(CAST(nullif(to_timestamp(4597366114630080360), to_timestamp(8215830469954068344)) AS STRING)), 6124233948067296018), strpos(m4.t0, m4.t1)), CAST(CAST((('Z?haC')LIKE(m4.t1)) AS BOOLEAN) AS STRING)), + (RANK() OVER ()) FROM m4 WHERE (((CAST(NOT (m4.f0) AS BIGINT)) IS NOT NULL)OR((to_timestamp(436219129519759)) NOT IN (to_timestamp(3940292523846949922), to_timestamp(5111777887945794255)))) GROUP BY ((CAST(to_timestamp(5196891407655727198) AS BIGINT))/(((((CAST(m4.f0 AS BIGINT))%(signum(0.03792520184773018332435867705498822033405303955078125))))+(- (CAST(m4.t0 AS BIGINT)))))), (- (CAST(5468993521555465265 AS BIGINT))) IN (0.84055022234616305620846787860500626266002655029296875, 0.7143613343209260779786973216687329113483428955078125, 0.32316577111565913948965089730336330831050872802734375);


query T rowsort
SELECT m2.t1, m2.t2, m2.f1, m2.f0, m2.t0 FROM m2;
----
"I" "A" 0.545203526083238 NULL "NULL"
"NULL" "" 1.692022416413119e18 19144301 ""
"NULL" "7825004207928641098" 0.023124446446508462 NULL "n"
"NULL" "<[#n3Lb" NULL 297153453615660218 "~!k"
"NULL" "NULL" -1.7976931348623157e308 NULL "0.14928332458710802"
"NULL" "NULL" 0.6378605229934808 -719146430 "sGh[2[*?Q"
"NULL" "a7|*擘~3" 0.3542197858214864 NULL "NULL"
"NULL" "sW" 0.5472766860985457 NULL "4683132071972081202"

query error Arrow error: Io error: Status \{ code: Internal, message: "Execute logical plan: Datafusion: type_coercion\\ncaused by\\nError during planning: Coercion from \[Utf8, Int64\] to the signature Uniform\(1, \[Utf8, LargeUtf8, Binary, LargeBinary\]\) failed\.", metadata: MetadataMap \{ headers: \{"content\-type": "application/grpc", "date": "[^"]+", "content\-length": "0"\} \}, source: None \}
SELECT m2.t1, m2.t2, m2.f1, m2.f0, m2.t0 FROM m2 WHERE (CAST(+ (CAST(TRUE AS DOUBLE)) AS STRING)) BETWEEN (((((sha384(m2.t0, m2.f0))||(m2.f0)))||(CAST(((m2.t2)!=(m2.t0)) AS TIMESTAMP)))) AND (((((((m2.t0)||(m2.t1)))||(upper(m2.t0))))||(((CAST(4683132071972081202 AS BIGINT))>(CAST(m2.f1 AS BIGINT)))))) UNION ALL SELECT ALL m2.t1, m2.t2, m2.f1, m2.f0, m2.t0 FROM m2 WHERE NOT ((CAST(+ (CAST(TRUE AS DOUBLE)) AS STRING)) BETWEEN (((((sha384(m2.t0, m2.f0))||(m2.f0)))||(CAST(((m2.t2)!=(m2.t0)) AS TIMESTAMP)))) AND (((((((m2.t0)||(m2.t1)))||(upper(m2.t0))))||(((CAST(4683132071972081202 AS BIGINT))>(CAST(m2.f1 AS BIGINT))))))) UNION ALL SELECT ALL m2.t1, m2.t2, m2.f1, m2.f0, m2.t0 FROM m2 WHERE ((CAST(+ (CAST(TRUE AS DOUBLE)) AS STRING)) BETWEEN (((((sha384(m2.t0, m2.f0))||(m2.f0)))||(CAST(((m2.t2)!=(m2.t0)) AS TIMESTAMP)))) AND (((((((m2.t0)||(m2.t1)))||(upper(m2.t0))))||(((CAST(4683132071972081202 AS BIGINT))>(CAST(m2.f1 AS BIGINT))))))) IS NULL;

query T rowsort
SELECT COUNT(((- (- (((-1485620479)/(-25284663)))))-(length(lower(''))))) FROM m0;
----
10

# SELECT SUM(agg0) FROM (SELECT ALL COUNT(((- (- (((-1485620479)/(-25284663)))))-(length(lower('')))))  as agg0 FROM m0 WHERE (upper(m0.t0)) IN ('O') UNION ALL SELECT COUNT(((- (- (((-1485620479)/(-25284663)))))-(length(lower('')))))  as agg0 FROM m0 WHERE NOT ((upper(m0.t0)) IN ('O')) UNION ALL SELECT ALL COUNT(((- (- (((-1485620479)/(-25284663)))))-(length(lower('')))))  as agg0 FROM m0 WHERE ((upper(m0.t0)) IN ('O')) IS NULL) as asdf;
query T rowsort
SELECT m2.t1, m2.f1, m2.t2 FROM m2;
----
"I" 0.545203526083238 "A"
"NULL" -1.7976931348623157e308 "NULL"
"NULL" 0.023124446446508462 "7825004207928641098"
"NULL" 0.3542197858214864 "a7|*擘~3"
"NULL" 0.5472766860985457 "sW"
"NULL" 0.6378605229934808 "NULL"
"NULL" 1.692022416413119e18 ""
"NULL" NULL "<[#n3Lb"

query T rowsort
SELECT ALL m2.t1, m2.f1, m2.t2 FROM m2 WHERE (lower(m2.t0)) NOT IN ('/bt_*&3', '', 'g[');
----
"NULL" -1.7976931348623157e308 "NULL"
"NULL" 0.023124446446508462 "7825004207928641098"
"NULL" 0.5472766860985457 "sW"
"NULL" 0.6378605229934808 "NULL"
"NULL" NULL "<[#n3Lb"

query T rowsort
SELECT m2.t1, m2.f1, m2.t2 FROM m2 WHERE NOT ((lower(m2.t0)) NOT IN ('/bt_*&3', '', 'g['));
----
"NULL" 1.692022416413119e18 ""

query T rowsort
SELECT m2.t1, m2.f1, m2.t2 FROM m2 WHERE ((lower(m2.t0)) NOT IN ('/bt_*&3', '', 'g[')) IS NULL;
----
"I" 0.545203526083238 "A"
"NULL" 0.3542197858214864 "a7|*擘~3"

query T rowsort
SELECT ALL COUNT(CAST(to_timestamp(4110526935488757249) AS BIGINT)) FROM m4;
----
7


# SELECT MIN(CAST(NOT (starts_with(m4.t1, m4.t1)) AS BIGINT)) FROM m4;
query T rowsort
SELECT m0.t0, m0.f0 FROM m0 ORDER BY m0.t0 DESC;
----
"." 0.8266616373816802
"0.20625602818030442" 0.33339264393462475
"2090966948559537515" 0.10574448926145164
"5468993521555465265" 0.8910983143439503
"NULL" 0.7365373850922812
"NULL" 0.7802602952255795
"R" 0.2994223801612098
"_fq" 0.9046718662186112
"gh+1" 0.12530605778114434
"z" 0.4506382526815239

query T rowsort
SELECT m0.t0, m0.f0 FROM m0 WHERE (to_timestamp(4574481942495841991)) IS NULL UNION ALL SELECT ALL m0.t0, m0.f0 FROM m0 WHERE NOT ((to_timestamp(4574481942495841991)) IS NULL) UNION ALL SELECT m0.t0, m0.f0 FROM m0 WHERE ((to_timestamp(4574481942495841991)) IS NULL) IS NULL;
----
"." 0.8266616373816802
"0.20625602818030442" 0.33339264393462475
"2090966948559537515" 0.10574448926145164
"5468993521555465265" 0.8910983143439503
"NULL" 0.7365373850922812
"NULL" 0.7802602952255795
"R" 0.2994223801612098
"_fq" 0.9046718662186112
"gh+1" 0.12530605778114434
"z" 0.4506382526815239

# SELECT ALL COUNT(((CAST(to_timestamp(267163008722010601) AS BIGINT))-(bit_length(((m1.t0)||(to_timestamp(2848176304628393932))))))) FROM m1;
query T rowsort
SELECT ALL * FROM m1;
----
1975-11-05T14:04:43.612200364 "B" ",p" true -1628140570
1980-10-25T06:25:25.816519819 "NULL" "3309273192353118515" NULL NULL
1987-12-28T20:38:52.927164807 ".1'㔱鎫c9" "\g" true -1359365092
1988-03-30T01:56:00.965763765 "" "N粶i!cm+R." true NULL
2007-10-06T00:38:27.457969673 "NULL" "9195442692708162668" NULL NULL
2009-09-13T16:29:18.085287398 "pR" "0.12602752741440792" true NULL
2010-09-19T21:44:04.367558414 "NULL" "s" NULL NULL
2035-06-29T00:54:54.277386248 "ꆪswp" "\WY%" false NULL
2053-11-01T12:50:56.296351398 "4" "7276138141691785489" false NULL
2079-03-11T07:28:43.472776741 "NULL" "NULL" false NULL
2093-05-30T21:18:12.135729687 "NULL" "NULL" NULL -803836627
2096-11-27T20:17:54.743297811 "NULL" "NULL" false NULL
2109-08-05T08:47:35.254137840 "NULL" "NULL" true NULL
2113-05-08T14:21:04.976555956 "" "IG" true NULL
2114-05-16T13:40:08.464455397 "NULL" "NULL" NULL -25284663
2116-10-14T03:28:31.642511003 "NULL" "" NULL NULL
2128-10-06T16:22:16.173590510 "NULL" "NULL" true NULL
2144-01-10T11:29:20.282782714 "NULL" "Vb5P落ꦀ" NULL 1700015934
2152-09-07T20:05:04.647749526 "'9" "Y" false NULL
2159-06-30T10:56:12.620384424 "8N] " "M" false 10435154
2190-12-04T14:14:41.441287817 "" "Y" false NULL

query error Arrow error: Io error: Status \{ code: Internal, message: "Execute logical plan: Datafusion: Optimizer rule 'simplify_expressions' failed\\ncaused by\\nArrow error: Cast error: Cannot cast value '2213\-11\-22t09:48:55\.177197468' to value of Boolean type", metadata: MetadataMap \{ headers: \{"content\-type": "application/grpc", "date": "[^"]+", "content\-length": "0"\} \}, source: None \}
SELECT ALL * FROM m1 WHERE CAST(lower(CAST(to_timestamp(7696460935177197468) AS STRING)) AS BOOLEAN) UNION ALL SELECT ALL * FROM m1 WHERE NOT (CAST(lower(CAST(to_timestamp(7696460935177197468) AS STRING)) AS BOOLEAN)) UNION ALL SELECT * FROM m1 WHERE (CAST(lower(CAST(to_timestamp(7696460935177197468) AS STRING)) AS BOOLEAN)) IS NULL;

query error Arrow error: Io error: Status \{ code: Internal, message: "Execute logical plan: Datafusion: Optimizer rule 'simplify_expressions' failed\\ncaused by\\nThis feature is not implemented: Unsupported CAST from Float64 to Timestamp\(Nanosecond, None\)", metadata: MetadataMap \{ headers: \{"content\-type": "application/grpc", "date": "[^"]+", "content\-length": "0"\} \}, source: None \}
SELECT ALL CAST(0.777455235893071527897291161934845149517059326171875 AS TIMESTAMP), nullif(MIN(CAST(1714551991 AS DOUBLE)), abs(-1878108454)), to_timestamp(5337259097400348238) FROM m4 GROUP BY char_length(CAST(((-2100552938)/(253168118)) AS STRING)), ((0.84611214952917068732318739421316422522068023681640625)*(((+ (CAST(m4.t0 AS BIGINT)))/(0.85192987026783928428130820975638926029205322265625))));

query error Arrow error: Io error: Status \{ code: Internal, message: "Build logical plan: Datafusion: Error during planning: Invalid function 'regex_replace'\.\\nDid you mean 'regexp_replace'\?", metadata: MetadataMap \{ headers: \{"content\-type": "application/grpc", "date": "[^"]+", "content\-length": "0"\} \}, source: None \}
SELECT ((ARRAY_AGG(upper(regex_replace(m3.t0, m3.t0))))||(CAST((to_timestamp(5929065320636968792)) IN (to_timestamp(871593834617987522), to_timestamp(2552336904341532176)) AS STRING))), + (CAST(FIRST_VALUE(to_timestamp(6687693621343321678)) OVER () AS BIGINT)) FROM m3 GROUP BY length(upper(m3.t0));

query T rowsort
SELECT ALL m0.t0, m0.f0 FROM m0;
----
"." 0.8266616373816802
"0.20625602818030442" 0.33339264393462475
"2090966948559537515" 0.10574448926145164
"5468993521555465265" 0.8910983143439503
"NULL" 0.7365373850922812
"NULL" 0.7802602952255795
"R" 0.2994223801612098
"_fq" 0.9046718662186112
"gh+1" 0.12530605778114434
"z" 0.4506382526815239

query T rowsort
SELECT ALL m0.t0, m0.f0 FROM m0 WHERE CAST(- (CAST(CAST(-918110011 AS DOUBLE) AS BIGINT)) AS BOOLEAN) UNION ALL SELECT ALL m0.t0, m0.f0 FROM m0 WHERE NOT (CAST(- (CAST(CAST(-918110011 AS DOUBLE) AS BIGINT)) AS BOOLEAN)) UNION ALL SELECT ALL m0.t0, m0.f0 FROM m0 WHERE (CAST(- (CAST(CAST(-918110011 AS DOUBLE) AS BIGINT)) AS BOOLEAN)) IS NULL;
----
"." 0.8266616373816802
"0.20625602818030442" 0.33339264393462475
"2090966948559537515" 0.10574448926145164
"5468993521555465265" 0.8910983143439503
"NULL" 0.7365373850922812
"NULL" 0.7802602952255795
"R" 0.2994223801612098
"_fq" 0.9046718662186112
"gh+1" 0.12530605778114434
"z" 0.4506382526815239

query T rowsort
SELECT m1.t0, m1.f1, m1.f0, m1.f2 FROM m1;
----
"" false "Y" NULL
"" true "IG" NULL
"" true "N粶i!cm+R." NULL
"'9" false "Y" NULL
".1'㔱鎫c9" true "\g" -1359365092
"4" false "7276138141691785489" NULL
"8N] " false "M" 10435154
"B" true ",p" -1628140570
"NULL" NULL "" NULL
"NULL" NULL "3309273192353118515" NULL
"NULL" NULL "9195442692708162668" NULL
"NULL" NULL "NULL" -25284663
"NULL" NULL "NULL" -803836627
"NULL" NULL "Vb5P落ꦀ" 1700015934
"NULL" NULL "s" NULL
"NULL" false "NULL" NULL
"NULL" false "NULL" NULL
"NULL" true "NULL" NULL
"NULL" true "NULL" NULL
"pR" true "0.12602752741440792" NULL
"ꆪswp" false "\WY%" NULL

query T rowsort
SELECT ALL m1.t0, m1.f1, m1.f0, m1.f2 FROM m1 WHERE (((CAST(m1.f2 AS DOUBLE))+(- (0.58566548080044478208350255954428575932979583740234375)))) NOT IN (0.16116162201944284060317613693769089877605438232421875, 0.3125556702795611041523216044879518449306488037109375);
----
".1'㔱鎫c9" true "\g" -1359365092
"8N] " false "M" 10435154
"B" true ",p" -1628140570
"NULL" NULL "NULL" -25284663
"NULL" NULL "NULL" -803836627
"NULL" NULL "Vb5P落ꦀ" 1700015934

query error Arrow error: Io error: Status \{ code: Internal, message: "Execute logical plan: Datafusion: Optimizer rule 'simplify_expressions' failed\\ncaused by\\nThis feature is not implemented: Unsupported CAST from Float64 to Timestamp\(Nanosecond, None\)", metadata: MetadataMap \{ headers: \{"content\-type": "application/grpc", "date": "[^"]+", "content\-length": "0"\} \}, source: None \}
SELECT MIN(nullif(nullif(to_timestamp(5904274037108177722), to_timestamp(1437210047203483423)), CAST(cos(0.6504338529742061947303000124520622193813323974609375) AS TIMESTAMP))) FROM m4 ORDER BY m4.t1 ASC;

query error Arrow error: Io error: Status \{ code: Internal, message: "Build logical plan: Datafusion: Error during planning: No function matches the given name and argument types 'split_part\(Utf8, Int64\)'\. You might need to add explicit type casts\.\\n\\tCandidate functions:\\n\\tsplit_part\(Utf8, Utf8, Int64\)\\n\\tsplit_part\(LargeUtf8, Utf8, Int64\)\\n\\tsplit_part\(Utf8, LargeUtf8, Int64\)\\n\\tsplit_part\(LargeUtf8, LargeUtf8, Int64\)", metadata: MetadataMap \{ headers: \{"content\-type": "application/grpc", "date": "[^"]+", "content\-length": "0"\} \}, source: None \}
SELECT COUNT(CAST(CAST(((lower(m1.t0))LIKE(split_part(m1.f0, m1.f2))) AS BIGINT) AS BIGINT)) FROM m1;

query T rowsort
SELECT m4.t0, m4.f0 FROM m4;
----
"NULL" false
"NULL" true
"NULL" true
"NULL" true
"NULL" true
"NULL" true
"NULL" true

query T rowsort
SELECT m4.t0, m4.f0 FROM m4 WHERE ((CAST(+ (0.99289772954438582086567066653515212237834930419921875) AS BOOLEAN)) IS NOT UNKNOWN) IS FALSE UNION ALL SELECT ALL m4.t0, m4.f0 FROM m4 WHERE NOT (((CAST(+ (0.99289772954438582086567066653515212237834930419921875) AS BOOLEAN)) IS NOT UNKNOWN) IS FALSE) UNION ALL SELECT ALL m4.t0, m4.f0 FROM m4 WHERE (((CAST(+ (0.99289772954438582086567066653515212237834930419921875) AS BOOLEAN)) IS NOT UNKNOWN) IS FALSE) IS NULL;
----
"NULL" false
"NULL" true
"NULL" true
"NULL" true
"NULL" true
"NULL" true
"NULL" true

query T rowsort
SELECT * FROM m1;
----
1975-11-05T14:04:43.612200364 "B" ",p" true -1628140570
1980-10-25T06:25:25.816519819 "NULL" "3309273192353118515" NULL NULL
1987-12-28T20:38:52.927164807 ".1'㔱鎫c9" "\g" true -1359365092
1988-03-30T01:56:00.965763765 "" "N粶i!cm+R." true NULL
2007-10-06T00:38:27.457969673 "NULL" "9195442692708162668" NULL NULL
2009-09-13T16:29:18.085287398 "pR" "0.12602752741440792" true NULL
2010-09-19T21:44:04.367558414 "NULL" "s" NULL NULL
2035-06-29T00:54:54.277386248 "ꆪswp" "\WY%" false NULL
2053-11-01T12:50:56.296351398 "4" "7276138141691785489" false NULL
2079-03-11T07:28:43.472776741 "NULL" "NULL" false NULL
2093-05-30T21:18:12.135729687 "NULL" "NULL" NULL -803836627
2096-11-27T20:17:54.743297811 "NULL" "NULL" false NULL
2109-08-05T08:47:35.254137840 "NULL" "NULL" true NULL
2113-05-08T14:21:04.976555956 "" "IG" true NULL
2114-05-16T13:40:08.464455397 "NULL" "NULL" NULL -25284663
2116-10-14T03:28:31.642511003 "NULL" "" NULL NULL
2128-10-06T16:22:16.173590510 "NULL" "NULL" true NULL
2144-01-10T11:29:20.282782714 "NULL" "Vb5P落ꦀ" NULL 1700015934
2152-09-07T20:05:04.647749526 "'9" "Y" false NULL
2159-06-30T10:56:12.620384424 "8N] " "M" false 10435154
2190-12-04T14:14:41.441287817 "" "Y" false NULL

# SELECT ALL * FROM m1 WHERE CAST(((- (+ (-25284663)))-(CAST(translate(m1.f0, '418797746943372845', m1.f0) AS BIGINT))) AS BOOLEAN) UNION ALL SELECT ALL * FROM m1 WHERE NOT (CAST(((- (+ (-25284663)))-(CAST(translate(m1.f0, '418797746943372845', m1.f0) AS BIGINT))) AS BOOLEAN)) UNION ALL SELECT * FROM m1 WHERE (CAST(((- (+ (-25284663)))-(CAST(translate(m1.f0, '418797746943372845', m1.f0) AS BIGINT))) AS BOOLEAN)) IS NULL;
query T rowsort
SELECT ALL SUM(nullif(CAST(CAST(m2.f0 AS BOOLEAN) AS BIGINT), - (((m2.f0)%(m2.f0))))) FROM m2;
----
3

query error Arrow error: Io error: Status \{ code: Internal, message: "Build logical plan: Datafusion: Error during planning: Projection references non\-aggregate values: Expression m4\.t0 could not be resolved from available columns: lower\(substr\(m4\.t0,Int64\(5468993521555465265\),Int64\(\-1774696699\)\)\), to_timestamp\(Int64\(6606986499940437032\)\), Boolean\(true\) BETWEEN m4\.t0 LIKE Utf8\(\\"\.CcO\\"\) BETWEEN Float64\(0\.47166647975244036\) AND Float64\(0\.5140728964576942\) BETWEEN m4\.f0 AND CAST\(m4\.f0 AS Utf8\) LIKE CAST\(Int64\(2229757221744742400\) AS Utf8\) AND Int64\(\-933855729\) \+ Int64\(\-1716827786\) IS NOT NULL, APPROX_DISTINCT\(CAST\(CAST\(m4\.t0 AS Boolean\) AS Utf8\) \|\| CAST\(CAST\(m4\.f0 AS Utf8\) AS Int64\) LIKE CAST\(\(\- Int64\(370557352\)\) AS Utf8\) \|\| CAST\(Int64\(\-2106457250\) \+ Float64\(0\.9453037822500063\) AS Int64\) \)", metadata: MetadataMap \{ headers: \{"content\-type": "application/grpc", "date": "[^"]+", "content\-length": "0"\} \}, source: None \}
SELECT ALL APPROX_DISTINCT(((((CAST(CAST(m4.t0 AS BOOLEAN) AS STRING))||(CAST(CAST(m4.f0 AS STRING) AS BIGINT))))LIKE(((CAST(- (370557352) AS STRING))||(CAST(((-2106457250)+(0.9453037822500063303010620074928738176822662353515625)) AS BIGINT)))))), ((((((LAST_VALUE((CAST(nullif(to_timestamp(1527815229347179999), to_timestamp(7056395452750914234)) AS STRING)) BETWEEN (lower(upper(m4.t0))) AND (substr(((m4.t1)||('pA>')), -754488038, ((-1479831405)%(1025124027))))) OVER ())AND(m4.f0)))OR(m4.f0)))AND(m4.f0)) FROM m4 GROUP BY lower(substr(m4.t0, 5468993521555465265, -1774696699)), to_timestamp(6606986499940437032), (TRUE) BETWEEN (((((m4.t0)LIKE('.CcO'))) BETWEEN (CAST(0.47166647975244035961850386229343712329864501953125 AS BOOLEAN)) AND (CAST(0.5140728964576941617536931516951881349086761474609375 AS BOOLEAN))) BETWEEN (m4.f0) AND (((CAST(m4.f0 AS STRING))LIKE(CAST(2229757221744742400 AS STRING))))) AND ((CAST(((-933855729)+(-1716827786)) AS DOUBLE)) IS NOT NULL);

# SELECT ALL m0.t0 FROM m0;
query error Arrow error: Io error: Status \{ code: Internal, message: "Execute logical plan: Datafusion: Optimizer rule 'simplify_expressions' failed\\ncaused by\\nThis feature is not implemented: Unsupported CAST from Float64 to Timestamp\(Nanosecond, None\)", metadata: MetadataMap \{ headers: \{"content\-type": "application/grpc", "date": "[^"]+", "content\-length": "0"\} \}, source: None \}
SELECT m0.t0 FROM m0 WHERE (CAST(((NULL)/(m0.f0)) AS TIMESTAMP)) IN (to_timestamp(2898555648498030272), to_timestamp(5648678187321051704)) UNION ALL SELECT m0.t0 FROM m0 WHERE NOT ((CAST(((NULL)/(m0.f0)) AS TIMESTAMP)) IN (to_timestamp(2898555648498030272), to_timestamp(5648678187321051704))) UNION ALL SELECT m0.t0 FROM m0 WHERE ((CAST(((NULL)/(m0.f0)) AS TIMESTAMP)) IN (to_timestamp(2898555648498030272), to_timestamp(5648678187321051704))) IS NULL;

# SELECT ALL m3.t0 FROM m3;
# with m3 as (select t0, t1 from m3 order by t0, t1 limit 1)
# SELECT ALL m3.t0
# FROM m3
# WHERE CAST(CAST(((ltrim(m3.t0))||(translate(m3.t1, m3.t0, m3.t0))) AS DOUBLE) AS BOOLEAN)
# UNION ALL
# SELECT ALL m3.t0
# FROM m3
# WHERE NOT (CAST(CAST(((ltrim(m3.t0))||(translate(m3.t1, m3.t0, m3.t0))) AS DOUBLE) AS BOOLEAN))
# UNION ALL
# SELECT ALL m3.t0
# FROM m3
# WHERE (CAST(CAST(((ltrim(m3.t0))||(translate(m3.t1, m3.t0, m3.t0))) AS DOUBLE) AS BOOLEAN)) IS NULL;
query T rowsort
SELECT COUNT(((CAST(to_timestamp_seconds(m3.f0) AS BIGINT))*(((((CAST(m3.f0 AS BIGINT))/(nullif(-925290082, m3.f0))))*(+ (nullif(m3.f0, m3.f0))))))) FROM m3;
----
0

query error Arrow error: Io error: Status \{ code: Internal, message: "Build logical plan: Datafusion: Error during planning: Projection references non\-aggregate values: Expression m3\.f0 could not be resolved from available columns: bit_length\(Float64\(0\.5223801756078867\)\), ARRAY_AGG\(lower\(m3\.t0 \|\| Boolean\(true\)\)\)", metadata: MetadataMap \{ headers: \{"content\-type": "application/grpc", "date": "[^"]+", "content\-length": "0"\} \}, source: None \}
SELECT ALL ARRAY_AGG(CAST(lower(((m3.t0)||(TRUE))) AS STRING)), ((LEAD(nullif(nullif(m3.f0, m3.f0), m3.f0), - (m3.f0), atan2(- (((0.82516268991487529138595391486887820065021514892578125)/(0.2503907561107918677834049958619289100170135498046875))), CAST(CAST(3459226966385057792 AS DOUBLE) AS BIGINT))) OVER ())/(CAST(to_timestamp(3605305428072996707) AS BIGINT))) FROM m3 GROUP BY bit_length(CAST(CAST(0.5223801756078867430943546423804946243762969970703125 AS STRING) AS STRING));

query T rowsort
SELECT ALL m2.t1, m2.t2, m2.f1 FROM m2;
----
"I" "A" 0.545203526083238
"NULL" "" 1.692022416413119e18
"NULL" "7825004207928641098" 0.023124446446508462
"NULL" "<[#n3Lb" NULL
"NULL" "NULL" -1.7976931348623157e308
"NULL" "NULL" 0.6378605229934808
"NULL" "a7|*擘~3" 0.3542197858214864
"NULL" "sW" 0.5472766860985457

# SELECT m2.t1, m2.t2, m2.f1 FROM m2 WHERE (CAST(((CAST(m2.t0 AS STRING))||(+ (m2.f0))) AS BOOLEAN)) IS NOT UNKNOWN;
query T rowsort
SELECT ALL m1.f1, m1.f2 FROM m1;
----
NULL -25284663
NULL -803836627
NULL 1700015934
NULL NULL
NULL NULL
NULL NULL
NULL NULL
false 10435154
false NULL
false NULL
false NULL
false NULL
false NULL
false NULL
true -1359365092
true -1628140570
true NULL
true NULL
true NULL
true NULL
true NULL

query error Arrow error: Io error: Status \{ code: Internal, message: "Execute logical plan: Datafusion: type_coercion\\ncaused by\\nError during planning: Coercion from \[Utf8, Int64\] to the signature OneOf\(\[Exact\(\[Utf8, Utf8, Int64\]\), Exact\(\[LargeUtf8, Utf8, Int64\]\), Exact\(\[Utf8, LargeUtf8, Int64\]\), Exact\(\[LargeUtf8, LargeUtf8, Int64\]\)\]\) failed\.", metadata: MetadataMap \{ headers: \{"content\-type": "application/grpc", "date": "[^"]+", "content\-length": "0"\} \}, source: None \}
SELECT m1.f1, m1.f2 FROM m1 WHERE NOT (((split_part(m1.t0, -728201134))<=(CAST(starts_with(m1.t0, m1.f0) AS STRING)))) UNION ALL SELECT ALL m1.f1, m1.f2 FROM m1 WHERE NOT (NOT (((split_part(m1.t0, -728201134))<=(CAST(starts_with(m1.t0, m1.f0) AS STRING))))) UNION ALL SELECT m1.f1, m1.f2 FROM m1 WHERE (NOT (((split_part(m1.t0, -728201134))<=(CAST(starts_with(m1.t0, m1.f0) AS STRING))))) IS NULL;

query T rowsort
SELECT ALL m0.t0, m0.f0 FROM m0;
----
"." 0.8266616373816802
"0.20625602818030442" 0.33339264393462475
"2090966948559537515" 0.10574448926145164
"5468993521555465265" 0.8910983143439503
"NULL" 0.7365373850922812
"NULL" 0.7802602952255795
"R" 0.2994223801612098
"_fq" 0.9046718662186112
"gh+1" 0.12530605778114434
"z" 0.4506382526815239

query error Arrow error: Io error: Status \{ code: Internal, message: "Execute logical plan: Datafusion: type_coercion\\ncaused by\\nError during planning: Binary IS NOT DISTINCT FROM Utf8 can't be evaluated because there isn't a common type to coerce the types to", metadata: MetadataMap \{ headers: \{"content\-type": "application/grpc", "date": "[^"]+", "content\-length": "0"\} \}, source: None \}
SELECT ALL m0.t0, m0.f0 FROM m0 WHERE ((digest(((m0.t0)||(m0.f0)), CAST(to_timestamp(2939004359518327875) AS STRING)))IS NOT DISTINCT FROM(CAST(-1773226951 AS STRING)));

query error Arrow error: Io error: Status \{ code: Internal, message: "Build logical plan: Datafusion: Error during planning: No function matches the given name and argument types 'sha256\(Utf8, Int32\)'\. You might need to add explicit type casts\.\\n\\tCandidate functions:\\n\\tsha256\(Utf8/LargeUtf8/Binary/LargeBinary\)", metadata: MetadataMap \{ headers: \{"content\-type": "application/grpc", "date": "[^"]+", "content\-length": "0"\} \}, source: None \}
SELECT APPROX_DISTINCT(FALSE), FALSE, 0.16625150759358231500328884067130275070667266845703125 FROM m3 GROUP BY to_timestamp_seconds(length(((m3.t1)||(m3.f0)))), sha256(CAST(to_timestamp(1977423669276605809) AS STRING), length(m3.t0));

# SELECT m3.t0, m3.t1 FROM m3;
query T rowsort
SELECT ALL m3.t0, m3.t1 FROM m3 WHERE CAST(((CAST((m3.f0) IN (1645967881, -883961934, -1818202079) AS BIGINT))*(CAST((m3.t0) BETWEEN (m3.t0) AND (m3.t0) AS BIGINT))) AS BOOLEAN) UNION ALL SELECT m3.t0, m3.t1 FROM m3 WHERE NOT (CAST(((CAST((m3.f0) IN (1645967881, -883961934, -1818202079) AS BIGINT))*(CAST((m3.t0) BETWEEN (m3.t0) AND (m3.t0) AS BIGINT))) AS BOOLEAN)) UNION ALL SELECT m3.t0, m3.t1 FROM m3 WHERE (CAST(((CAST((m3.f0) IN (1645967881, -883961934, -1818202079) AS BIGINT))*(CAST((m3.t0) BETWEEN (m3.t0) AND (m3.t0) AS BIGINT))) AS BOOLEAN)) IS NULL;
----
"0.002147298221788496" "2350431228203406322"
"0.4140742380785405" "1067185949319247413"
"174906244" "*"
"2939042495407010978" "os"
"O~" "NULL"
"c]_tcQrM" "	0"
"{\" "1889832286"

query T rowsort
SELECT ALL MAX(CAST(CAST(TRUE AS STRING) AS BIGINT)) FROM m0;
----
1

query error Arrow error: Io error: Status \{ code: Internal, message: "Build logical plan: Datafusion: Error during planning: Projection references non\-aggregate values: Expression m1\.t0 could not be resolved from available columns: Float64\(0\.18552410489051951\), APPROX_DISTINCT\(starts_with\(Float64\(0\.9003056296444931\) / Int64\(\-933855729\),lower\(m1\.t0\)\)\)", metadata: MetadataMap \{ headers: \{"content\-type": "application/grpc", "date": "[^"]+", "content\-length": "0"\} \}, source: None \}
SELECT nullif(to_timestamp(6687693621343321678), to_timestamp(4146908733966942974)), APPROX_DISTINCT(starts_with(CAST(((0.9003056296444931216882423541392199695110321044921875)/(-933855729)) AS STRING), CAST(lower(m1.t0) AS STRING))), length(m1.t0) FROM m1 GROUP BY 0.18552410489051951447692090368946082890033721923828125;

# SELECT COUNT(((((CAST(m2.t2 AS BIGINT))*(nullif(m2.f0, m2.f0))))-(CAST(to_timestamp(1342137666896473430) AS BIGINT)))) FROM m2;

query T rowsort
SELECT m0.f0 FROM m0;
----
0.10574448926145164
0.12530605778114434
0.2994223801612098
0.33339264393462475
0.4506382526815239
0.7365373850922812
0.7802602952255795
0.8266616373816802
0.8910983143439503
0.9046718662186112

query T rowsort
SELECT ALL m0.f0 FROM m0 WHERE ((((m0.f0)-(CAST(- (m0.f0) AS DOUBLE))))>(CAST(NOT (((m0.t0)<=(m0.t0))) AS BIGINT))) UNION ALL SELECT ALL m0.f0 FROM m0 WHERE NOT (((((m0.f0)-(CAST(- (m0.f0) AS DOUBLE))))>(CAST(NOT (((m0.t0)<=(m0.t0))) AS BIGINT)))) UNION ALL SELECT m0.f0 FROM m0 WHERE (((((m0.f0)-(CAST(- (m0.f0) AS DOUBLE))))>(CAST(NOT (((m0.t0)<=(m0.t0))) AS BIGINT)))) IS NULL;
----
0.10574448926145164
0.12530605778114434
0.2994223801612098
0.33339264393462475
0.4506382526815239
0.7365373850922812
0.7802602952255795
0.8266616373816802
0.8910983143439503
0.9046718662186112

query T rowsort
SELECT MIN(-431341756) FROM m4;
----
-431341756

query T rowsort
SELECT MIN(agg0) FROM (SELECT MIN(-431341756)  as agg0 FROM m4 WHERE (((signum(0.37899878721014002014300103837740607559680938720703125))+(((1167799696)/(-72574893))))) IN (0.83112523490035672413256406798609532415866851806640625) UNION ALL SELECT MIN(-431341756)  as agg0 FROM m4 WHERE NOT ((((signum(0.37899878721014002014300103837740607559680938720703125))+(((1167799696)/(-72574893))))) IN (0.83112523490035672413256406798609532415866851806640625)) UNION ALL SELECT MIN(-431341756)  as agg0 FROM m4 WHERE ((((signum(0.37899878721014002014300103837740607559680938720703125))+(((1167799696)/(-72574893))))) IN (0.83112523490035672413256406798609532415866851806640625)) IS NULL) as asdf;
----
-431341756

query error Arrow error: Io error: Status \{ code: Internal, message: "Build logical plan: Datafusion: Error during planning: No function matches the given name and argument types 'sha512\(Utf8, Int64\)'\. You might need to add explicit type casts\.\\n\\tCandidate functions:\\n\\tsha512\(Utf8/LargeUtf8/Binary/LargeBinary\)", metadata: MetadataMap \{ headers: \{"content\-type": "application/grpc", "date": "[^"]+", "content\-length": "0"\} \}, source: None \}
SELECT ALL SUM(length(((sha512('6<>', -760079039))||(to_timestamp(5698324173098853109))))) FROM m4;

query error Arrow error: Io error: Status \{ code: Internal, message: "Build logical plan: Datafusion: Error during planning: Projection references non\-aggregate values: Expression m3\.t1 could not be resolved from available columns: nullif\(m3\.f0,Int64\(1131291675\) \- m3\.f0\), ARRAY_AGG\(btrim\(btrim\(lower\(m3\.t1\),m3\.f0\),digest\(m3\.t0,Utf8\(\\"\\"\)\) \|\| upper\(m3\.t0\)\)\)", metadata: MetadataMap \{ headers: \{"content\-type": "application/grpc", "date": "[^"]+", "content\-length": "0"\} \}, source: None \}
SELECT ALL ((ARRAY_AGG(btrim(btrim(lower(m3.t1), CAST(m3.f0 AS STRING)), ((digest(m3.t0, ''))||(upper(m3.t0))))))LIKE(CAST(CAST(0.12575219593968067766098783977213315665721893310546875 AS BIGINT) AS STRING))), CAST(upper(((m3.t1)||(m3.f0))) AS TIMESTAMP), CAST(digest(split_part('怓iJ', m3.f0), CAST(((m3.f0)%(m3.f0)) AS STRING)) AS BIGINT), FIRST_VALUE(- (CAST(concat_ws(m3.t1, '') AS BIGINT))) OVER () FROM m3 GROUP BY CAST(nullif(CAST(m3.f0 AS BIGINT), ((1131291675)-(m3.f0))) AS TIMESTAMP);

query T rowsort
SELECT ALL m4.t1, m4.t0, m4.f0 FROM m4;
----
"" "NULL" false
"-719146430" "NULL" true
"NULL" "NULL" true
"NULL" "NULL" true
"[" "NULL" true
"cU" "NULL" true
"m?gbg&)" "NULL" true

query T rowsort
SELECT m4.t1, m4.t0, m4.f0 FROM m4 WHERE CAST(m4.t0 AS BOOLEAN) UNION ALL SELECT m4.t1, m4.t0, m4.f0 FROM m4 WHERE NOT (CAST(m4.t0 AS BOOLEAN)) UNION ALL SELECT ALL m4.t1, m4.t0, m4.f0 FROM m4 WHERE (CAST(m4.t0 AS BOOLEAN)) IS NULL;
----
"" "NULL" false
"-719146430" "NULL" true
"NULL" "NULL" true
"NULL" "NULL" true
"[" "NULL" true
"cU" "NULL" true
"m?gbg&)" "NULL" true


query T rowsort
SELECT m2.t2, m2.f0, m2.t1, m2.t0, m2.f1 FROM m2 ORDER BY m2.t0 DESC, m2.f0 ASC;
----
"" 19144301 "NULL" "" 1.692022416413119e18
"7825004207928641098" NULL "NULL" "n" 0.023124446446508462
"<[#n3Lb" 297153453615660218 "NULL" "~!k" NULL
"A" NULL "I" "NULL" 0.545203526083238
"NULL" -719146430 "NULL" "sGh[2[*?Q" 0.6378605229934808
"NULL" NULL "NULL" "0.14928332458710802" -1.7976931348623157e308
"a7|*擘~3" NULL "NULL" "NULL" 0.3542197858214864
"sW" NULL "NULL" "4683132071972081202" 0.5472766860985457

query error Arrow error: Io error: Status \{ code: Internal, message: "Execute logical plan: Datafusion: type_coercion\\ncaused by\\nError during planning: Coercion from \[Utf8, Int64\] to the signature Uniform\(1, \[Utf8, LargeUtf8, Binary, LargeBinary\]\) failed\.", metadata: MetadataMap \{ headers: \{"content\-type": "application/grpc", "date": "[^"]+", "content\-length": "0"\} \}, source: None \}
SELECT m2.t2, m2.f0, m2.t1, m2.t0, m2.f1 FROM m2 WHERE CAST(sha256(CAST(sha512(m2.t0, m2.f0) AS STRING), - (octet_length(m2.t1))) AS BOOLEAN) UNION ALL SELECT ALL m2.t2, m2.f0, m2.t1, m2.t0, m2.f1 FROM m2 WHERE NOT (CAST(sha256(CAST(sha512(m2.t0, m2.f0) AS STRING), - (octet_length(m2.t1))) AS BOOLEAN)) UNION ALL SELECT m2.t2, m2.f0, m2.t1, m2.t0, m2.f1 FROM m2 WHERE (CAST(sha256(CAST(sha512(m2.t0, m2.f0) AS STRING), - (octet_length(m2.t1))) AS BOOLEAN)) IS NULL;

query T rowsort
SELECT m1.f0, m1.t0, m1.f2 FROM m1;
----
"" "NULL" NULL
",p" "B" -1628140570
"0.12602752741440792" "pR" NULL
"3309273192353118515" "NULL" NULL
"7276138141691785489" "4" NULL
"9195442692708162668" "NULL" NULL
"IG" "" NULL
"M" "8N] " 10435154
"NULL" "NULL" -25284663
"NULL" "NULL" -803836627
"NULL" "NULL" NULL
"NULL" "NULL" NULL
"NULL" "NULL" NULL
"NULL" "NULL" NULL
"N粶i!cm+R." "" NULL
"Vb5P落ꦀ" "NULL" 1700015934
"Y" "" NULL
"Y" "'9" NULL
"\WY%" "ꆪswp" NULL
"\g" ".1'㔱鎫c9" -1359365092
"s" "NULL" NULL

query T rowsort
SELECT m1.f0, m1.t0, m1.f2 FROM m1 WHERE ((CAST(FALSE AS STRING)) IS NULL) NOT IN (FALSE) UNION ALL SELECT m1.f0, m1.t0, m1.f2 FROM m1 WHERE NOT (((CAST(FALSE AS STRING)) IS NULL) NOT IN (FALSE)) UNION ALL SELECT m1.f0, m1.t0, m1.f2 FROM m1 WHERE (((CAST(FALSE AS STRING)) IS NULL) NOT IN (FALSE)) IS NULL;
----
"" "NULL" NULL
",p" "B" -1628140570
"0.12602752741440792" "pR" NULL
"3309273192353118515" "NULL" NULL
"7276138141691785489" "4" NULL
"9195442692708162668" "NULL" NULL
"IG" "" NULL
"M" "8N] " 10435154
"NULL" "NULL" -25284663
"NULL" "NULL" -803836627
"NULL" "NULL" NULL
"NULL" "NULL" NULL
"NULL" "NULL" NULL
"NULL" "NULL" NULL
"N粶i!cm+R." "" NULL
"Vb5P落ꦀ" "NULL" 1700015934
"Y" "" NULL
"Y" "'9" NULL
"\WY%" "ꆪswp" NULL
"\g" ".1'㔱鎫c9" -1359365092
"s" "NULL" NULL

query T rowsort
SELECT ALL m1.t0, m1.f2, m1.f1 FROM m1;
----
"" NULL false
"" NULL true
"" NULL true
"'9" NULL false
".1'㔱鎫c9" -1359365092 true
"4" NULL false
"8N] " 10435154 false
"B" -1628140570 true
"NULL" -25284663 NULL
"NULL" -803836627 NULL
"NULL" 1700015934 NULL
"NULL" NULL NULL
"NULL" NULL NULL
"NULL" NULL NULL
"NULL" NULL NULL
"NULL" NULL false
"NULL" NULL false
"NULL" NULL true
"NULL" NULL true
"pR" NULL true
"ꆪswp" NULL false

query T rowsort
SELECT m1.t0, m1.f2, m1.f1 FROM m1 WHERE starts_with(CAST(0.2001299595290981780948413870646618306636810302734375 AS STRING), ((((m1.t0)||(0.48206495535001125940510746659128926694393157958984375)))||(((m1.f2)/(m1.f2))))) UNION ALL SELECT ALL m1.t0, m1.f2, m1.f1 FROM m1 WHERE NOT (starts_with(CAST(0.2001299595290981780948413870646618306636810302734375 AS STRING), ((((m1.t0)||(0.48206495535001125940510746659128926694393157958984375)))||(((m1.f2)/(m1.f2)))))) UNION ALL SELECT m1.t0, m1.f2, m1.f1 FROM m1 WHERE (starts_with(CAST(0.2001299595290981780948413870646618306636810302734375 AS STRING), ((((m1.t0)||(0.48206495535001125940510746659128926694393157958984375)))||(((m1.f2)/(m1.f2)))))) IS NULL;
----
"" NULL false
"" NULL true
"" NULL true
"'9" NULL false
".1'㔱鎫c9" -1359365092 true
"4" NULL false
"8N] " 10435154 false
"B" -1628140570 true
"NULL" -25284663 NULL
"NULL" -803836627 NULL
"NULL" 1700015934 NULL
"NULL" NULL NULL
"NULL" NULL NULL
"NULL" NULL NULL
"NULL" NULL NULL
"NULL" NULL false
"NULL" NULL false
"NULL" NULL true
"NULL" NULL true
"pR" NULL true
"ꆪswp" NULL false

query T rowsort
SELECT ALL m1.f1, m1.t0, m1.f0, m1.f2 FROM m1;
----
NULL "NULL" "" NULL
NULL "NULL" "3309273192353118515" NULL
NULL "NULL" "9195442692708162668" NULL
NULL "NULL" "NULL" -25284663
NULL "NULL" "NULL" -803836627
NULL "NULL" "Vb5P落ꦀ" 1700015934
NULL "NULL" "s" NULL
false "" "Y" NULL
false "'9" "Y" NULL
false "4" "7276138141691785489" NULL
false "8N] " "M" 10435154
false "NULL" "NULL" NULL
false "NULL" "NULL" NULL
false "ꆪswp" "\WY%" NULL
true "" "IG" NULL
true "" "N粶i!cm+R." NULL
true ".1'㔱鎫c9" "\g" -1359365092
true "B" ",p" -1628140570
true "NULL" "NULL" NULL
true "NULL" "NULL" NULL
true "pR" "0.12602752741440792" NULL

query T rowsort
SELECT m1.f1, m1.t0, m1.f0, m1.f2 FROM m1 WHERE CAST(((CAST(m1.f1 AS BIGINT))<(CAST(to_timestamp(7834639625528320442) AS BIGINT))) AS BOOLEAN) UNION ALL SELECT ALL m1.f1, m1.t0, m1.f0, m1.f2 FROM m1 WHERE NOT (CAST(((CAST(m1.f1 AS BIGINT))<(CAST(to_timestamp(7834639625528320442) AS BIGINT))) AS BOOLEAN)) UNION ALL SELECT m1.f1, m1.t0, m1.f0, m1.f2 FROM m1 WHERE (CAST(((CAST(m1.f1 AS BIGINT))<(CAST(to_timestamp(7834639625528320442) AS BIGINT))) AS BOOLEAN)) IS NULL;
----
NULL "NULL" "" NULL
NULL "NULL" "3309273192353118515" NULL
NULL "NULL" "9195442692708162668" NULL
NULL "NULL" "NULL" -25284663
NULL "NULL" "NULL" -803836627
NULL "NULL" "Vb5P落ꦀ" 1700015934
NULL "NULL" "s" NULL
false "" "Y" NULL
false "'9" "Y" NULL
false "4" "7276138141691785489" NULL
false "8N] " "M" 10435154
false "NULL" "NULL" NULL
false "NULL" "NULL" NULL
false "ꆪswp" "\WY%" NULL
true "" "IG" NULL
true "" "N粶i!cm+R." NULL
true ".1'㔱鎫c9" "\g" -1359365092
true "B" ",p" -1628140570
true "NULL" "NULL" NULL
true "NULL" "NULL" NULL
true "pR" "0.12602752741440792" NULL

query T rowsort
SELECT * FROM m1;
----
1975-11-05T14:04:43.612200364 "B" ",p" true -1628140570
1980-10-25T06:25:25.816519819 "NULL" "3309273192353118515" NULL NULL
1987-12-28T20:38:52.927164807 ".1'㔱鎫c9" "\g" true -1359365092
1988-03-30T01:56:00.965763765 "" "N粶i!cm+R." true NULL
2007-10-06T00:38:27.457969673 "NULL" "9195442692708162668" NULL NULL
2009-09-13T16:29:18.085287398 "pR" "0.12602752741440792" true NULL
2010-09-19T21:44:04.367558414 "NULL" "s" NULL NULL
2035-06-29T00:54:54.277386248 "ꆪswp" "\WY%" false NULL
2053-11-01T12:50:56.296351398 "4" "7276138141691785489" false NULL
2079-03-11T07:28:43.472776741 "NULL" "NULL" false NULL
2093-05-30T21:18:12.135729687 "NULL" "NULL" NULL -803836627
2096-11-27T20:17:54.743297811 "NULL" "NULL" false NULL
2109-08-05T08:47:35.254137840 "NULL" "NULL" true NULL
2113-05-08T14:21:04.976555956 "" "IG" true NULL
2114-05-16T13:40:08.464455397 "NULL" "NULL" NULL -25284663
2116-10-14T03:28:31.642511003 "NULL" "" NULL NULL
2128-10-06T16:22:16.173590510 "NULL" "NULL" true NULL
2144-01-10T11:29:20.282782714 "NULL" "Vb5P落ꦀ" NULL 1700015934
2152-09-07T20:05:04.647749526 "'9" "Y" false NULL
2159-06-30T10:56:12.620384424 "8N] " "M" false 10435154
2190-12-04T14:14:41.441287817 "" "Y" false NULL

query T rowsort
SELECT * FROM m1 WHERE ((CAST(((m1.f2)-(m1.f2)) AS STRING)) BETWEEN (upper(m1.t0)) AND (CAST(NULL AS STRING))) BETWEEN (((((((((((m1.f0)LIKE(m1.f0)))OR((m1.f0) IN ('VCR', ''))))OR(((((((((m1.f1)AND(m1.f1)))AND(FALSE)))AND(m1.f1)))OR(m1.f1)))))AND(m1.f1)))AND(((NOT (m1.f1))OR(CAST(0.1253785313843673865363825825625099241733551025390625 AS BOOLEAN)))))) AND (((0.2335246667249093466267595431418158113956451416015625) NOT IN (0.9241507903894208286743605640367604792118072509765625, 0.421298177610048174557277889107353985309600830078125)) IS FALSE) UNION ALL SELECT ALL * FROM m1 WHERE NOT (((CAST(((m1.f2)-(m1.f2)) AS STRING)) BETWEEN (upper(m1.t0)) AND (CAST(NULL AS STRING))) BETWEEN (((((((((((m1.f0)LIKE(m1.f0)))OR((m1.f0) IN ('VCR', ''))))OR(((((((((m1.f1)AND(m1.f1)))AND(FALSE)))AND(m1.f1)))OR(m1.f1)))))AND(m1.f1)))AND(((NOT (m1.f1))OR(CAST(0.1253785313843673865363825825625099241733551025390625 AS BOOLEAN)))))) AND (((0.2335246667249093466267595431418158113956451416015625) NOT IN (0.9241507903894208286743605640367604792118072509765625, 0.421298177610048174557277889107353985309600830078125)) IS FALSE)) UNION ALL SELECT * FROM m1 WHERE (((CAST(((m1.f2)-(m1.f2)) AS STRING)) BETWEEN (upper(m1.t0)) AND (CAST(NULL AS STRING))) BETWEEN (((((((((((m1.f0)LIKE(m1.f0)))OR((m1.f0) IN ('VCR', ''))))OR(((((((((m1.f1)AND(m1.f1)))AND(FALSE)))AND(m1.f1)))OR(m1.f1)))))AND(m1.f1)))AND(((NOT (m1.f1))OR(CAST(0.1253785313843673865363825825625099241733551025390625 AS BOOLEAN)))))) AND (((0.2335246667249093466267595431418158113956451416015625) NOT IN (0.9241507903894208286743605640367604792118072509765625, 0.421298177610048174557277889107353985309600830078125)) IS FALSE)) IS NULL;
----
1980-10-25T06:25:25.816519819 "NULL" "3309273192353118515" NULL NULL
1987-12-28T20:38:52.927164807 ".1'㔱鎫c9" "\g" true -1359365092
1988-03-30T01:56:00.965763765 "" "N粶i!cm+R." true NULL
2007-10-06T00:38:27.457969673 "NULL" "9195442692708162668" NULL NULL
2009-09-13T16:29:18.085287398 "pR" "0.12602752741440792" true NULL
2010-09-19T21:44:04.367558414 "NULL" "s" NULL NULL
2035-06-29T00:54:54.277386248 "ꆪswp" "\WY%" false NULL
2053-11-01T12:50:56.296351398 "4" "7276138141691785489" false NULL
2079-03-11T07:28:43.472776741 "NULL" "NULL" false NULL
2093-05-30T21:18:12.135729687 "NULL" "NULL" NULL -803836627
2096-11-27T20:17:54.743297811 "NULL" "NULL" false NULL
2109-08-05T08:47:35.254137840 "NULL" "NULL" true NULL
2113-05-08T14:21:04.976555956 "" "IG" true NULL
2114-05-16T13:40:08.464455397 "NULL" "NULL" NULL -25284663
2116-10-14T03:28:31.642511003 "NULL" "" NULL NULL
2128-10-06T16:22:16.173590510 "NULL" "NULL" true NULL
2144-01-10T11:29:20.282782714 "NULL" "Vb5P落ꦀ" NULL 1700015934
2152-09-07T20:05:04.647749526 "'9" "Y" false NULL
2190-12-04T14:14:41.441287817 "" "Y" false NULL

query error Arrow error: Io error: Status \{ code: Internal, message: "Execute logical plan: Datafusion: Optimizer rule 'simplify_expressions' failed\\ncaused by\\nThis feature is not implemented: Unsupported CAST from Timestamp\(Nanosecond, None\) to Float64", metadata: MetadataMap \{ headers: \{"content\-type": "application/grpc", "date": "[^"]+", "content\-length": "0"\} \}, source: None \}
SELECT COUNT(CAST(((CAST(to_timestamp(3570283675145888871) AS DOUBLE))*(nullif(-1035028880, 0.18948757514516534339321651714271865785121917724609375))) AS BIGINT)) FROM m4;

query T rowsort
SELECT ALL m1.f2, m1.f0, m1.t0, m1.f1 FROM m1;
----
-1359365092 "\g" ".1'㔱鎫c9" true
-1628140570 ",p" "B" true
-25284663 "NULL" "NULL" NULL
-803836627 "NULL" "NULL" NULL
10435154 "M" "8N] " false
1700015934 "Vb5P落ꦀ" "NULL" NULL
NULL "" "NULL" NULL
NULL "0.12602752741440792" "pR" true
NULL "3309273192353118515" "NULL" NULL
NULL "7276138141691785489" "4" false
NULL "9195442692708162668" "NULL" NULL
NULL "IG" "" true
NULL "NULL" "NULL" false
NULL "NULL" "NULL" false
NULL "NULL" "NULL" true
NULL "NULL" "NULL" true
NULL "N粶i!cm+R." "" true
NULL "Y" "" false
NULL "Y" "'9" false
NULL "\WY%" "ꆪswp" false
NULL "s" "NULL" NULL

query T rowsort
SELECT m1.f2, m1.f0, m1.t0, m1.f1 FROM m1 WHERE starts_with(right(m1.t0, 5276657375400990514), lower(m1.t0)) UNION ALL SELECT m1.f2, m1.f0, m1.t0, m1.f1 FROM m1 WHERE NOT (starts_with(right(m1.t0, 5276657375400990514), lower(m1.t0))) UNION ALL SELECT m1.f2, m1.f0, m1.t0, m1.f1 FROM m1 WHERE (starts_with(right(m1.t0, 5276657375400990514), lower(m1.t0))) IS NULL;
----
-1359365092 "\g" ".1'㔱鎫c9" true
-1628140570 ",p" "B" true
-25284663 "NULL" "NULL" NULL
-803836627 "NULL" "NULL" NULL
10435154 "M" "8N] " false
1700015934 "Vb5P落ꦀ" "NULL" NULL
NULL "" "NULL" NULL
NULL "0.12602752741440792" "pR" true
NULL "3309273192353118515" "NULL" NULL
NULL "7276138141691785489" "4" false
NULL "9195442692708162668" "NULL" NULL
NULL "IG" "" true
NULL "NULL" "NULL" false
NULL "NULL" "NULL" false
NULL "NULL" "NULL" true
NULL "NULL" "NULL" true
NULL "N粶i!cm+R." "" true
NULL "Y" "" false
NULL "Y" "'9" false
NULL "\WY%" "ꆪswp" false
NULL "s" "NULL" NULL

query error Arrow error: Io error: Status \{ code: Internal, message: "Build logical plan: Datafusion: Error during planning: Projection references non\-aggregate values: Expression m1\.t0 could not be resolved from available columns: nullif\(to_timestamp\(Int64\(5932437593688946928\)\),to_timestamp\(\(\- m1\.f2\)\)\), APPROX_DISTINCT\(sqrt\(m1\.f2\) IS NULL IS UNKNOWN\)", metadata: MetadataMap \{ headers: \{"content\-type": "application/grpc", "date": "[^"]+", "content\-length": "0"\} \}, source: None \}
SELECT APPROX_DISTINCT(((+ (sqrt(m1.f2))) IS NULL) IS UNKNOWN), to_timestamp(9071790872991556271), FIRST_VALUE(((CAST(CAST(length(m1.t0) AS BIGINT) AS DOUBLE))+(((CAST(CAST(to_timestamp(2549671370198843274) AS BIGINT) AS DOUBLE))/(abs(m1.f2)))))) OVER () FROM m1 WHERE m1.f1 GROUP BY nullif(to_timestamp(5932437593688946928), to_timestamp(- (m1.f2)));

query error Arrow error: Io error: Status \{ code: Internal, message: "Execute logical plan: Datafusion: Schema error: No field named m2\.t1\. Valid fields are \\"MIN\(abs\(m2\.f0 \- m2\.f0\)\)\\"\.", metadata: MetadataMap \{ headers: \{"content\-type": "application/grpc", "date": "[^"]+", "content\-length": "0"\} \}, source: None \}
SELECT ALL MIN(CAST(abs(((m2.f0)-(m2.f0))) AS STRING)) FROM m2 ORDER BY m2.t1 DESC, m2.t0 ASC;


query error Arrow error: Io error: Status \{ code: Internal, message: "Build logical plan: Datafusion: Error during planning: Projection references non\-aggregate values: Expression m2\.t0 could not be resolved from available columns: nullif\(nullif\(m2\.f0,m2\.f0\),m2\.f0\)", metadata: MetadataMap \{ headers: \{"content\-type": "application/grpc", "date": "[^"]+", "content\-length": "0"\} \}, source: None \}
SELECT upper(upper(m2.t0)), LAST_VALUE(((btrim(((m2.t1)||(FALSE)), ((m2.t2)||(FALSE))))||(date_trunc(CAST(m2.f1 AS STRING), CAST(m2.f1 AS TIMESTAMP))))) OVER () FROM m2 WHERE (((((m2.f1)/(m2.f1)))+(+ (m2.f0)))) NOT IN (0.390274506333220028153618841315619647502899169921875) GROUP BY nullif(nullif(m2.f0, m2.f0), + (CAST(m2.f0 AS BIGINT)));

query T rowsort
SELECT ALL m1.t0, m1.f1 FROM m1;
----
"" false
"" true
"" true
"'9" false
".1'㔱鎫c9" true
"4" false
"8N] " false
"B" true
"NULL" NULL
"NULL" NULL
"NULL" NULL
"NULL" NULL
"NULL" NULL
"NULL" NULL
"NULL" NULL
"NULL" false
"NULL" false
"NULL" true
"NULL" true
"pR" true
"ꆪswp" false

query T rowsort
SELECT m1.t0, m1.f1 FROM m1 WHERE (CAST(CAST(m1.f2 AS TIMESTAMP) AS STRING)) IN ('w') UNION ALL SELECT ALL m1.t0, m1.f1 FROM m1 WHERE NOT ((CAST(CAST(m1.f2 AS TIMESTAMP) AS STRING)) IN ('w')) UNION ALL SELECT m1.t0, m1.f1 FROM m1 WHERE ((CAST(CAST(m1.f2 AS TIMESTAMP) AS STRING)) IN ('w')) IS NULL;
----
"" false
"" true
"" true
"'9" false
".1'㔱鎫c9" true
"4" false
"8N] " false
"B" true
"NULL" NULL
"NULL" NULL
"NULL" NULL
"NULL" NULL
"NULL" NULL
"NULL" NULL
"NULL" NULL
"NULL" false
"NULL" false
"NULL" true
"NULL" true
"pR" true
"ꆪswp" false


query T rowsort
SELECT MAX(to_timestamp(1198018597062740387)) FROM m1;
----
2007-12-18T22:56:37.062740387

query error Arrow error: Io error: Status \{ code: Internal, message: "Build logical plan: Datafusion: Error during planning: Projection references non\-aggregate values: Expression m4\.t0 could not be resolved from available columns: lower\(concat_ws\(m4\.t0,m4\.t0\)\), MIN\(nullif\(to_timestamp\(Int64\(1281535631831036817\)\),m4\.t0\)\)", metadata: MetadataMap \{ headers: \{"content\-type": "application/grpc", "date": "[^"]+", "content\-length": "0"\} \}, source: None \}
SELECT lower(CAST(MIN(CAST(nullif(to_timestamp(1281535631831036817), CAST(m4.t0 AS TIMESTAMP)) AS TIMESTAMP)) AS STRING)), LAST_VALUE(CAST(((lower(m4.t0))||(- (CAST(TRUE AS BIGINT)))) AS BOOLEAN)) OVER ( ORDER BY m4.f0 ASC) FROM m4 GROUP BY lower(concat_ws(m4.t0, m4.t0));

query T rowsort
SELECT m4.t0, m4.f0 FROM m4;
----
"NULL" false
"NULL" true
"NULL" true
"NULL" true
"NULL" true
"NULL" true
"NULL" true

query T rowsort
SELECT ALL m4.t0, m4.f0 FROM m4 WHERE (((ltrim(m4.t1))LIKE(lower(m4.t0)))) BETWEEN (starts_with(CAST(((((m4.f0)OR(m4.f0)))AND(m4.f0)) AS STRING), ((CAST(to_timestamp(3422035704230732300) AS STRING))||(CAST(m4.t0 AS TIMESTAMP))))) AND ((CAST(NULL AS BIGINT)) NOT IN (289051392, -88103715));
----

query T rowsort
SELECT m3.f0 FROM m3 ORDER BY m3.f0 ASC, m3.f0 ASC;
----
-1134968677
-1598798851
-184853823
-2085716189
-370874632
-374901666
-534737513
-603220388
1296743770
796269585
9065525203050843594
951192745

query T rowsort
SELECT m3.f0 FROM m3 WHERE ((((lower(m3.t1))||(CAST(FALSE AS BIGINT)))) BETWEEN (CAST(CAST(m3.f0 AS STRING) AS STRING)) AND (((CAST(0.9761682534385107690155791715369559824466705322265625 AS STRING))||(- (-1418996711))))) IS UNKNOWN UNION ALL SELECT m3.f0 FROM m3 WHERE NOT (((((lower(m3.t1))||(CAST(FALSE AS BIGINT)))) BETWEEN (CAST(CAST(m3.f0 AS STRING) AS STRING)) AND (((CAST(0.9761682534385107690155791715369559824466705322265625 AS STRING))||(- (-1418996711))))) IS UNKNOWN) UNION ALL SELECT m3.f0 FROM m3 WHERE (((((lower(m3.t1))||(CAST(FALSE AS BIGINT)))) BETWEEN (CAST(CAST(m3.f0 AS STRING) AS STRING)) AND (((CAST(0.9761682534385107690155791715369559824466705322265625 AS STRING))||(- (-1418996711))))) IS UNKNOWN) IS NULL;
----
-1598798851
-370874632
-534737513
-603220388
796269585
9065525203050843594
951192745

query T rowsort
SELECT m3.f0 FROM m3;
----
-1134968677
-1598798851
-184853823
-2085716189
-370874632
-374901666
-534737513
-603220388
1296743770
796269585
9065525203050843594
951192745

query T rowsort
SELECT m3.f0 FROM m3 WHERE ((initcap(((m3.t1)||(TRUE))))LIKE(CAST(to_timestamp(406603353664170677) AS STRING)));
----

query T rowsort
SELECT ALL m2.f1, m2.t2, m2.f0, m2.t0 FROM m2;
----
-1.7976931348623157e308 "NULL" NULL "0.14928332458710802"
0.023124446446508462 "7825004207928641098" NULL "n"
0.3542197858214864 "a7|*擘~3" NULL "NULL"
0.545203526083238 "A" NULL "NULL"
0.5472766860985457 "sW" NULL "4683132071972081202"
0.6378605229934808 "NULL" -719146430 "sGh[2[*?Q"
1.692022416413119e18 "" 19144301 ""
NULL "<[#n3Lb" 297153453615660218 "~!k"

query error Arrow error: Io error: Status \{ code: Internal, message: "Execute logical plan: Datafusion: External error: Datafusion: This feature is not implemented: Unsupported CAST from Boolean to Timestamp\(Nanosecond, None\)", metadata: MetadataMap \{ headers: \{"content\-type": "application/grpc", "date": "[^"]+", "content\-length": "0"\} \}, source: None \}
SELECT m2.f1, m2.t2, m2.f0, m2.t0 FROM m2 WHERE starts_with(CAST(starts_with(m2.t0, m2.t2) AS STRING), CAST(CAST(starts_with(m2.t1, m2.t0) AS TIMESTAMP) AS STRING));

# SELECT m4.t1, m4.t0 FROM m4;
query T rowsort
SELECT ALL m4.t1, m4.t0 FROM m4 WHERE ((upper(CAST(to_timestamp(2939004359518327875) AS STRING)))LIKE(upper(CAST('1235651247' AS STRING))));
----

# SELECT ALL COUNT(- (+ (((length(m4.t0))/(length(m4.t0)))))) FROM m4;
# SELECT m3.t1, m3.t0 FROM m3;
query T rowsort
SELECT ALL m3.t1, m3.t0 FROM m3 WHERE NOT (NOT (((((((((((((((((((TRUE)AND(FALSE)))OR(TRUE)))AND(TRUE)))OR(FALSE)))OR(FALSE)))OR((to_timestamp(3524885457107058563)) NOT IN (to_timestamp(8582169888726264244), to_timestamp(1327330262564228110)))))AND((TRUE) IS TRUE)))AND((('Wf~㎼8.䦂9G')LIKE(m3.t1)))))OR(CAST(m3.f0 AS BOOLEAN))))) UNION ALL SELECT m3.t1, m3.t0 FROM m3 WHERE NOT (NOT (NOT (((((((((((((((((((TRUE)AND(FALSE)))OR(TRUE)))AND(TRUE)))OR(FALSE)))OR(FALSE)))OR((to_timestamp(3524885457107058563)) NOT IN (to_timestamp(8582169888726264244), to_timestamp(1327330262564228110)))))AND((TRUE) IS TRUE)))AND((('Wf~㎼8.䦂9G')LIKE(m3.t1)))))OR(CAST(m3.f0 AS BOOLEAN)))))) UNION ALL SELECT m3.t1, m3.t0 FROM m3 WHERE (NOT (NOT (((((((((((((((((((TRUE)AND(FALSE)))OR(TRUE)))AND(TRUE)))OR(FALSE)))OR(FALSE)))OR((to_timestamp(3524885457107058563)) NOT IN (to_timestamp(8582169888726264244), to_timestamp(1327330262564228110)))))AND((TRUE) IS TRUE)))AND((('Wf~㎼8.䦂9G')LIKE(m3.t1)))))OR(CAST(m3.f0 AS BOOLEAN)))))) IS NULL;
----
"	0" "c]_tcQrM"
"*" "174906244"
"1067185949319247413" "0.4140742380785405"
"1889832286" "{\"
"2350431228203406322" "0.002147298221788496"
"NULL" "NULL"
"NULL" "NULL"
"NULL" "NULL"
"NULL" "NULL"
"NULL" "O~"
"[%^TQVy8" "NULL"
"os" "2939042495407010978"

query error Arrow error: Io error: Status \{ code: Internal, message: "Execute logical plan: Datafusion: Optimizer rule 'simplify_expressions' failed\\ncaused by\\nArrow error: Cast error: Cannot cast value '1572395234274791430' to value of Boolean type", metadata: MetadataMap \{ headers: \{"content\-type": "application/grpc", "date": "[^"]+", "content\-length": "0"\} \}, source: None \}
SELECT length(MAX(((((CAST(((917175707)*(1453426255)) AS STRING))||(m0.t0)))||(to_timestamp(5611604645754141134))))), to_timestamp(107728388379031552) FROM m0 GROUP BY + (+ (((- (1572395234274791430))+(CAST(m0.t0 AS BIGINT))))), CAST(m0.f0 AS BIGINT), CAST(- (nullif(91838392, 5506560410096687103)) AS BOOLEAN), ((((((((m0.t0)||(4212095614988948853)))||(CAST('1572395234274791430' AS BOOLEAN))))||(to_timestamp(2592513466743822582))))||(+ (((- (850888271))*(+ (3524885457107058563))))));


query error Arrow error: Io error: Status \{ code: Internal, message: "Execute logical plan: Datafusion: Optimizer rule 'simplify_expressions' failed\\ncaused by\\nExecution error: requested character too large for encoding\.", metadata: MetadataMap \{ headers: \{"content\-type": "application/grpc", "date": "[^"]+", "content\-length": "0"\} \}, source: None \}
SELECT SUM(- (CAST(((chr(4134107298484193642))||(((m4.t0)LIKE(m4.t0)))) AS BIGINT))) FROM m4;

query T rowsort
SELECT ALL m3.t1, m3.f0, m3.t0 FROM m3;
----
"	0" -1598798851 "c]_tcQrM"
"*" -370874632 "174906244"
"1067185949319247413" -603220388 "0.4140742380785405"
"1889832286" 796269585 "{\"
"2350431228203406322" 9065525203050843594 "0.002147298221788496"
"NULL" -1134968677 "NULL"
"NULL" -184853823 "NULL"
"NULL" -2085716189 "NULL"
"NULL" -374901666 "NULL"
"NULL" 1296743770 "O~"
"[%^TQVy8" 951192745 "NULL"
"os" -534737513 "2939042495407010978"


query T rowsort
SELECT m3.t0, m3.f0, m3.t1 FROM m3 ORDER BY m3.t0 DESC;
----
"0.002147298221788496" 9065525203050843594 "2350431228203406322"
"0.4140742380785405" -603220388 "1067185949319247413"
"174906244" -370874632 "*"
"2939042495407010978" -534737513 "os"
"NULL" -1134968677 "NULL"
"NULL" -184853823 "NULL"
"NULL" -2085716189 "NULL"
"NULL" -374901666 "NULL"
"NULL" 951192745 "[%^TQVy8"
"O~" 1296743770 "NULL"
"c]_tcQrM" -1598798851 "	0"
"{\" 796269585 "1889832286"

query T rowsort
SELECT m3.t0, m3.f0, m3.t1 FROM m3 WHERE CAST(+ (bit_length(m3.t1)) AS BOOLEAN) UNION ALL SELECT m3.t0, m3.f0, m3.t1 FROM m3 WHERE NOT (CAST(+ (bit_length(m3.t1)) AS BOOLEAN)) UNION ALL SELECT m3.t0, m3.f0, m3.t1 FROM m3 WHERE (CAST(+ (bit_length(m3.t1)) AS BOOLEAN)) IS NULL;
----
"0.002147298221788496" 9065525203050843594 "2350431228203406322"
"0.4140742380785405" -603220388 "1067185949319247413"
"174906244" -370874632 "*"
"2939042495407010978" -534737513 "os"
"NULL" -1134968677 "NULL"
"NULL" -184853823 "NULL"
"NULL" -2085716189 "NULL"
"NULL" -374901666 "NULL"
"NULL" 951192745 "[%^TQVy8"
"O~" 1296743770 "NULL"
"c]_tcQrM" -1598798851 "	0"
"{\" 796269585 "1889832286"


query T rowsort
SELECT * FROM m0 ORDER BY m0.t0 ASC;
----
1980-08-22T14:48:58.395517921 "5468993521555465265" 0.8910983143439503
2011-12-19T17:26:35.308255006 "." 0.8266616373816802
2047-07-05T20:22:55.255359552 "0.20625602818030442" 0.33339264393462475
2066-01-03T07:08:35.798971109 "gh+1" 0.12530605778114434
2067-05-27T15:39:19.632055652 "R" 0.2994223801612098
2118-08-18T20:39:54.886424922 "NULL" 0.7365373850922812
2134-10-05T16:18:40.241642214 "_fq" 0.9046718662186112
2177-09-12T21:59:19.332105564 "2090966948559537515" 0.10574448926145164
2192-12-03T21:31:02.018480562 "NULL" 0.7802602952255795
2241-09-04T18:40:33.733946014 "z" 0.4506382526815239




query error Arrow error: Io error: Status \{ code: Internal, message: "Build logical plan: Datafusion: Error during planning: No function matches the given name and argument types 'sha512\(Utf8, Int64\)'\. You might need to add explicit type casts\.\\n\\tCandidate functions:\\n\\tsha512\(Utf8/LargeUtf8/Binary/LargeBinary\)", metadata: MetadataMap \{ headers: \{"content\-type": "application/grpc", "date": "[^"]+", "content\-length": "0"\} \}, source: None \}
SELECT ALL MAX(CAST(m0.f0 AS TIMESTAMP)), lower(((translate(m0.t0, m0.t0, ''))||(acos(NULL)))), ((sha512(CAST(m0.f0 AS STRING), nullif(1200478739, 360686353)))||(chr(- (-120028142)))), to_timestamp(6406582538976071604), ((LAST_VALUE(+ (nullif(- (-1929791383), ((101093301)*(1056190380))))) OVER ())-(CAST(2074111823 AS BIGINT))) FROM m0 GROUP BY + (((CAST(abs(407624017) AS BIGINT))+(- (CAST(m0.f0 AS BIGINT)))));

query T rowsort
SELECT m2.t0, m2.f1, m2.f0 FROM m2;
----
"" 1.692022416413119e18 19144301
"0.14928332458710802" -1.7976931348623157e308 NULL
"4683132071972081202" 0.5472766860985457 NULL
"NULL" 0.3542197858214864 NULL
"NULL" 0.545203526083238 NULL
"n" 0.023124446446508462 NULL
"sGh[2[*?Q" 0.6378605229934808 -719146430
"~!k" NULL 297153453615660218

query error Arrow error: Io error: Status \{ code: Internal, message: "Execute logical plan: Datafusion: External error: Datafusion: This feature is not implemented: Unsupported CAST from Float64 to Timestamp\(Nanosecond, None\)", metadata: MetadataMap \{ headers: \{"content\-type": "application/grpc", "date": "[^"]+", "content\-length": "0"\} \}, source: None \}
SELECT ALL m2.t0, m2.f1, m2.f0 FROM m2 WHERE CAST(CAST(+ (abs(m2.f0)) AS TIMESTAMP) AS BOOLEAN) UNION ALL SELECT ALL m2.t0, m2.f1, m2.f0 FROM m2 WHERE NOT (CAST(CAST(+ (abs(m2.f0)) AS TIMESTAMP) AS BOOLEAN)) UNION ALL SELECT m2.t0, m2.f1, m2.f0 FROM m2 WHERE (CAST(CAST(+ (abs(m2.f0)) AS TIMESTAMP) AS BOOLEAN)) IS NULL;

query error Arrow error: Io error: Status \{ code: Internal, message: "Build logical plan: Datafusion: Error during planning: No function matches the given name and argument types 'left\(Int64, Utf8\)'\. You might need to add explicit type casts\.\\n\\tCandidate functions:\\n\\tleft\(Utf8, Int64\)\\n\\tleft\(LargeUtf8, Int64\)", metadata: MetadataMap \{ headers: \{"content\-type": "application/grpc", "date": "[^"]+", "content\-length": "0"\} \}, source: None \}
SELECT ALL ARRAY_AGG(left(- (CAST(-1970168186 AS BIGINT)), upper(m3.t1))), to_timestamp(7825004207928641098) FROM m3 GROUP BY character_length(CAST(CAST(starts_with(m3.t1, m3.t0) AS DOUBLE) AS STRING));

query T rowsort
SELECT ALL m2.t2, m2.f0, m2.t0, m2.t1 FROM m2;
----
"" 19144301 "" "NULL"
"7825004207928641098" NULL "n" "NULL"
"<[#n3Lb" 297153453615660218 "~!k" "NULL"
"A" NULL "NULL" "I"
"NULL" -719146430 "sGh[2[*?Q" "NULL"
"NULL" NULL "0.14928332458710802" "NULL"
"a7|*擘~3" NULL "NULL" "NULL"
"sW" NULL "4683132071972081202" "NULL"

query error Arrow error: Io error: Status \{ code: Internal, message: "Execute logical plan: Datafusion: Optimizer rule 'simplify_expressions' failed\\ncaused by\\nThis feature is not implemented: Unsupported CAST from Timestamp\(Nanosecond, None\) to Boolean", metadata: MetadataMap \{ headers: \{"content\-type": "application/grpc", "date": "[^"]+", "content\-length": "0"\} \}, source: None \}
SELECT m2.t2, m2.f0, m2.t0, m2.t1 FROM m2 WHERE CAST(to_timestamp(2670620145540024395) AS BOOLEAN);

# SELECT ALL MAX(upper(upper(m2.t0))) FROM m2;

query T rowsort
SELECT ALL m0.f0, m0.t0 FROM m0;
----
0.10574448926145164 "2090966948559537515"
0.12530605778114434 "gh+1"
0.2994223801612098 "R"
0.33339264393462475 "0.20625602818030442"
0.4506382526815239 "z"
0.7365373850922812 "NULL"
0.7802602952255795 "NULL"
0.8266616373816802 "."
0.8910983143439503 "5468993521555465265"
0.9046718662186112 "_fq"

query error Arrow error: Io error: Status \{ code: Internal, message: "Execute logical plan: Datafusion: Optimizer rule 'simplify_expressions' failed\\ncaused by\\nThis feature is not implemented: Unsupported CAST from Timestamp\(Nanosecond, None\) to Boolean", metadata: MetadataMap \{ headers: \{"content\-type": "application/grpc", "date": "[^"]+", "content\-length": "0"\} \}, source: None \}
SELECT m0.f0, m0.t0 FROM m0 WHERE CAST(to_timestamp(5449799541880610810) AS BOOLEAN);

# SELECT m3.t0 FROM m3;
# SELECT ALL m3.t0 FROM m3 WHERE CAST(abs(((m3.f0)/(m3.f0))) AS BOOLEAN) UNION ALL SELECT ALL m3.t0 FROM m3 WHERE NOT (CAST(abs(((m3.f0)/(m3.f0))) AS BOOLEAN)) UNION ALL SELECT ALL m3.t0 FROM m3 WHERE (CAST(abs(((m3.f0)/(m3.f0))) AS BOOLEAN)) IS NULL;
query error Arrow error: Io error: Status \{ code: Internal, message: "Build logical plan: Datafusion: Error during planning: No function matches the given name and argument types 'to_hex\(Utf8\)'\. You might need to add explicit type casts\.\\n\\tCandidate functions:\\n\\tto_hex\(Int64\)", metadata: MetadataMap \{ headers: \{"content\-type": "application/grpc", "date": "[^"]+", "content\-length": "0"\} \}, source: None \}
SELECT ALL MAX(CAST(CAST(- (CAST(854828838 AS BIGINT)) AS STRING) AS TIMESTAMP)), - (- (ascii(m4.t0))), to_timestamp(3394220110539115675), LEAD(CAST(((((((m4.t0)||(-2077510876)))!=(((m4.t1)||(to_timestamp(297153453615660218))))))AND(((((((NOT (m4.f0))AND(NOT (m4.f0))))OR((0.8155676254239294653558545178384520113468170166015625) IS NULL)))OR((m4.t1) BETWEEN (m4.t1) AND (m4.t0))))) AS STRING), ((to_hex(((m4.t1)||(m4.f0))))*(((CAST(((m4.t1)||(m4.t1)) AS BIGINT))-(- (nullif(1941954349, 9195442692708162668)))))), ((m4.t1)||(+ (round(0.09722155698417711544578878601896576583385467529296875))))) OVER () FROM m4 GROUP BY NOT (((CAST(m4.f0 AS STRING)) BETWEEN (rtrim(m4.t0)) AND (lower(m4.t0))) IS NOT UNKNOWN);

query T rowsort
SELECT ALL m4.f0, m4.t1 FROM m4;
----
false ""
true "-719146430"
true "NULL"
true "NULL"
true "["
true "cU"
true "m?gbg&)"

query T rowsort
SELECT ALL m4.f0, m4.t1 FROM m4 WHERE m4.f0;
----
true "-719146430"
true "NULL"
true "NULL"
true "["
true "cU"
true "m?gbg&)"

query T rowsort
SELECT m4.f0, m4.t1 FROM m4 WHERE NOT (m4.f0);
----
false ""

query T rowsort
SELECT ALL m4.f0, m4.t1 FROM m4 WHERE (m4.f0) IS NULL;
----

query error Arrow error: Io error: Status \{ code: Internal, message: "Execute logical plan: Datafusion: Optimizer rule 'simplify_expressions' failed\\ncaused by\\nThis feature is not implemented: Unsupported CAST from Timestamp\(Nanosecond, None\) to Float64", metadata: MetadataMap \{ headers: \{"content\-type": "application/grpc", "date": "[^"]+", "content\-length": "0"\} \}, source: None \}
SELECT SUM(((((CAST(+ (m3.f0) AS DOUBLE))*(- (CAST(to_timestamp(1454992398022915607) AS DOUBLE)))))+(- (- (CAST(m3.t0 AS BIGINT)))))) FROM m3;

query error Arrow error: Io error: Status \{ code: Internal, message: "Execute logical plan: Datafusion: Optimizer rule 'simplify_expressions' failed\\ncaused by\\nArrow error: Cast error: Cannot cast string '2221\-08\-14T04:46:54\.899532690' to value of Int64 type", metadata: MetadataMap \{ headers: \{"content\-type": "application/grpc", "date": "[^"]+", "content\-length": "0"\} \}, source: None \}
SELECT ALL SUM(+ (CAST(nullif(to_timestamp(7940263614899532690), to_timestamp(4105208758202934869)) AS BIGINT))) FROM m4;

query error Arrow error: Io error: Status \{ code: Internal, message: "Execute logical plan: Datafusion: Schema error: No field named m3\.f0\. Valid fields are \\"MAX\(character_length\(m3\.t0 \|\| to_timestamp\(Int64\(2653083673479048093\)\)\)\)\\"\.", metadata: MetadataMap \{ headers: \{"content\-type": "application/grpc", "date": "[^"]+", "content\-length": "0"\} \}, source: None \}
SELECT MAX(+ (length(((m3.t0)||(to_timestamp(2653083673479048093)))))) FROM m3 ORDER BY m3.f0 ASC, m3.t1 DESC;

# SELECT ALL m2.t0 FROM m2;
query T rowsort
SELECT ALL m2.t0 FROM m2 WHERE ((((((((m2.t1)||(m2.f0)))||(+ (0.07767108738166061954188990057446062564849853515625))))||((((('Z&]䂪')||(m2.t0)))LIKE(((m2.t0)||(m2.f1)))))))LIKE(upper(CAST(m2.f1 AS STRING))));
----

# SELECT ALL SUM(0.44286425699534592848038982992875389754772186279296875) FROM m4;
# SELECT SUM(agg0) FROM (SELECT ALL SUM(0.44286425699534592848038982992875389754772186279296875)  as agg0 FROM m4 WHERE (0.50526250740283329410118540181429125368595123291015625) IS NOT NULL UNION ALL SELECT ALL SUM(0.44286425699534592848038982992875389754772186279296875)  as agg0 FROM m4 WHERE NOT ((0.50526250740283329410118540181429125368595123291015625) IS NOT NULL) UNION ALL SELECT ALL SUM(0.44286425699534592848038982992875389754772186279296875)  as agg0 FROM m4 WHERE ((0.50526250740283329410118540181429125368595123291015625) IS NOT NULL) IS NULL) as asdf;

query T rowsort
SELECT ALL m3.t0, m3.f0 FROM m3 ORDER BY m3.f0 ASC;
----
"0.002147298221788496" 9065525203050843594
"0.4140742380785405" -603220388
"174906244" -370874632
"2939042495407010978" -534737513
"NULL" -1134968677
"NULL" -184853823
"NULL" -2085716189
"NULL" -374901666
"NULL" 951192745
"O~" 1296743770
"c]_tcQrM" -1598798851
"{\" 796269585


query T rowsort
SELECT m3.f0, m3.t0 FROM m3;
----
-1134968677 "NULL"
-1598798851 "c]_tcQrM"
-184853823 "NULL"
-2085716189 "NULL"
-370874632 "174906244"
-374901666 "NULL"
-534737513 "2939042495407010978"
-603220388 "0.4140742380785405"
1296743770 "O~"
796269585 "{\"
9065525203050843594 "0.002147298221788496"
951192745 "NULL"

query T rowsort
SELECT ALL m3.f0, m3.t0 FROM m3 WHERE (upper(CAST(m3.f0 AS STRING))) BETWEEN (CAST((+ (m3.f0)) BETWEEN (((m3.f0)/(m3.f0))) AND (((m3.f0)+(m3.f0))) AS STRING)) AND (((upper(m3.t0))||(upper(m3.t0))));
----
1296743770 "O~"
796269585 "{\"

query T rowsort
SELECT ALL m2.f1, m2.t2, m2.f0 FROM m2;
----
-1.7976931348623157e308 "NULL" NULL
0.023124446446508462 "7825004207928641098" NULL
0.3542197858214864 "a7|*擘~3" NULL
0.545203526083238 "A" NULL
0.5472766860985457 "sW" NULL
0.6378605229934808 "NULL" -719146430
1.692022416413119e18 "" 19144301
NULL "<[#n3Lb" 297153453615660218

query T rowsort
SELECT ALL m2.f1, m2.t2, m2.f0 FROM m2 WHERE ((CAST(CAST(((m2.f0)*(m2.f0)) AS BIGINT) AS STRING))<=(((right('2514633243509548633', m2.f0))||(- (((m2.f0)*(m2.f0)))))));
----
NULL "<[#n3Lb" 297153453615660218

query T rowsort
SELECT * FROM m4;
----
2031-11-21T07:38:07.506775363 "NULL" "[" true
2054-10-06T19:19:39.624648828 "NULL" "m?gbg&)" true
2148-06-22T05:49:34.246825572 "NULL" "NULL" true
2159-08-03T08:04:37.631075636 "NULL" "cU" true
2177-06-07T06:12:05.773293536 "NULL" "-719146430" true
2232-12-03T07:57:14.243142773 "NULL" "" false
2243-06-01T16:01:50.828718363 "NULL" "NULL" true

query T rowsort
SELECT ALL * FROM m4 WHERE m4.f0;
----
2031-11-21T07:38:07.506775363 "NULL" "[" true
2054-10-06T19:19:39.624648828 "NULL" "m?gbg&)" true
2148-06-22T05:49:34.246825572 "NULL" "NULL" true
2159-08-03T08:04:37.631075636 "NULL" "cU" true
2177-06-07T06:12:05.773293536 "NULL" "-719146430" true
2243-06-01T16:01:50.828718363 "NULL" "NULL" true

query T rowsort
SELECT * FROM m4 WHERE NOT (m4.f0);
----
2232-12-03T07:57:14.243142773 "NULL" "" false

query T rowsort
SELECT ALL * FROM m4 WHERE (m4.f0) IS NULL;
----

# SELECT m1.t0 FROM m1;
query T rowsort
SELECT ALL m1.t0 FROM m1 WHERE ((CAST(to_timestamp(9223372036854775807) AS STRING))LIKE(((lower(m1.f0))||(-1773226951))));
----

query T rowsort
SELECT MAX(CAST(CAST(abs(1682852403) AS BOOLEAN) AS BIGINT)) FROM m4;
----
1

query T rowsort
SELECT ALL m0.f0, m0.t0 FROM m0 ORDER BY m0.f0 ASC, m0.f0 ASC, m0.f0 DESC;
----
0.10574448926145164 "2090966948559537515"
0.12530605778114434 "gh+1"
0.2994223801612098 "R"
0.33339264393462475 "0.20625602818030442"
0.4506382526815239 "z"
0.7365373850922812 "NULL"
0.7802602952255795 "NULL"
0.8266616373816802 "."
0.8910983143439503 "5468993521555465265"
0.9046718662186112 "_fq"

# SELECT ALL m0.f0, m0.t0 FROM m0 WHERE CAST(((((lower(m0.t0))||(((702529185)%(8678572959805489135)))))||(((((((((((FALSE)OR(TRUE)))AND(FALSE)))AND(TRUE)))OR((m0.f0) NOT IN (0.52533408673121473331235620207735337316989898681640625, 0.3189876226774799317098540996084921061992645263671875, 0.85372543435322467697545789633295498788356781005859375))))AND(NOT (TRUE))))) AS BOOLEAN);
# SELECT m0.f0, m0.t0 FROM m0 WHERE NOT (CAST(((((lower(m0.t0))||(((702529185)%(8678572959805489135)))))||(((((((((((FALSE)OR(TRUE)))AND(FALSE)))AND(TRUE)))OR((m0.f0) NOT IN (0.52533408673121473331235620207735337316989898681640625, 0.3189876226774799317098540996084921061992645263671875, 0.85372543435322467697545789633295498788356781005859375))))AND(NOT (TRUE))))) AS BOOLEAN));
# SELECT m0.f0, m0.t0 FROM m0 WHERE (CAST(((((lower(m0.t0))||(((702529185)%(8678572959805489135)))))||(((((((((((FALSE)OR(TRUE)))AND(FALSE)))AND(TRUE)))OR((m0.f0) NOT IN (0.52533408673121473331235620207735337316989898681640625, 0.3189876226774799317098540996084921061992645263671875, 0.85372543435322467697545789633295498788356781005859375))))AND(NOT (TRUE))))) AS BOOLEAN)) IS NULL;
# SELECT ALL m0.f0 FROM m0;
# SELECT ALL m0.f0 FROM m0 WHERE ((((((((m0.t0)LIKE('d뜽K')))AND(CAST('*Qo^]p|' AS BOOLEAN))))OR(((CAST(CAST(569078644 AS DOUBLE) AS STRING))LIKE(((CAST(FALSE AS STRING))||(ascii(m0.t0))))))))OR((((m0.t0)LIKE(m0.t0))) IN (TRUE))) UNION ALL SELECT m0.f0 FROM m0 WHERE NOT (((((((((m0.t0)LIKE('d뜽K')))AND(CAST('*Qo^]p|' AS BOOLEAN))))OR(((CAST(CAST(569078644 AS DOUBLE) AS STRING))LIKE(((CAST(FALSE AS STRING))||(ascii(m0.t0))))))))OR((((m0.t0)LIKE(m0.t0))) IN (TRUE)))) UNION ALL SELECT ALL m0.f0 FROM m0 WHERE (((((((((m0.t0)LIKE('d뜽K')))AND(CAST('*Qo^]p|' AS BOOLEAN))))OR(((CAST(CAST(569078644 AS DOUBLE) AS STRING))LIKE(((CAST(FALSE AS STRING))||(ascii(m0.t0))))))))OR((((m0.t0)LIKE(m0.t0))) IN (TRUE)))) IS NULL;
# SELECT ((SUM(CAST(((+ (date_part(to_timestamp(7270945503035245148), m1.f2)))+(((m1.f2)+(+ (-873232905))))) AS BIGINT)))*(length(((m1.f0)||(m1.t0))))), NTILE(CAST(to_timestamp(6933808273294910786) AS BIGINT)) OVER () FROM m1 GROUP BY CAST(power(CAST(+ (m1.f2) AS DOUBLE), 0.6654007233529710685360214483807794749736785888671875) AS TIMESTAMP), CAST(0.1086035245689875861074824570096097886562347412109375 AS TIMESTAMP);
# SELECT ALL SUM(((ceil(tan(0.47808183589437847071934584164409898221492767333984375)))+(CAST(CAST(to_timestamp(3720662638396335529) AS TIMESTAMP) AS BIGINT)))) FROM m2;
# SELECT m4.f0 FROM m4;
# SELECT ALL m4.f0 FROM m4 WHERE starts_with(CAST(- (ascii(m4.t1)) AS STRING), CAST(CAST(((m4.t1)LIKE(m4.t1)) AS BIGINT) AS STRING));
#
# SELECT COUNT(((((((CAST(m2.t0 AS BIGINT))/(+ (m2.f0))))+(character_length(m2.t1))))+(length(lower(m2.t0))))) FROM m2;
# SELECT SUM(agg0) FROM (SELECT ALL COUNT(((((((CAST(m2.t0 AS BIGINT))/(+ (m2.f0))))+(character_length(m2.t1))))+(length(lower(m2.t0)))))  as agg0 FROM m2 WHERE (((+ (((m2.f0)%(m2.f0))))%(CAST(CAST(384165926 AS DOUBLE) AS BIGINT)))) BETWEEN (CAST(((CAST(m2.f1 AS BIGINT))%(- (m2.f0))) AS BIGINT)) AND (((date_part(to_timestamp(6083453367890951674), m2.f0))*(((((m2.f0)%(m2.f0)))%(nullif(m2.f0, m2.f0)))))) UNION ALL SELECT ALL COUNT(((((((CAST(m2.t0 AS BIGINT))/(+ (m2.f0))))+(character_length(m2.t1))))+(length(lower(m2.t0)))))  as agg0 FROM m2 WHERE NOT ((((+ (((m2.f0)%(m2.f0))))%(CAST(CAST(384165926 AS DOUBLE) AS BIGINT)))) BETWEEN (CAST(((CAST(m2.f1 AS BIGINT))%(- (m2.f0))) AS BIGINT)) AND (((date_part(to_timestamp(6083453367890951674), m2.f0))*(((((m2.f0)%(m2.f0)))%(nullif(m2.f0, m2.f0))))))) UNION ALL SELECT ALL COUNT(((((((CAST(m2.t0 AS BIGINT))/(+ (m2.f0))))+(character_length(m2.t1))))+(length(lower(m2.t0)))))  as agg0 FROM m2 WHERE ((((+ (((m2.f0)%(m2.f0))))%(CAST(CAST(384165926 AS DOUBLE) AS BIGINT)))) BETWEEN (CAST(((CAST(m2.f1 AS BIGINT))%(- (m2.f0))) AS BIGINT)) AND (((date_part(to_timestamp(6083453367890951674), m2.f0))*(((((m2.f0)%(m2.f0)))%(nullif(m2.f0, m2.f0))))))) IS NULL) as asdf;
# SELECT ALL m0.f0, m0.t0 FROM m0;
# SELECT m0.f0, m0.t0 FROM m0 WHERE CAST(CAST(- (+ (189098103)) AS TIMESTAMP) AS BOOLEAN) UNION ALL SELECT m0.f0, m0.t0 FROM m0 WHERE NOT (CAST(CAST(- (+ (189098103)) AS TIMESTAMP) AS BOOLEAN)) UNION ALL SELECT ALL m0.f0, m0.t0 FROM m0 WHERE (CAST(CAST(- (+ (189098103)) AS TIMESTAMP) AS BOOLEAN)) IS NULL;
# SELECT ALL APPROX_DISTINCT((CAST(NOT (m1.f1) AS STRING)) NOT IN ('됦(?T皣ml', '
# ') AS BIGINT), ((((abs(-465469556))/(nullif(-427867270, m0.f0))))!=(+ (((0.9975099161891176624550325868767686188220977783203125)/(CAST(NULL AS DOUBLE)))))), ((-1797256425)>(((0.409768021955768002584363784990273416042327880859375)*(((length(m0.t0))/(character_length(m0.t0))))))) FROM m0 WHERE (lower(m0.t0)) IN ('_*98XX') LIMIT 8057346879184269970) AS sub0 ON ((((NOT ((TRUE) NOT IN (TRUE)))OR(((((((m0.t0)||(m0.t0)))||(+ (4855360540374673284))))LIKE(CAST(rtrim(m0.t0) AS STRING))))))AND(NOT ((((('/
# C')||(m0.f0)))LIKE(CAST(to_timestamp(3811946007148586556) AS STRING))))));
# SELECT m2.f1, m2.t2 FROM m2;
# SELECT m2.f1, m2.t2 FROM m2 WHERE (NOT ((CAST('6687693621343321678' AS STRING)) BETWEEN (((m2.t1)||(m2.f0))) AND (CAST(m2.f1 AS STRING)))) IS NOT UNKNOWN UNION ALL SELECT ALL m2.f1, m2.t2 FROM m2 WHERE NOT ((NOT ((CAST('6687693621343321678' AS STRING)) BETWEEN (((m2.t1)||(m2.f0))) AND (CAST(m2.f1 AS STRING)))) IS NOT UNKNOWN) UNION ALL SELECT m2.f1, m2.t2 FROM m2 WHERE ((NOT ((CAST('6687693621343321678' AS STRING)) BETWEEN (((m2.t1)||(m2.f0))) AND (CAST(m2.f1 AS STRING)))) IS NOT UNKNOWN) IS NULL;
# SELECT m1.f1 FROM m1;
# SELECT m1.f1 FROM m1 WHERE starts_with(lower(m1.t0), ((((m1.f0)||(m1.f1)))||(((m1.t0)||(0.599937629292316643159210798330605030059814453125)))));
# SELECT m1.f1 FROM m1 WHERE NOT (starts_with(lower(m1.t0), ((((m1.f0)||(m1.f1)))||(((m1.t0)||(0.599937629292316643159210798330605030059814453125))))));
# SELECT m1.f1 FROM m1 WHERE (starts_with(lower(m1.t0), ((((m1.f0)||(m1.f1)))||(((m1.t0)||(0.599937629292316643159210798330605030059814453125)))))) IS NULL;
# SELECT ALL MAX(- (CAST(m2.t1 AS DOUBLE))) FROM (select t1 from m2 order by t1);
# SELECT ALL m1.f0, m1.f1, m1.f2 FROM m1;
# SELECT ALL m1.f0, m1.f1, m1.f2 FROM m1 WHERE ((upper(upper('7812245507234280753')))LIKE(btrim(CAST(m1.f2 AS STRING), lower('0.9849241975986696'))));
# SELECT ALL SUM(((length(CAST(to_timestamp(2195076343508467114) AS STRING)))+(abs(- (m1.f2))))) FROM m1;
# SELECT m1.f1, m1.f2, m1.f0, m1.t0 FROM m1;
# SELECT m1.f1, m1.f2, m1.f0, m1.t0 FROM m1 WHERE starts_with(sha224(CAST(m1.f2 AS STRING), - (m1.f2)), ((CAST(CAST(m1.f2 AS STRING) AS STRING))||(+ (acos(m1.f2)))));
#
# SELECT MAX(((+ (- (+ (1718529434))))*(ascii(CAST(to_timestamp(6347743030140167950) AS STRING))))) FROM m4;
# SELECT to_timestamp_seconds(- (SUM(length(((CAST(FALSE AS STRING))||((m0.f0) BETWEEN (m0.f0) AND (m0.f0))))))), to_timestamp(4018311307294132213), ((((TRUE)OR(CAST(CAST(CAST(-25284663 AS BIGINT) AS BIGINT) AS BOOLEAN))))OR((((1034502539)-(-597954662))) NOT IN (1222719032))), 6687693621343321678 FROM m0 WHERE (0.1668534335853906203084306980599649250507354736328125) BETWEEN (round(((m0.f0)-(m0.f0)))) AND (CAST(((((m0.f0)+(0.08834751653967487516894152577151544392108917236328125)))+(CAST(0.74056734712458294200843056387384422123432159423828125 AS DOUBLE))) AS BIGINT)) GROUP BY upper(((btrim(m0.t0, m0.t0))||(ascii(m0.t0)))), + (0.13693410908701009187637964714667759835720062255859375);
# SELECT m1.t0 FROM m1;
# SELECT m1.t0 FROM m1 WHERE NOT (starts_with(CAST(0.88770456549642406951505790857481770217418670654296875 AS STRING), m1.t0));
# SELECT ALL COUNT(nullif(CAST(to_timestamp(3803806936002530351) AS BIGINT), CAST(to_timestamp(5353210597052069364) AS BIGINT))) FROM m4;
#
# SELECT m2.t1, m2.t2, m2.f1, m2.f0 FROM m2 ORDER BY m2.f0 DESC, m2.t2 DESC;
# SELECT m2.t1, m2.t2, m2.f1, m2.f0 FROM m2 WHERE ((m2.t1)LIKE(btrim(lower(m2.t0), CAST(to_timestamp(2229757221744742322) AS STRING))));
#
# SELECT m0.t0, m0.f0 FROM m0;
# SELECT ALL m0.t0, m0.f0 FROM m0 WHERE ((+ (((to_hex(m0.t0))+(CAST(m0.t0 AS DOUBLE)))))!=(CAST(CAST(to_timestamp(159150806743653396) AS BIGINT) AS DOUBLE)));
# SELECT m2.f0, m2.t0, m2.f1, m2.t1 FROM m2;
# SELECT m2.f0, m2.t0, m2.f1, m2.t1 FROM m2 WHERE ((((NOT ((to_timestamp(6808244373695332686)) IN (to_timestamp(1522919180086142058), to_timestamp(6880458801968592089), to_timestamp(4282924031202170268))))OR(NOT (((m2.t0) IS NOT NULL) IS NULL))))OR((CAST(m2.t0 AS STRING)) NOT IN ('#\눤B', 'Aa
# 	&x<j>'))) UNION ALL SELECT m2.f0, m2.t0, m2.f1, m2.t1 FROM m2 WHERE NOT (((((NOT ((to_timestamp(6808244373695332686)) IN (to_timestamp(1522919180086142058), to_timestamp(6880458801968592089), to_timestamp(4282924031202170268))))OR(NOT (((m2.t0) IS NOT NULL) IS NULL))))OR((CAST(m2.t0 AS STRING)) NOT IN ('#\눤B', 'Aa
# 	&x<j>')))) UNION ALL SELECT ALL m2.f0, m2.t0, m2.f1, m2.t1 FROM m2 WHERE (((((NOT ((to_timestamp(6808244373695332686)) IN (to_timestamp(1522919180086142058), to_timestamp(6880458801968592089), to_timestamp(4282924031202170268))))OR(NOT (((m2.t0) IS NOT NULL) IS NULL))))OR((CAST(m2.t0 AS STRING)) NOT IN ('#\눤B', 'Aa
# 	&x<j>')))) IS NULL;
# SELECT ALL m4.t1 FROM m4;
# SELECT m4.t1 FROM m4 WHERE (((to_timestamp(6589795497586797551)) IN (to_timestamp(5230329806261193638), to_timestamp(7358734569037250498)))AND(CAST(CAST(+ (1665194016) AS TIMESTAMP) AS BOOLEAN))) UNION ALL SELECT ALL m4.t1 FROM m4 WHERE NOT ((((to_timestamp(6589795497586797551)) IN (to_timestamp(5230329806261193638), to_timestamp(7358734569037250498)))AND(CAST(CAST(+ (1665194016) AS TIMESTAMP) AS BOOLEAN)))) UNION ALL SELECT ALL m4.t1 FROM m4 WHERE ((((to_timestamp(6589795497586797551)) IN (to_timestamp(5230329806261193638), to_timestamp(7358734569037250498)))AND(CAST(CAST(+ (1665194016) AS TIMESTAMP) AS BOOLEAN)))) IS NULL;
# SELECT MAX(+ (((((+ (-933855729))*(abs(-1970168186))))-(2004098995)))) FROM m0;
#
# SELECT m3.f0, m3.t1, m3.t0 FROM m3;
# SELECT ALL m3.f0, m3.t1, m3.t0 FROM m3 WHERE ((((((CAST(((((m3.t1)||(to_timestamp(1690585311883110656))))||(((m3.t0)LIKE(m3.t0)))) AS BOOLEAN))OR(CAST(starts_with(m3.t0, m3.t1) AS BOOLEAN))))OR(NOT ((-901658202) NOT IN (-285620474, -1615597340)))))OR(((+ (CAST(m3.f0 AS BIGINT)))IS DISTINCT FROM(((m3.f0)*(length(m3.t1))))))) UNION ALL SELECT ALL m3.f0, m3.t1, m3.t0 FROM m3 WHERE NOT (((((((CAST(((((m3.t1)||(to_timestamp(1690585311883110656))))||(((m3.t0)LIKE(m3.t0)))) AS BOOLEAN))OR(CAST(starts_with(m3.t0, m3.t1) AS BOOLEAN))))OR(NOT ((-901658202) NOT IN (-285620474, -1615597340)))))OR(((+ (CAST(m3.f0 AS BIGINT)))IS DISTINCT FROM(((m3.f0)*(length(m3.t1)))))))) UNION ALL SELECT ALL m3.f0, m3.t1, m3.t0 FROM m3 WHERE (((((((CAST(((((m3.t1)||(to_timestamp(1690585311883110656))))||(((m3.t0)LIKE(m3.t0)))) AS BOOLEAN))OR(CAST(starts_with(m3.t0, m3.t1) AS BOOLEAN))))OR(NOT ((-901658202) NOT IN (-285620474, -1615597340)))))OR(((+ (CAST(m3.f0 AS BIGINT)))IS DISTINCT FROM(((m3.f0)*(length(m3.t1)))))))) IS NULL;
# SELECT MIN(((CAST(to_timestamp(5468993521555465265) AS BIGINT))/(CAST(to_timestamp(6173720494491910995) AS BIGINT)))) FROM m1;
# SELECT + (AVG(CAST(nullif(to_timestamp(722976227538868587), to_timestamp(3414687227154935499)) AS BIGINT))), + (to_hex(upper(m0.t0))), CAST(starts_with(((((m0.t0)||(m0.t0)))||(((m0.t0)<('<e\')))), m0.t0) AS TIMESTAMP), CAST(CAST(0.50107962728563271159742953386739827692508697509765625 AS DOUBLE) AS DOUBLE), m0.t0 FROM m0 GROUP BY CAST(((((upper(m0.t0))||(CAST(to_timestamp(9195442692708162668) AS STRING))))||(sqrt(m0.f0))) AS BIGINT), ((bit_length(upper(m0.t0)))/(abs(-792241996))), CAST(CAST(m0.f0 AS TIMESTAMP) AS TIMESTAMP);
# SELECT * FROM m2;
# SELECT ALL * FROM m2 WHERE ((((((('%&o_')||(FALSE)))||(to_timestamp(657676570944127244))))LIKE(((CAST(m2.t1 AS STRING))||(((((((((((FALSE)OR(TRUE)))AND(FALSE)))OR(TRUE)))OR(FALSE)))OR(TRUE))))))) IS TRUE;
# SELECT SUM(CAST(to_timestamp(1776482811613218723) AS BIGINT)) FROM m0;
# SELECT CAST((MAX(((+ (+ (- (m3.f0))))*(to_hex(CAST(m3.t0 AS STRING)))))) IN (1290782431, -1802715932) AS BIGINT), - (CAST(LAG(CAST(to_timestamp(5054496120248632580) AS TIMESTAMP), CAST(date_trunc(m3.t0, CAST(0.65862498508339639702313661473453976213932037353515625 AS TIMESTAMP)) AS BIGINT), to_timestamp(9057611853949500295)) OVER () AS BIGINT)) FROM m3 WHERE (((((((CAST('0.9587377467691562' AS BIGINT))<(signum(0.63102229791705999328854659324861131608486175537109375))))OR(CAST(CAST(TRUE AS BOOLEAN) AS BOOLEAN))))OR(starts_with(chr('-75347395'), ((m3.t0)||(to_timestamp(7256934518925037348))))))) IS FALSE GROUP BY ((((CAST(CAST((TRUE) IS NULL AS BIGINT) AS BOOLEAN))OR(NOT ((0.6604209726380354528174621009384281933307647705078125) NOT IN (0.1334654947254765300357348678517155349254608154296875)))))AND(CAST(btrim('*', m3.t0) AS BOOLEAN))), 0.322467290479330426222759342635981738567352294921875;
# SELECT replace(MIN(CAST(((CAST(CAST(4872214110337413850 AS BIGINT) AS BIGINT))+(- (1616668006))) AS STRING)), CAST(CAST(m4.f0 AS BIGINT) AS STRING)), 0.42713687096389685304842487312271259725093841552734375, m4.t1, CAST(to_timestamp(1187274888558003379) AS STRING), FIRST_VALUE((to_timestamp(2356460173941980803)) IS NULL) OVER () FROM m4 WHERE (lower(((m4.t1)||(m4.t0)))) BETWEEN (sha256(CAST(m4.t0 AS STRING), CAST(to_timestamp(762333916115571535) AS BIGINT))) AND (chr(- (1710550552))) GROUP BY to_timestamp(CAST(CAST(m4.f0 AS BIGINT) AS BIGINT));
# -- SELECT ALL m3.t0 FROM m3;
# SELECT m3.t0 FROM m3 WHERE ((upper(CAST(m3.f0 AS STRING)))LIKE(CAST(CAST(btrim(m3.t1, m3.t1) AS TIMESTAMP) AS STRING)));
# SELECT ALL COUNT(((CAST((((TRUE) IS TRUE)OR((to_timestamp(1790625706534557306)) IS NULL)) AS BIGINT))+(- (CAST(0.88557665748068481459398526567383669316768646240234375 AS BIGINT))))) FROM m3;
# SELECT m1.f1 FROM m1 ORDER BY m1.t0 DESC;
#
# SELECT ALL m3.t0, m3.t1 FROM m3;
# SELECT m3.t0, m3.t1 FROM m3 WHERE CAST(CAST(((lower(m3.t1))||(upper(m3.t1))) AS TIMESTAMP) AS BOOLEAN) UNION ALL SELECT ALL m3.t0, m3.t1 FROM m3 WHERE NOT (CAST(CAST(((lower(m3.t1))||(upper(m3.t1))) AS TIMESTAMP) AS BOOLEAN)) UNION ALL SELECT m3.t0, m3.t1 FROM m3 WHERE (CAST(CAST(((lower(m3.t1))||(upper(m3.t1))) AS TIMESTAMP) AS BOOLEAN)) IS NULL;
# SELECT SUM(+ (+ (((((m2.f0)%(m2.f0)))-(+ (m2.f0)))))) FROM m2;
#
#
# SELECT SUM(+ (nullif(((m1.f2)*(m1.f2)), - (m1.f2)))), CAST(to_timestamp(7471884146429218210) AS BIGINT) FROM m1 GROUP BY 6673405362770000896, - (CAST(to_timestamp(8170922657093022314) AS BIGINT)), to_timestamp(2798592998378126677);
# SELECT ALL COUNT(- (((((((m3.f0)%(m3.f0)))%(((-2077047242)-(m3.f0)))))-(((m3.f0)*(ceil(0.09536445145759275821006895057507790625095367431640625))))))), NTH_VALUE(to_timestamp(- (- (m3.f0))), CAST(NOT (TRUE) AS BIGINT)) OVER ( ORDER BY m3.t0 ASC) FROM m3 WHERE ((CAST(NOT (((m3.t0)LIKE(m3.t0))) AS STRING))LIKE(lower(((m3.t0)||(TRUE))))) GROUP BY + (CAST(CAST(to_timestamp(3215235075569632469) AS STRING) AS BIGINT)), to_timestamp(4979053746168115537);
# SELECT ALL m4.t0 FROM m4;
#
# SELECT ALL m4.t0 FROM m4;
#
# SELECT COUNT(round(nullif(cos(8241995052092137898), + (1)))) FROM m0;
# SELECT SUM(agg0) FROM (SELECT COUNT(round(nullif(cos(8241995052092137898), + (1))))  as agg0 FROM m0 WHERE (CAST(((m0.t0)LIKE(m0.t0)) AS BOOLEAN)) IN (FALSE, FALSE) UNION ALL SELECT ALL COUNT(round(nullif(cos(8241995052092137898), + (1))))  as agg0 FROM m0 WHERE NOT ((CAST(((m0.t0)LIKE(m0.t0)) AS BOOLEAN)) IN (FALSE, FALSE)) UNION ALL SELECT ALL COUNT(round(nullif(cos(8241995052092137898), + (1))))  as agg0 FROM m0 WHERE ((CAST(((m0.t0)LIKE(m0.t0)) AS BOOLEAN)) IN (FALSE, FALSE)) IS NULL) as asdf;
# SELECT ALL m0.f0 FROM m0;
# SELECT ALL m0.f0 FROM m0 WHERE NOT (starts_with(((m0.t0)||(m0.t0)), (('0(~TH>Z3')||(m0.f0)))) UNION ALL SELECT ALL m0.f0 FROM m0 WHERE NOT (NOT (starts_with(((m0.t0)||(m0.t0)), (('0(~TH>Z3')||(m0.f0))))) UNION ALL SELECT ALL m0.f0 FROM m0 WHERE (NOT (starts_with(((m0.t0)||(m0.t0)), (('0(~TH>Z3')||(m0.f0))))) IS NULL;
# SELECT ALL MAX(CAST(((((((m4.t0)||(-2042819431)))||(upper(m4.t0))))LIKE(CAST(CAST(to_timestamp(9022001652569377583) AS STRING) AS STRING))) AS STRING)) FROM m4;
# SELECT ALL m4.f0, m4.t0 FROM m4;
# SELECT ALL m4.f0, m4.t0 FROM m4 WHERE starts_with(ltrim(((m4.t0)||(to_timestamp(4806813345626914634)))), upper(m4.t1));
# SELECT ALL m3.t0, m3.f0 FROM m3;
# SELECT ALL m3.t0, m3.f0 FROM m3 WHERE CAST(starts_with(lower(m3.t0), ((m3.t0)||(to_timestamp(1385982055379311487)))) AS BOOLEAN);
# SELECT ALL m2.t0, m2.t2, m2.f1, m2.t1 FROM m2;
# SELECT m2.t0, m2.t2, m2.f1, m2.t1 FROM m2 WHERE ((((CAST(0.116398177296975990913097120937891304492950439453125 AS STRING))||(to_timestamp(6285542197722931808))))LIKE(lower(upper(m2.t1)))) UNION ALL SELECT m2.t0, m2.t2, m2.f1, m2.t1 FROM m2 WHERE NOT (((((CAST(0.116398177296975990913097120937891304492950439453125 AS STRING))||(to_timestamp(6285542197722931808))))LIKE(lower(upper(m2.t1))))) UNION ALL SELECT m2.t0, m2.t2, m2.f1, m2.t1 FROM m2 WHERE (((((CAST(0.116398177296975990913097120937891304492950439453125 AS STRING))||(to_timestamp(6285542197722931808))))LIKE(lower(upper(m2.t1))))) IS NULL;
# SELECT m1.f2, m1.f0, m1.f1, m1.t0 FROM m1 ORDER BY m1.f2 ASC, m1.t0 DESC;
# SELECT m1.f2, m1.f0, m1.f1, m1.t0 FROM m1 WHERE ((((((('ijpj李]&%C')||(m1.f0)))||(CAST(0.37948870816901791869213411700911819934844970703125 AS TIMESTAMP))))||(CAST((('0.8007534155203164')||(m1.t0)) AS STRING)))) BETWEEN (sha384(((m1.f0)||(m1.f2)), CAST(m1.f2 AS BIGINT))) AND (m1.t0) UNION ALL SELECT m1.f2, m1.f0, m1.f1, m1.t0 FROM m1 WHERE NOT (((((((('ijpj李]&%C')||(m1.f0)))||(CAST(0.37948870816901791869213411700911819934844970703125 AS TIMESTAMP))))||(CAST((('0.8007534155203164')||(m1.t0)) AS STRING)))) BETWEEN (sha384(((m1.f0)||(m1.f2)), CAST(m1.f2 AS BIGINT))) AND (m1.t0)) UNION ALL SELECT m1.f2, m1.f0, m1.f1, m1.t0 FROM m1 WHERE (((((((('ijpj李]&%C')||(m1.f0)))||(CAST(0.37948870816901791869213411700911819934844970703125 AS TIMESTAMP))))||(CAST((('0.8007534155203164')||(m1.t0)) AS STRING)))) BETWEEN (sha384(((m1.f0)||(m1.f2)), CAST(m1.f2 AS BIGINT))) AND (m1.t0)) IS NULL;
# SELECT ALL MAX(2939042495407010816) FROM m4;
# SELECT MAX(agg0) FROM (SELECT MAX(2939042495407010816)  as agg0 FROM m4 WHERE ((((((CAST(starts_with(m4.t0, m4.t0) AS STRING))!=(((((m4.t1)||(1180951840)))||((1275920973) IN (-819019883))))))OR(CAST(CAST(nullif(1109425942, -719146430) AS BIGINT) AS BOOLEAN))))OR((((replace('識', ''))||((-189139220) NOT IN (0.67229466142658733662784698026371188461780548095703125, 'Infinity')))) BETWEEN (upper(m4.t1)) AND (lower(m4.t1)))) UNION ALL SELECT ALL MAX(2939042495407010816)  as agg0 FROM m4 WHERE NOT (((((((CAST(starts_with(m4.t0, m4.t0) AS STRING))!=(((((m4.t1)||(1180951840)))||((1275920973) IN (-819019883))))))OR(CAST(CAST(nullif(1109425942, -719146430) AS BIGINT) AS BOOLEAN))))OR((((replace('識', ''))||((-189139220) NOT IN (0.67229466142658733662784698026371188461780548095703125, 'Infinity')))) BETWEEN (upper(m4.t1)) AND (lower(m4.t1))))) UNION ALL SELECT MAX(2939042495407010816)  as agg0 FROM m4 WHERE (((((((CAST(starts_with(m4.t0, m4.t0) AS STRING))!=(((((m4.t1)||(1180951840)))||((1275920973) IN (-819019883))))))OR(CAST(CAST(nullif(1109425942, -719146430) AS BIGINT) AS BOOLEAN))))OR((((replace('識', ''))||((-189139220) NOT IN (0.67229466142658733662784698026371188461780548095703125, 'Infinity')))) BETWEEN (upper(m4.t1)) AND (lower(m4.t1))))) IS NULL) as asdf;
# SELECT MIN(nullif(floor(107728388379031552), - (CAST(m1.f1 AS BIGINT)))), TRUE FROM m1 GROUP BY ((+ (CAST((m1.f1) IN (TRUE, FALSE) AS BIGINT)))/(CAST(upper(m1.t0) AS BIGINT))), to_timestamp(2203679857318095721), upper(CAST(((m1.f2)/(m1.f2)) AS STRING));
# SELECT ALL COUNT(CAST(m3.f0 AS BIGINT)) FROM m3 ORDER BY m3.t1 ASC;
# SELECT COUNT(m1.f2) FROM m1 ORDER BY m1.f0 DESC;
# SELECT MIN(((CAST(+ (round(0.72779292579755072711833463472430594265460968017578125)) AS BIGINT))%(abs(nullif(m3.f0, m3.f0))))), LEAD(CAST(0.3059345524066412469466058610123582184314727783203125 AS STRING), ((+ (round(4683132071972081664)))/(CAST(length(CAST(NULL AS STRING)) AS BIGINT))), replace((((('%')||(FALSE)))||(+ (1889832286))), regex_replace(m3.t1, m3.t0))) OVER () FROM m3 WHERE (lower(m3.t0)) IN ('䦔&udD', 'i87', 's]\m%') GROUP BY CAST(- (((+ (m3.f0))%(CAST(m3.f0 AS BIGINT)))) AS TIMESTAMP), to_timestamp(3628794761578478946);
# SELECT ALL to_timestamp(5661877427500518095), LAG(- (abs(((1217166305)%(305913132851513758)))), ((char_length(CAST(m4.t0 AS STRING)))%(- (((((1748524750)/('-1607017427')))-(((1255327327)/(216558916))))))), CAST(CAST(nullif(to_timestamp(1889832286), to_timestamp(1657476734183293259)) AS STRING) AS BIGINT)) OVER () FROM m4 GROUP BY lower(CAST(CAST(to_timestamp(8206235524349336736) AS TIMESTAMP) AS STRING)), CAST(to_timestamp(7133049195659263505) AS BIGINT);
# SELECT m3.t1, m3.t0 FROM m3;
# SELECT ALL m3.t1, m3.t0 FROM m3 WHERE (abs(- (m3.f0))) BETWEEN (((CAST(- (m3.f0) AS BIGINT))*(((+ (m3.f0))/(CAST(m3.f0 AS BIGINT)))))) AND (+ (+ (nullif(-1713569182, m3.f0)))) UNION ALL SELECT m3.t1, m3.t0 FROM m3 WHERE NOT ((abs(- (m3.f0))) BETWEEN (((CAST(- (m3.f0) AS BIGINT))*(((+ (m3.f0))/(CAST(m3.f0 AS BIGINT)))))) AND (+ (+ (nullif(-1713569182, m3.f0))))) UNION ALL SELECT ALL m3.t1, m3.t0 FROM m3 WHERE ((abs(- (m3.f0))) BETWEEN (((CAST(- (m3.f0) AS BIGINT))*(((+ (m3.f0))/(CAST(m3.f0 AS BIGINT)))))) AND (+ (+ (nullif(-1713569182, m3.f0))))) IS NULL;
#
# SELECT CAST(- (AVG(octet_length(lower(m2.t1)))) AS BIGINT), ((+ (+ (((m2.f0)*(m2.f0)))))%(to_hex(CAST(TRUE AS STRING)))), NTH_VALUE(upper(CAST(CAST(m2.t1 AS BIGINT) AS STRING)), CAST(CAST(((((m2.f0)/(m2.f0)))IS NOT DISTINCT FROM(- (m2.f0))) AS STRING) AS BIGINT)) OVER () FROM m2 GROUP BY ((CAST(CAST(((m2.f0)%(m2.f0)) AS STRING) AS DOUBLE))-(nullif(+ (m2.f1), tan(m2.f1))));
# SELECT ALL MAX(+ (CAST(to_timestamp(7091494307117128533) AS BIGINT))) FROM m2;
# SELECT SUM(nullif(char_length(m3.t1), ascii(((m3.t0)||(0.20893254958901952278438329813070595264434814453125))))) FROM m3;
# SELECT SUM(agg0) FROM (SELECT ALL SUM(nullif(char_length(m3.t1), ascii(((m3.t0)||(0.20893254958901952278438329813070595264434814453125)))))  as agg0 FROM m3 WHERE starts_with(regex_replace(m3.t1, m3.t1), left(m3.f0, m3.t1)) UNION ALL SELECT ALL SUM(nullif(char_length(m3.t1), ascii(((m3.t0)||(0.20893254958901952278438329813070595264434814453125)))))  as agg0 FROM m3 WHERE NOT (starts_with(regex_replace(m3.t1, m3.t1), left(m3.f0, m3.t1))) UNION ALL SELECT ALL SUM(nullif(char_length(m3.t1), ascii(((m3.t0)||(0.20893254958901952278438329813070595264434814453125)))))  as agg0 FROM m3 WHERE (starts_with(regex_replace(m3.t1, m3.t1), left(m3.f0, m3.t1))) IS NULL) as asdf;
#
# SELECT ALL COUNT(length(((chr(1900402180))||(nullif(to_timestamp(3128192168979835684), to_timestamp(418797746943372845)))))) FROM m4;
# SELECT m4.f0, m4.t1 FROM m4;
#
# SELECT m0.f0 FROM m0;
# SELECT m0.f0 FROM m0 WHERE NOT (FALSE) UNION ALL SELECT m0.f0 FROM m0 WHERE NOT (NOT (FALSE)) UNION ALL SELECT m0.f0 FROM m0 WHERE (NOT (FALSE)) IS NULL;
